{"cameraMode":{"drawMode":0,"name":"Shaded","section":"Shading Mode"},"sceneLighting":true,"audioPlay":false,"sceneViewState":{"m_AlwaysRefresh":false,"showFog":true,"showSkybox":true,"showFlares":true,"showImageEffects":true,"showParticleSystems":true,"showVisualEffectGraphs":true,"m_FxEnabled":true},"in2DMode":false,"pivot":{"x":213.68312072753907,"y":-15.129143714904786,"z":262.0604553222656},"rotation":{"x":0.055178314447402957,"y":-0.7713547348976135,"z":0.06752645969390869,"w":0.6304745674133301},"size":50.545074462890628,"orthographic":false}