<?xml version="1.0"?>
<COLLADA xmlns="http://www.collada.org/2005/11/COLLADASchema" version="1.4.1">
  <asset>
    <contributor>
      <author>Assimp</author>
      <authoring_tool>Assimp Exporter</authoring_tool>
    </contributor>
    <created>2020-07-29T12:37:16</created>
    <modified>2020-07-29T12:37:16</modified>
    <unit name="meter" meter="0.01" />
    <up_axis>Y_UP</up_axis>
  </asset>
  <library_effects>
    <effect id="initialShadingGroup2-fx" name="initialShadingGroup2">
      <profile_COMMON>
        <technique sid="standard">
          <phong>
            <diffuse>
              <color sid="diffuse">0.5   0.5   0.5   1</color>
            </diffuse>
          </phong>
        </technique>
      </profile_COMMON>
    </effect>
  </library_effects>
  <library_materials>
    <material id="initialShadingGroup2" name="initialShadingGroup2">
      <instance_effect url="#initialShadingGroup2-fx"/>
    </material>
  </library_materials>
  <library_geometries>
    <geometry id="meshId0" name="meshId0_name" >
      <mesh>
        <source id="meshId0-positions" name="meshId0-positions">
          <float_array id="meshId0-positions-array" count="324"> -1 0.0121075 1 -0.950005 0.0621024 0.950005 -0.950005 0.0621024 -0.950005 -1 0.0121075 -1 -0.950005 0.0621024 0.950005 -1 0.0121075 1 1 0.0121075 1 0.950005 0.0621024 0.950005 0.950005 0.0621024 0.950005 1 0.0121075 1 1 0.0121075 -1 0.950005 0.0621024 -0.950005 -1 0.0121075 -1 -0.950005 0.0621024 -0.950005 0.950005 0.0621024 -0.950005 1 0.0121075 -1 -1 -0.0762956 1 1 -0.0762956 1 1 0.0121075 1 -1 0.0121075 1 -0.638615 -0.00837907 0.638615 0.638615 -0.00837907 0.638615 0.638615 -0.00837907 -0.638615 -0.638615 -0.00837907 -0.638615 -1 0.0121075 -1 1 0.0121075 -1 1 -0.0762956 -1 -1 -0.0762956 -1 1 -0.0762956 1 1 -0.0762956 -1 1 0.0121075 -1 1 0.0121075 1 -1 -0.0762956 -1 -1 -0.0762956 1 -1 0.0121075 1 -1 0.0121075 -1 -0.894365 0.0132208 0.894365 0.894365 0.0132208 0.894365 0.69667 0.0132208 0.69667 -0.69667 0.0132208 0.69667 0.894365 0.0132208 -0.894365 0.69667 0.0132208 -0.69667 -0.894365 0.0132208 -0.894365 -0.69667 0.0132208 -0.69667 -0.69667 0.0621024 0.69667 0.69667 0.0621024 0.69667 0.638615 0.0621024 0.638615 -0.638615 0.0621024 0.638615 0.69667 0.0621024 -0.69667 0.638615 0.0621024 -0.638615 -0.69667 0.0621024 -0.69667 -0.638615 0.0621024 -0.638615 -0.638615 0.0621024 0.638615 0.638615 0.0621024 0.638615 0.638615 -0.00837907 0.638615 -0.638615 -0.00837907 0.638615 0.638615 0.0621024 0.638615 0.638615 0.0621024 -0.638615 0.638615 -0.00837907 -0.638615 0.638615 -0.00837907 0.638615 0.638615 0.0621024 -0.638615 -0.638615 0.0621024 -0.638615 -0.638615 -0.00837907 -0.638615 0.638615 -0.00837907 -0.638615 -0.638615 0.0621024 -0.638615 -0.638615 0.0621024 0.638615 -0.638615 -0.00837907 0.638615 -0.638615 -0.00837907 -0.638615 0.950005 0.0621024 0.950005 0.950005 0.0621024 -0.950005 0.894365 0.0621024 -0.894365 0.894365 0.0621024 0.894365 -0.950005 0.0621024 -0.950005 -0.894365 0.0621024 -0.894365 -0.950005 0.0621024 0.950005 -0.894365 0.0621024 0.894365 -0.894365 0.0621024 0.894365 0.894365 0.0621024 0.894365 0.894365 0.0132208 0.894365 -0.894365 0.0132208 0.894365 0.69667 0.0621024 0.69667 -0.69667 0.0621024 0.69667 -0.69667 0.0132208 0.69667 0.69667 0.0132208 0.69667 0.894365 0.0621024 0.894365 0.894365 0.0621024 -0.894365 0.894365 0.0132208 -0.894365 0.894365 0.0132208 0.894365 0.69667 0.0621024 -0.69667 0.69667 0.0621024 0.69667 0.69667 0.0132208 0.69667 0.69667 0.0132208 -0.69667 0.894365 0.0621024 -0.894365 -0.894365 0.0621024 -0.894365 -0.894365 0.0132208 -0.894365 0.894365 0.0132208 -0.894365 -0.69667 0.0621024 -0.69667 0.69667 0.0621024 -0.69667 0.69667 0.0132208 -0.69667 -0.69667 0.0132208 -0.69667 -0.894365 0.0621024 -0.894365 -0.894365 0.0621024 0.894365 -0.894365 0.0132208 0.894365 -0.894365 0.0132208 -0.894365 -0.69667 0.0621024 0.69667 -0.69667 0.0621024 -0.69667 -0.69667 0.0132208 -0.69667 -0.69667 0.0132208 0.69667 </float_array>
          <technique_common>
            <accessor count="108" offset="0" source="#meshId0-positions-array" stride="3">
              <param name="X" type="float" />
              <param name="Y" type="float" />
              <param name="Z" type="float" />
            </accessor>
          </technique_common>
        </source>
        <source id="meshId0-normals" name="meshId0-normals">
          <float_array id="meshId0-normals-array" count="324"> -0.707106 0.707107 0 -0.707106 0.707107 0 -0.707106 0.707107 0 -0.707106 0.707107 0 0 0.707108 0.707106 0 0.707108 0.707106 0 0.707108 0.707106 0 0.707108 0.707106 0.707106 0.707107 0 0.707106 0.707107 0 0.707106 0.707107 0 0.707106 0.707107 0 0 0.707108 -0.707106 0 0.707108 -0.707106 0 0.707108 -0.707106 0 0.707108 -0.707106 0 0 1 0 0 1 0 0 1 0 0 1 0 1 0 0 1 0 0 1 0 0 1 0 0 0 -1 0 0 -1 0 0 -1 0 0 -1 1 0 0 1 0 0 1 0 0 1 0 0 -1 0 0 -1 0 0 -1 0 0 -1 0 0 0 1 0 0 1 0 0 1 0 0 1 0 0 1 0 0 1 0 0 1 0 0 1 0 0 1 0 0 1 0 0 1 0 0 1 0 0 1 0 0 1 0 0 1 0 0 1 0 0 0 -1 0 0 -1 0 0 -1 0 0 -1 -1 0 0 -1 0 0 -1 0 0 -1 0 0 0 0 1 0 0 1 0 0 1 0 0 1 1 0 0 1 0 0 1 0 0 1 0 0 0 1 0 0 1 0 0 1 0 0 1 0 0 1 0 0 1 0 0 1 0 0 1 0 0 0 -1 0 0 -1 0 0 -1 0 0 -1 0 0 1 0 0 1 0 0 1 0 0 1 -1 0 0 -1 0 0 -1 0 0 -1 0 0 1 0 0 1 0 0 1 0 0 1 0 0 0 0 1 0 0 1 0 0 1 0 0 1 0 0 -1 0 0 -1 0 0 -1 0 0 -1 1 0 0 1 0 0 1 0 0 1 0 0 -1 0 0 -1 0 0 -1 0 0 -1 0 0 </float_array>
          <technique_common>
            <accessor count="108" offset="0" source="#meshId0-normals-array" stride="3">
              <param name="X" type="float" />
              <param name="Y" type="float" />
              <param name="Z" type="float" />
            </accessor>
          </technique_common>
        </source>
        <source id="meshId0-tangents" name="meshId0-tangents">
          <float_array id="meshId0-tangents-array" count="324"> -0.696924 -0.696923 -0.169103 -0.69764 -0.697639 -0.163088 -0.692101 -0.6921 0.204921 -0.694059 -0.694058 0.19122 -1 -0.000403164 0.000403165 -1 -0.0004507 0.000450702 -0.999997 -0.00165614 0.00165615 -0.999997 -0.00163537 0.00163538 -0.688843 0.688842 0.225813 -0.691498 0.691497 0.208956 -0.686371 0.68637 -0.240396 -0.687632 0.687631 -0.23308 -0.999998 -0.00149911 -0.00149911 -0.999998 -0.00147404 -0.00147405 -1 1.2797e-05 1.2797e-05 -1 -4.45627e-05 -4.45628e-05 -0.999982 -0.00593163 0 -0.999994 -0.00343467 0 -0.999994 -0.00336243 0 -0.999983 -0.00585938 0 -0.999991 0 -0.00432226 -0.999989 0 -0.00462438 -0.999988 0 -0.0049265 -0.999989 0 -0.00462438 -0.999995 -0.00297974 0 -0.999999 -0.00166769 0 -0.999999 -0.00162972 0 -0.999996 -0.00294178 0 0 0.854558 0.519357 0 0.862638 -0.505822 0 0.849474 -0.52763 0 0.867508 0.497422 0 -0.853617 0.5209 0 -0.866191 -0.499714 0 -0.85322 -0.521552 0 -0.866572 0.499052 -0.999974 0 0.00716507 -0.99993 0 -0.0117971 -0.999944 0 -0.010551 -0.999942 0 0.010723 -0.999978 0 0.00659412 -0.999948 0 0.0101616 -0.999932 0 -0.0116908 -0.999945 0 -0.0104499 -1 0 0.000840873 -0.999918 0 -0.012803 -0.999922 0 -0.0125094 -0.999999 0 0.00163702 -1 0 0.000521451 -0.999999 0 0.00134513 -0.999921 0 -0.0125624 -0.999925 0 -0.0122796 -0.999999 -0.00142764 0 -0.999983 -0.00582771 0 -0.999982 -0.00598775 0 -0.999999 -0.00158768 0 0 -0.830666 0.556771 0 -0.851918 -0.523675 0 -0.834132 -0.551565 0 -0.848626 0.528993 -0.999997 0.00235834 0 -0.999978 0.0066643 0 -0.999977 0.00682092 0 -0.999997 0.00251495 0 0 0.830215 0.557444 0 0.852151 -0.523296 0 0.834374 -0.551198 0 0.8482 0.529676 -0.999711 0 -0.0240353 -0.999807 0 0.0196537 -0.999771 0 0.021415 -0.999725 0 -0.0234431 -0.999717 0 -0.0237702 -0.999731 0 -0.0231825 -0.999797 0 0.020144 -0.99976 0 0.0218935 -0.999999 0.00130229 0 -1 -0.000794081 0 -1 -0.000831191 0 -0.999999 0.00126518 0 -0.999997 0.00244083 0 -1 -0.000335369 0 -1 -0.000398766 0 -0.999997 0.00237743 0 0 -0.839484 0.543384 0 -0.857517 -0.514456 0 -0.849232 -0.52802 0 -0.848015 0.529973 0 0.847888 -0.530176 0 0.849891 0.526958 0 0.838914 0.544264 0 0.858574 -0.512689 -1 -0.000451419 0 -0.999999 0.00154253 0 -0.999999 0.00157782 0 -1 -0.000416122 0 -0.999995 -0.00321689 0 -1 -0.000527875 0 -1 -0.000466469 0 -0.999995 -0.00315548 0 0 0.839126 0.543937 0 0.857981 -0.513681 0 0.849709 -0.527251 0 0.847664 0.530533 0 -0.848197 -0.529681 0 -0.849478 0.527624 0 -0.838486 0.544923 0 -0.858874 -0.512186 </float_array>
          <technique_common>
            <accessor count="108" offset="0" source="#meshId0-tangents-array" stride="3">
              <param name="X" type="float" />
              <param name="Y" type="float" />
              <param name="Z" type="float" />
            </accessor>
          </technique_common>
        </source>
        <source id="meshId0-bitangents" name="meshId0-bitangents">
          <float_array id="meshId0-bitangents-array" count="324"> -0.119574 -0.119574 0.985598 -0.115321 -0.115321 0.986611 0.144901 0.144901 0.978778 0.135213 0.135213 0.981547 0.000570161 -0.707106 0.707108 0.000637388 -0.707106 0.707108 0.00234214 -0.707104 0.707106 0.00231277 -0.707104 0.707106 0.159674 -0.159674 0.974171 0.147754 -0.147754 0.977925 -0.169986 0.169985 0.970675 -0.164813 0.164813 0.972458 -0.00212006 0.707104 0.707106 -0.00208461 0.707104 0.707106 1.80977e-05 0.707106 0.707108 -6.30212e-05 0.707106 0.707108 0.00593163 -0.999982 0 0.00343467 -0.999994 0 0.00336243 -0.999994 0 0.00585938 -0.999983 0 -0.00432226 0 0.999991 -0.00462438 0 0.999989 -0.0049265 0 0.999988 -0.00462438 0 0.999989 -0.00297974 0.999995 0 -0.00166769 0.999999 0 -0.00162972 0.999999 0 -0.00294178 0.999996 0 0 -0.519357 0.854558 -0 0.505822 0.862638 -0 0.52763 0.849474 0 -0.497422 0.867508 0 0.5209 0.853617 0 -0.499714 0.866191 0 -0.521552 0.85322 0 0.499052 0.866572 0.00716507 -0 0.999974 -0.0117971 0 0.99993 -0.010551 0 0.999944 0.010723 -0 0.999942 0.00659412 -0 0.999978 0.0101616 -0 0.999948 -0.0116908 0 0.999932 -0.0104499 0 0.999945 0.000840873 -0 1 -0.012803 0 0.999918 -0.0125094 0 0.999922 0.00163702 -0 0.999999 0.000521451 -0 1 0.00134513 -0 0.999999 -0.0125624 0 0.999921 -0.0122796 0 0.999925 -0.00142764 0.999999 0 -0.00582771 0.999983 0 -0.00598775 0.999982 0 -0.00158768 0.999999 0 0 0.556771 0.830666 0 -0.523675 0.851918 0 -0.551565 0.834132 0 0.528993 0.848626 -0.00235834 -0.999997 0 -0.0066643 -0.999978 0 -0.00682092 -0.999977 0 -0.00251495 -0.999997 0 0 -0.557444 0.830215 -0 0.523296 0.852151 -0 0.551198 0.834374 0 -0.529676 0.8482 -0.0240353 0 0.999711 0.0196537 -0 0.999807 0.021415 -0 0.999771 -0.0234431 0 0.999725 -0.0237702 0 0.999717 -0.0231825 0 0.999731 0.020144 -0 0.999797 0.0218935 -0 0.99976 0.00130229 0.999999 0 -0.000794081 1 0 -0.000831191 1 0 0.00126518 0.999999 0 -0.00244083 -0.999997 0 0.000335369 -1 0 0.000398766 -1 0 -0.00237743 -0.999997 0 0 0.543384 0.839484 0 -0.514456 0.857517 0 -0.52802 0.849232 0 0.529973 0.848015 -0 0.530176 0.847888 0 -0.526958 0.849891 0 -0.544264 0.838914 -0 0.512689 0.858574 0.000451419 -1 0 -0.00154253 -0.999999 0 -0.00157782 -0.999999 0 0.000416122 -1 0 -0.00321689 0.999995 0 -0.000527875 1 0 -0.000466469 1 0 -0.00315548 0.999995 0 0 -0.543937 0.839126 -0 0.513681 0.857981 -0 0.527251 0.849709 0 -0.530533 0.847664 0 -0.529681 0.848197 0 0.527624 0.849478 0 0.544923 0.838486 0 -0.512186 0.858874 </float_array>
          <technique_common>
            <accessor count="108" offset="0" source="#meshId0-bitangents-array" stride="3">
              <param name="X" type="float" />
              <param name="Y" type="float" />
              <param name="Z" type="float" />
            </accessor>
          </technique_common>
        </source>
        <source id="meshId0-tex0" name="meshId0-tex0">
          <float_array id="meshId0-tex0-array" count="216"> 0.977325 0.972554 0.958706 0.955592 0.958251 0.443949 0.975782 0.4265 0.958706 0.955592 0.977325 0.972554 0.428941 0.973737 0.446999 0.955852 0.446999 0.955852 0.428941 0.973737 0.429721 0.425452 0.44674 0.443958 0.975782 0.4265 0.958251 0.443949 0.44674 0.443958 0.429721 0.425452 0.992981 0.987308 0.413993 0.989288 0.428941 0.973737 0.977325 0.972554 0.851166 0.849569 0.553199 0.848281 0.554164 0.550113 0.851981 0.551582 0.975782 0.4265 0.429721 0.425452 0.414344 0.410399 0.990713 0.410954 0.413993 0.989288 0.414344 0.410399 0.429721 0.425452 0.428941 0.973737 0.990713 0.410954 0.992981 0.987308 0.977325 0.972554 0.975782 0.4265 0.935891 0.933307 0.469291 0.933047 0.520161 0.882682 0.885584 0.882595 0.469527 0.466277 0.519776 0.517047 0.93594 0.466771 0.885059 0.517149 0.877255 0.874939 0.52782 0.87436 0.542327 0.860151 0.863047 0.860432 0.528095 0.524717 0.542295 0.539233 0.877388 0.525481 0.862871 0.539698 0.863047 0.860432 0.542327 0.860151 0.553199 0.848281 0.851166 0.849569 0.542327 0.860151 0.542295 0.539233 0.554164 0.550113 0.553199 0.848281 0.542295 0.539233 0.862871 0.539698 0.851981 0.551582 0.554164 0.550113 0.862871 0.539698 0.863047 0.860432 0.851166 0.849569 0.851981 0.551582 0.446999 0.955852 0.44674 0.443958 0.460989 0.458346 0.461374 0.941595 0.958251 0.443949 0.943866 0.458215 0.958706 0.955592 0.944444 0.941218 0.944444 0.941218 0.461374 0.941595 0.469291 0.933047 0.935891 0.933307 0.52782 0.87436 0.877255 0.874939 0.885584 0.882595 0.520161 0.882682 0.461374 0.941595 0.460989 0.458346 0.469527 0.466277 0.469291 0.933047 0.528095 0.524717 0.52782 0.87436 0.520161 0.882682 0.519776 0.517047 0.460989 0.458346 0.943866 0.458215 0.93594 0.466771 0.469527 0.466277 0.877388 0.525481 0.528095 0.524717 0.519776 0.517047 0.885059 0.517149 0.943866 0.458215 0.944444 0.941218 0.935891 0.933307 0.93594 0.466771 0.877255 0.874939 0.877388 0.525481 0.885059 0.517149 0.885584 0.882595 </float_array>
          <technique_common>
            <accessor count="108" offset="0" source="#meshId0-tex0-array" stride="2">
              <param name="S" type="float" />
              <param name="T" type="float" />
            </accessor>
          </technique_common>
        </source>
        <vertices id="meshId0-vertices">
          <input semantic="POSITION" source="#meshId0-positions" />
        </vertices>
        <polylist count="66" material="defaultMaterial">
          <input offset="0" semantic="VERTEX" source="#meshId0-vertices" />
          <input offset="0" semantic="NORMAL" source="#meshId0-normals" />
          <input offset="0" semantic="TANGENT" source="#meshId0-tangents" />
          <input offset="0" semantic="BINORMAL" source="#meshId0-bitangents" />
          <input offset="0" semantic="TEXCOORD" source="#meshId0-tex0" set="0" />
          <vcount>3 3 3 3 3 3 3 3 3 3 3 3 3 3 3 3 3 3 3 3 3 3 3 3 3 3 3 3 3 3 3 3 3 3 3 3 3 3 3 3 3 3 3 3 3 3 3 3 3 3 3 3 3 3 3 3 3 3 3 3 3 3 3 3 3 3 </vcount>
          <p>3 0 1 1 2 3 7 4 5 5 6 7 11 8 9 9 10 11 15 12 13 13 14 15 19 16 17 17 18 19 23 20 21 21 22 23 27 24 25 25 26 27 31 28 29 29 30 31 35 32 33 33 34 35 39 36 37 37 38 39 38 37 40 40 41 38 41 40 42 42 43 41 43 42 36 36 39 43 47 44 45 45 46 47 46 45 48 48 49 46 49 48 50 50 51 49 51 50 44 44 47 51 55 52 53 53 54 55 59 56 57 57 58 59 63 60 61 61 62 63 67 64 65 65 66 67 71 68 69 69 70 71 70 69 72 72 73 70 73 72 74 74 75 73 75 74 68 68 71 75 79 76 77 77 78 79 83 80 81 81 82 83 87 84 85 85 86 87 91 88 89 89 90 91 95 92 93 93 94 95 99 96 97 97 98 99 103 100 101 101 102 103 107 104 105 105 106 107 </p>
        </polylist>
      </mesh>
    </geometry>
    <geometry id="meshId1" name="meshId1_name" >
      <mesh>
        <source id="meshId1-positions" name="meshId1-positions">
          <float_array id="meshId1-positions-array" count="60"> -0.627963 -0.000547362 0.283757 -0.295385 -0.000547362 0.283757 -0.295385 0.0677576 0.283757 -0.627963 0.0677576 0.283757 -0.627963 0.0677576 0.283757 -0.295385 0.0677576 0.283757 -0.295385 0.0677576 -0.627357 -0.627963 0.0677576 -0.627357 -0.627963 0.0677576 -0.627357 -0.295385 0.0677576 -0.627357 -0.295385 -0.000547362 -0.627357 -0.627963 -0.000547362 -0.627357 -0.295385 -0.000547362 0.283757 -0.295385 -0.000547362 -0.627357 -0.295385 0.0677576 -0.627357 -0.295385 0.0677576 0.283757 -0.627963 -0.000547362 -0.627357 -0.627963 -0.000547362 0.283757 -0.627963 0.0677576 0.283757 -0.627963 0.0677576 -0.627357 </float_array>
          <technique_common>
            <accessor count="20" offset="0" source="#meshId1-positions-array" stride="3">
              <param name="X" type="float" />
              <param name="Y" type="float" />
              <param name="Z" type="float" />
            </accessor>
          </technique_common>
        </source>
        <source id="meshId1-normals" name="meshId1-normals">
          <float_array id="meshId1-normals-array" count="60"> 0 0 1 0 0 1 0 0 1 0 0 1 0 1 0 0 1 0 0 1 0 0 1 0 0 0 -1 0 0 -1 0 0 -1 0 0 -1 1 0 0 1 0 0 1 0 0 1 0 0 -1 0 0 -1 0 0 -1 0 0 -1 0 0 </float_array>
          <technique_common>
            <accessor count="20" offset="0" source="#meshId1-normals-array" stride="3">
              <param name="X" type="float" />
              <param name="Y" type="float" />
              <param name="Z" type="float" />
            </accessor>
          </technique_common>
        </source>
        <source id="meshId1-tangents" name="meshId1-tangents">
          <float_array id="meshId1-tangents-array" count="60"> 0.522105 -0.852881 0 -0.473779 -0.880643 0 -0.582517 -0.812818 0 0.408739 -0.912651 0 0.00690027 0 0.999976 0.00730131 0 0.999973 0.00870014 0 0.999962 0.00829911 0 0.999966 -0.575303 0.81794 0 0.410173 0.912008 0 0.522976 0.852348 0 -0.466456 0.884544 0 0 -0.0216998 0.999765 0 -0.0113462 0.999936 0 -0.0108282 0.999941 0 -0.021182 0.999776 0 0.0199758 0.9998 0 0.00913261 0.999958 0 0.0085902 0.999963 0 0.0194335 0.999811 </float_array>
          <technique_common>
            <accessor count="20" offset="0" source="#meshId1-tangents-array" stride="3">
              <param name="X" type="float" />
              <param name="Y" type="float" />
              <param name="Z" type="float" />
            </accessor>
          </technique_common>
        </source>
        <source id="meshId1-bitangents" name="meshId1-bitangents">
          <float_array id="meshId1-bitangents-array" count="60"> 0.852881 0.522105 -0 0.880643 -0.473779 0 0.812818 -0.582517 0 0.912651 0.408739 -0 0.999976 0 -0.00690027 0.999973 0 -0.00730131 0.999962 0 -0.00870014 0.999966 0 -0.00829911 0.81794 0.575303 0 0.912008 -0.410173 0 0.852348 -0.522976 0 0.884544 0.466456 0 0 -0.999765 -0.0216998 0 -0.999936 -0.0113462 0 -0.999941 -0.0108282 0 -0.999776 -0.021182 0 0.9998 -0.0199758 0 0.999958 -0.00913261 0 0.999963 -0.0085902 0 0.999811 -0.0194335 </float_array>
          <technique_common>
            <accessor count="20" offset="0" source="#meshId1-bitangents-array" stride="3">
              <param name="X" type="float" />
              <param name="Y" type="float" />
              <param name="Z" type="float" />
            </accessor>
          </technique_common>
        </source>
        <source id="meshId1-tex0" name="meshId1-tex0">
          <float_array id="meshId1-tex0-array" count="40"> 0.249731 0.01307 0.250233 0.119825 0.239064 0.10785 0.240332 0.026492 0.240332 0.026492 0.239064 0.10785 0.020612 0.109799 0.020765 0.02803 0.020765 0.02803 0.020612 0.109799 0.011307 0.123292 0.009464 0.016218 0.250233 0.119825 0.011307 0.123292 0.020612 0.109799 0.239064 0.10785 0.009464 0.016218 0.249731 0.01307 0.240332 0.026492 0.020765 0.02803 </float_array>
          <technique_common>
            <accessor count="20" offset="0" source="#meshId1-tex0-array" stride="2">
              <param name="S" type="float" />
              <param name="T" type="float" />
            </accessor>
          </technique_common>
        </source>
        <vertices id="meshId1-vertices">
          <input semantic="POSITION" source="#meshId1-positions" />
        </vertices>
        <polylist count="10" material="defaultMaterial">
          <input offset="0" semantic="VERTEX" source="#meshId1-vertices" />
          <input offset="0" semantic="NORMAL" source="#meshId1-normals" />
          <input offset="0" semantic="TANGENT" source="#meshId1-tangents" />
          <input offset="0" semantic="BINORMAL" source="#meshId1-bitangents" />
          <input offset="0" semantic="TEXCOORD" source="#meshId1-tex0" set="0" />
          <vcount>3 3 3 3 3 3 3 3 3 3 </vcount>
          <p>3 0 1 1 2 3 7 4 5 5 6 7 11 8 9 9 10 11 15 12 13 13 14 15 19 16 17 17 18 19 </p>
        </polylist>
      </mesh>
    </geometry>
    <geometry id="meshId2" name="meshId2_name" >
      <mesh>
        <source id="meshId2-positions" name="meshId2-positions">
          <float_array id="meshId2-positions-array" count="60"> 0.286728 -0.0146161 0.626664 0.286728 -0.0146161 0.294086 0.286728 0.0536889 0.294086 0.286728 0.0536889 0.626664 0.286728 0.0536889 0.626664 0.286728 0.0536889 0.294086 -0.624385 0.0536889 0.294086 -0.624385 0.0536889 0.626664 -0.624385 0.0536889 0.626664 -0.624385 0.0536889 0.294086 -0.624385 -0.0146161 0.294086 -0.624385 -0.0146161 0.626664 0.286728 -0.0146161 0.294086 -0.624385 -0.0146161 0.294086 -0.624385 0.0536889 0.294086 0.286728 0.0536889 0.294086 -0.624385 -0.0146161 0.626664 0.286728 -0.0146161 0.626664 0.286728 0.0536889 0.626664 -0.624385 0.0536889 0.626664 </float_array>
          <technique_common>
            <accessor count="20" offset="0" source="#meshId2-positions-array" stride="3">
              <param name="X" type="float" />
              <param name="Y" type="float" />
              <param name="Z" type="float" />
            </accessor>
          </technique_common>
        </source>
        <source id="meshId2-normals" name="meshId2-normals">
          <float_array id="meshId2-normals-array" count="60"> 1 0 0 1 0 0 1 0 0 1 0 0 0 1 0 0 1 0 0 1 0 0 1 0 -1 0 0 -1 0 0 -1 0 0 -1 0 0 0 0 -1 0 0 -1 0 0 -1 0 0 -1 0 0 1 0 0 1 0 0 1 0 0 1 </float_array>
          <technique_common>
            <accessor count="20" offset="0" source="#meshId2-normals-array" stride="3">
              <param name="X" type="float" />
              <param name="Y" type="float" />
              <param name="Z" type="float" />
            </accessor>
          </technique_common>
        </source>
        <source id="meshId2-tangents" name="meshId2-tangents">
          <float_array id="meshId2-tangents-array" count="60"> 0 -0.852196 -0.523223 0 -0.881524 0.472139 0 -0.813925 0.58097 0 -0.912097 -0.409974 0.999939 0 -0.0110514 0.999935 0 -0.0114423 0.999918 0 -0.012806 0.999923 0 -0.012415 0 0.819029 0.573752 0 0.911449 -0.411413 0 0.851657 -0.524099 0 0.885408 0.464815 0.999605 -0.0281028 0 0.999864 -0.016474 0 0.999874 -0.0158922 0 0.999621 -0.0275213 0 0.999649 0.0265018 0 0.999897 0.0143275 0 0.999906 0.0137185 0 0.999665 0.0258929 0 </float_array>
          <technique_common>
            <accessor count="20" offset="0" source="#meshId2-tangents-array" stride="3">
              <param name="X" type="float" />
              <param name="Y" type="float" />
              <param name="Z" type="float" />
            </accessor>
          </technique_common>
        </source>
        <source id="meshId2-bitangents" name="meshId2-bitangents">
          <float_array id="meshId2-bitangents-array" count="60"> 0 0.523223 -0.852196 0 -0.472139 -0.881524 0 -0.58097 -0.813925 0 0.409974 -0.912097 -0.0110514 0 -0.999939 -0.0114423 0 -0.999935 -0.012806 0 -0.999918 -0.012415 0 -0.999923 0 0.573752 -0.819029 -0 -0.411413 -0.911449 -0 -0.524099 -0.851657 0 0.464815 -0.885408 -0.0281028 -0.999605 -0 -0.016474 -0.999864 -0 -0.0158922 -0.999874 -0 -0.0275213 -0.999621 -0 -0.0265018 0.999649 0 -0.0143275 0.999897 0 -0.0137185 0.999906 0 -0.0258929 0.999665 0 </float_array>
          <technique_common>
            <accessor count="20" offset="0" source="#meshId2-bitangents-array" stride="3">
              <param name="X" type="float" />
              <param name="Y" type="float" />
              <param name="Z" type="float" />
            </accessor>
          </technique_common>
        </source>
        <source id="meshId2-tex0" name="meshId2-tex0">
          <float_array id="meshId2-tex0-array" count="40"> 0.874021 0.248772 0.875058 0.365166 0.862826 0.352161 0.863835 0.263449 0.863835 0.263449 0.862826 0.352161 0.624654 0.355289 0.624445 0.266135 0.624445 0.266135 0.624654 0.355289 0.614571 0.370043 0.61207 0.253308 0.875058 0.365166 0.614571 0.370043 0.624654 0.355289 0.862826 0.352161 0.61207 0.253308 0.874021 0.248772 0.863835 0.263449 0.624445 0.266135 </float_array>
          <technique_common>
            <accessor count="20" offset="0" source="#meshId2-tex0-array" stride="2">
              <param name="S" type="float" />
              <param name="T" type="float" />
            </accessor>
          </technique_common>
        </source>
        <vertices id="meshId2-vertices">
          <input semantic="POSITION" source="#meshId2-positions" />
        </vertices>
        <polylist count="10" material="defaultMaterial">
          <input offset="0" semantic="VERTEX" source="#meshId2-vertices" />
          <input offset="0" semantic="NORMAL" source="#meshId2-normals" />
          <input offset="0" semantic="TANGENT" source="#meshId2-tangents" />
          <input offset="0" semantic="BINORMAL" source="#meshId2-bitangents" />
          <input offset="0" semantic="TEXCOORD" source="#meshId2-tex0" set="0" />
          <vcount>3 3 3 3 3 3 3 3 3 3 </vcount>
          <p>3 0 1 1 2 3 7 4 5 5 6 7 11 8 9 9 10 11 15 12 13 13 14 15 19 16 17 17 18 19 </p>
        </polylist>
      </mesh>
    </geometry>
    <geometry id="meshId3" name="meshId3_name" >
      <mesh>
        <source id="meshId3-positions" name="meshId3-positions">
          <float_array id="meshId3-positions-array" count="60"> 0.629635 -0.000866209 -0.283379 0.297057 -0.000866209 -0.283379 0.297057 0.0674388 -0.283379 0.629635 0.0674388 -0.283379 0.629635 0.0674388 -0.283379 0.297057 0.0674388 -0.283379 0.297057 0.0674388 0.627734 0.629635 0.0674388 0.627734 0.629635 0.0674388 0.627734 0.297057 0.0674388 0.627734 0.297057 -0.000866209 0.627734 0.629635 -0.000866209 0.627734 0.297057 -0.000866209 -0.283379 0.297057 -0.000866209 0.627734 0.297057 0.0674388 0.627734 0.297057 0.0674388 -0.283379 0.629635 -0.000866209 0.627734 0.629635 -0.000866209 -0.283379 0.629635 0.0674388 -0.283379 0.629635 0.0674388 0.627734 </float_array>
          <technique_common>
            <accessor count="20" offset="0" source="#meshId3-positions-array" stride="3">
              <param name="X" type="float" />
              <param name="Y" type="float" />
              <param name="Z" type="float" />
            </accessor>
          </technique_common>
        </source>
        <source id="meshId3-normals" name="meshId3-normals">
          <float_array id="meshId3-normals-array" count="60"> 0 0 -1 0 0 -1 0 0 -1 0 0 -1 0 1 0 0 1 0 0 1 0 0 1 0 0 0 1 0 0 1 0 0 1 0 0 1 -1 0 0 -1 0 0 -1 0 0 -1 0 0 1 0 0 1 0 0 1 0 0 1 0 0 </float_array>
          <technique_common>
            <accessor count="20" offset="0" source="#meshId3-normals-array" stride="3">
              <param name="X" type="float" />
              <param name="Y" type="float" />
              <param name="Z" type="float" />
            </accessor>
          </technique_common>
        </source>
        <source id="meshId3-tangents" name="meshId3-tangents">
          <float_array id="meshId3-tangents-array" count="60"> -0.52192 -0.852994 0 0.474052 -0.880497 0 0.582774 -0.812634 0 -0.408535 -0.912742 0 -0.00620332 0 -0.999981 -0.006605 0 -0.999978 -0.00800609 0 -0.999968 -0.00760441 0 -0.999971 0.575577 0.817748 0 -0.409973 0.912098 0 -0.522796 0.852458 0 0.466745 0.884392 0 0 -0.0206249 -0.999787 0 -0.0104766 -0.999945 0 -0.00996894 -0.99995 0 -0.0201174 -0.999798 0 0.0188837 -0.999822 0 0.00825775 -0.999966 0 0.00772622 -0.99997 0 0.0183523 -0.999831 </float_array>
          <technique_common>
            <accessor count="20" offset="0" source="#meshId3-tangents-array" stride="3">
              <param name="X" type="float" />
              <param name="Y" type="float" />
              <param name="Z" type="float" />
            </accessor>
          </technique_common>
        </source>
        <source id="meshId3-bitangents" name="meshId3-bitangents">
          <float_array id="meshId3-bitangents-array" count="60"> -0.852994 0.52192 0 -0.880497 -0.474052 -0 -0.812634 -0.582774 -0 -0.912742 0.408535 0 -0.999981 0 0.00620332 -0.999978 0 0.006605 -0.999968 0 0.00800609 -0.999971 0 0.00760441 -0.817748 0.575577 0 -0.912098 -0.409973 0 -0.852458 -0.522796 0 -0.884392 0.466745 0 0 -0.999787 0.0206249 0 -0.999945 0.0104766 0 -0.99995 0.00996894 0 -0.999798 0.0201174 -0 0.999822 0.0188837 -0 0.999966 0.00825775 -0 0.99997 0.00772622 -0 0.999831 0.0183523 </float_array>
          <technique_common>
            <accessor count="20" offset="0" source="#meshId3-bitangents-array" stride="3">
              <param name="X" type="float" />
              <param name="Y" type="float" />
              <param name="Z" type="float" />
            </accessor>
          </technique_common>
        </source>
        <source id="meshId3-tex0" name="meshId3-tex0">
          <float_array id="meshId3-tex0-array" count="40"> 0.98792 0.007128 0.988363 0.118081 0.976764 0.105627 0.978142 0.021071 0.978142 0.021071 0.976764 0.105627 0.749721 0.107491 0.749941 0.022508 0.749941 0.022508 0.749721 0.107491 0.740041 0.121508 0.738205 0.010223 0.988363 0.118081 0.740041 0.121508 0.749721 0.107491 0.976764 0.105627 0.738205 0.010223 0.98792 0.007128 0.978142 0.021071 0.749941 0.022508 </float_array>
          <technique_common>
            <accessor count="20" offset="0" source="#meshId3-tex0-array" stride="2">
              <param name="S" type="float" />
              <param name="T" type="float" />
            </accessor>
          </technique_common>
        </source>
        <vertices id="meshId3-vertices">
          <input semantic="POSITION" source="#meshId3-positions" />
        </vertices>
        <polylist count="10" material="defaultMaterial">
          <input offset="0" semantic="VERTEX" source="#meshId3-vertices" />
          <input offset="0" semantic="NORMAL" source="#meshId3-normals" />
          <input offset="0" semantic="TANGENT" source="#meshId3-tangents" />
          <input offset="0" semantic="BINORMAL" source="#meshId3-bitangents" />
          <input offset="0" semantic="TEXCOORD" source="#meshId3-tex0" set="0" />
          <vcount>3 3 3 3 3 3 3 3 3 3 </vcount>
          <p>3 0 1 1 2 3 7 4 5 5 6 7 11 8 9 9 10 11 15 12 13 13 14 15 19 16 17 17 18 19 </p>
        </polylist>
      </mesh>
    </geometry>
    <geometry id="meshId4" name="meshId4_name" >
      <mesh>
        <source id="meshId4-positions" name="meshId4-positions">
          <float_array id="meshId4-positions-array" count="60"> 0.630706 0.00799065 -0.296032 0.630706 0.00799065 -0.62861 0.630706 0.0762956 -0.62861 0.630706 0.0762956 -0.296032 0.630706 0.0762956 -0.296032 0.630706 0.0762956 -0.62861 -0.280408 0.0762956 -0.62861 -0.280408 0.0762956 -0.296032 -0.280408 0.0762956 -0.296032 -0.280408 0.0762956 -0.62861 -0.280408 0.00799065 -0.62861 -0.280408 0.00799065 -0.296032 0.630706 0.00799065 -0.62861 -0.280408 0.00799065 -0.62861 -0.280408 0.0762956 -0.62861 0.630706 0.0762956 -0.62861 -0.280408 0.00799065 -0.296032 0.630706 0.00799065 -0.296032 0.630706 0.0762956 -0.296032 -0.280408 0.0762956 -0.296032 </float_array>
          <technique_common>
            <accessor count="20" offset="0" source="#meshId4-positions-array" stride="3">
              <param name="X" type="float" />
              <param name="Y" type="float" />
              <param name="Z" type="float" />
            </accessor>
          </technique_common>
        </source>
        <source id="meshId4-normals" name="meshId4-normals">
          <float_array id="meshId4-normals-array" count="60"> 1 0 0 1 0 0 1 0 0 1 0 0 0 1 0 0 1 0 0 1 0 0 1 0 -1 0 0 -1 0 0 -1 0 0 -1 0 0 0 0 -1 0 0 -1 0 0 -1 0 0 -1 0 0 1 0 0 1 0 0 1 0 0 1 </float_array>
          <technique_common>
            <accessor count="20" offset="0" source="#meshId4-normals-array" stride="3">
              <param name="X" type="float" />
              <param name="Y" type="float" />
              <param name="Z" type="float" />
            </accessor>
          </technique_common>
        </source>
        <source id="meshId4-tangents" name="meshId4-tangents">
          <float_array id="meshId4-tangents-array" count="60"> 0 0.00964445 -0.999953 0 -0.0197998 -0.999804 0 -0.0241575 -0.999708 0 0.00528583 -0.999986 0.0163845 0 -0.999866 0.0132898 0 -0.999912 0.00249463 0 -0.999997 0.00558957 0 -0.999984 0 0.00361722 -0.999993 0 -0.0337651 -0.99943 0 -0.0392955 -0.999228 0 -0.00191683 -0.999998 -0.528887 -0.848692 0 0.456532 -0.889707 0 0.494296 -0.869294 0 -0.491975 -0.870609 0 -0.531231 0.847227 0 0.458358 0.888768 0 0.496187 0.868216 0 -0.494273 0.869307 0 </float_array>
          <technique_common>
            <accessor count="20" offset="0" source="#meshId4-tangents-array" stride="3">
              <param name="X" type="float" />
              <param name="Y" type="float" />
              <param name="Z" type="float" />
            </accessor>
          </technique_common>
        </source>
        <source id="meshId4-bitangents" name="meshId4-bitangents">
          <float_array id="meshId4-bitangents-array" count="60"> -0 0.999953 0.00964445 0 0.999804 -0.0197998 0 0.999708 -0.0241575 -0 0.999986 0.00528583 -0.999866 0 -0.0163845 -0.999912 0 -0.0132898 -0.999997 0 -0.00249463 -0.999984 0 -0.00558957 -0 -0.999993 -0.00361722 0 -0.99943 0.0337651 0 -0.999228 0.0392955 0 -0.999998 0.00191683 -0.848692 0.528887 0 -0.889707 -0.456532 -0 -0.869294 -0.494296 -0 -0.870609 0.491975 0 -0.847227 -0.531231 0 -0.888768 0.458358 0 -0.868216 0.496187 0 -0.869307 -0.494273 0 </float_array>
          <technique_common>
            <accessor count="20" offset="0" source="#meshId4-bitangents-array" stride="3">
              <param name="X" type="float" />
              <param name="Y" type="float" />
              <param name="Z" type="float" />
            </accessor>
          </technique_common>
        </source>
        <source id="meshId4-tex0" name="meshId4-tex0">
          <float_array id="meshId4-tex0-array" count="40"> 0.881507 0.122262 0.988315 0.12182 0.976328 0.132988 0.89493 0.131674 0.89493 0.131674 0.976328 0.132988 0.978155 0.35155 0.896346 0.351351 0.896346 0.351351 0.978155 0.35155 0.99165 0.360867 0.884522 0.362651 0.988315 0.12182 0.99165 0.360867 0.978155 0.35155 0.976328 0.132988 0.884522 0.362651 0.881507 0.122262 0.89493 0.131674 0.896346 0.351351 </float_array>
          <technique_common>
            <accessor count="20" offset="0" source="#meshId4-tex0-array" stride="2">
              <param name="S" type="float" />
              <param name="T" type="float" />
            </accessor>
          </technique_common>
        </source>
        <vertices id="meshId4-vertices">
          <input semantic="POSITION" source="#meshId4-positions" />
        </vertices>
        <polylist count="10" material="defaultMaterial">
          <input offset="0" semantic="VERTEX" source="#meshId4-vertices" />
          <input offset="0" semantic="NORMAL" source="#meshId4-normals" />
          <input offset="0" semantic="TANGENT" source="#meshId4-tangents" />
          <input offset="0" semantic="BINORMAL" source="#meshId4-bitangents" />
          <input offset="0" semantic="TEXCOORD" source="#meshId4-tex0" set="0" />
          <vcount>3 3 3 3 3 3 3 3 3 3 </vcount>
          <p>3 0 1 1 2 3 7 4 5 5 6 7 11 8 9 9 10 11 15 12 13 13 14 15 19 16 17 17 18 19 </p>
        </polylist>
      </mesh>
    </geometry>
    <geometry id="meshId5" name="meshId5_name" >
      <mesh>
        <source id="meshId5-positions" name="meshId5-positions">
          <float_array id="meshId5-positions-array" count="132"> 0.286728 -0.0201242 0.278038 0.286728 -0.0201242 -0.284633 0.286728 0.0481809 -0.284633 0.286728 0.0481809 0.278038 -0.280408 -0.0201242 0.278038 0.286728 -0.0201242 0.278038 0.286728 0.0481809 0.278038 -0.280408 0.0481809 0.278038 0.286728 -0.0201242 -0.284633 -0.280408 -0.0201242 -0.284633 -0.280408 0.0481809 -0.284633 0.286728 0.0481809 -0.284633 0.00234357 0.0481809 -0.209876 0.286728 0.0481809 -0.284633 -0.280408 0.0481809 -0.284633 0.286728 0.0481809 0.278038 0.00397657 0.0481809 0.203281 -0.280408 0.0481809 0.278038 -0.280408 0.0481809 0.278038 -0.280408 0.0481809 -0.284633 -0.280408 -0.0201242 -0.284633 -0.280408 -0.0201242 0.278038 0.209739 0.0481809 -0.00248071 0.209739 0.0724018 -0.00248071 0.00397657 0.0724018 0.203281 0.00397657 0.0481809 0.203281 0.00234357 0.0481809 -0.209876 0.00234357 0.0724018 -0.209876 0.209739 0.0724018 -0.00248071 0.209739 0.0481809 -0.00248071 0.00397657 0.0724018 0.203281 0.209739 0.0724018 -0.00248071 0.00234357 0.0724018 -0.209876 -0.203419 0.0724018 -0.00411386 0.00397657 0.0481809 0.203281 0.00397657 0.0724018 0.203281 -0.203419 0.0724018 -0.00411386 -0.203419 0.0481809 -0.00411386 -0.203419 0.0481809 -0.00411386 -0.203419 0.0724018 -0.00411386 0.00234357 0.0724018 -0.209876 0.00234357 0.0481809 -0.209876 0.209739 0.0481809 -0.00248071 -0.203419 0.0481809 -0.00411386 </float_array>
          <technique_common>
            <accessor count="44" offset="0" source="#meshId5-positions-array" stride="3">
              <param name="X" type="float" />
              <param name="Y" type="float" />
              <param name="Z" type="float" />
            </accessor>
          </technique_common>
        </source>
        <source id="meshId5-normals" name="meshId5-normals">
          <float_array id="meshId5-normals-array" count="132"> 1 0 0 1 0 0 1 0 0 1 0 0 0 0 1 0 0 1 0 0 1 0 0 1 0 0 -1 0 0 -1 0 0 -1 0 0 -1 0 1 0 0 1 0 0 1 0 0 1 0 0 1 0 0 1 0 -1 0 0 -1 0 0 -1 0 0 -1 0 0 0.707107 0 0.707107 0.707107 0 0.707107 0.707107 0 0.707107 0.707107 0 0.707107 0.707107 0 -0.707107 0.707107 0 -0.707107 0.707107 0 -0.707107 0.707107 0 -0.707107 0 1 0 0 1 0 0 1 0 0 1 0 -0.707107 0 0.707107 -0.707107 0 0.707107 -0.707107 0 0.707107 -0.707107 0 0.707107 -0.707107 0 -0.707107 -0.707107 0 -0.707107 -0.707107 0 -0.707107 -0.707107 0 -0.707107 0 1 0 0 1 0 </float_array>
          <technique_common>
            <accessor count="44" offset="0" source="#meshId5-normals-array" stride="3">
              <param name="X" type="float" />
              <param name="Y" type="float" />
              <param name="Z" type="float" />
            </accessor>
          </technique_common>
        </source>
        <source id="meshId5-tangents" name="meshId5-tangents">
          <float_array id="meshId5-tangents-array" count="132"> 0 0.00874247 0.999962 0 0.016933 0.999857 0 0.0176154 0.999845 0 0.00942487 0.999956 0.522304 -0.852759 0 -0.476705 -0.879063 0 -0.538347 -0.842723 0 0.459985 -0.887927 0 0.514811 0.857304 0 -0.478889 0.877875 0 -0.540221 0.841523 0 0.452419 0.891805 0 -0.0129436 0 0.999916 -0.0206361 0 0.999787 -0.00211411 0 0.999998 -0.00308567 0 0.999995 -0.00955142 0 0.999954 -0.0135967 0 0.999908 0 -0.00921785 0.999957 0 0.00275119 0.999996 0 0.00374835 0.999993 0 -0.00822072 0.999966 -0.552601 -0.62391 0.552601 -0.534553 -0.654605 0.534553 -0.0427149 -0.998174 0.0427149 -0.0708519 -0.994967 0.0708519 -0.0570742 0.996737 -0.0570742 -0.024622 0.999394 -0.024622 0.572987 0.585979 0.572987 0.553339 0.622601 0.553339 -0.0020614 0 0.999998 -0.00305421 0 0.999995 -0.00405706 0 0.999992 -0.00306425 0 0.999995 -0.0380102 -0.998554 -0.0380102 -0.00606433 -0.999963 -0.00606433 0.573694 -0.584593 0.573694 0.554429 -0.620659 0.554429 -0.553798 0.621783 0.553798 -0.536303 0.651735 0.536303 -0.0644829 0.995833 0.0644829 -0.0917851 0.99154 0.0917851 -0.0121459 0 0.999926 -0.00681544 0 0.999977 </float_array>
          <technique_common>
            <accessor count="44" offset="0" source="#meshId5-tangents-array" stride="3">
              <param name="X" type="float" />
              <param name="Y" type="float" />
              <param name="Z" type="float" />
            </accessor>
          </technique_common>
        </source>
        <source id="meshId5-bitangents" name="meshId5-bitangents">
          <float_array id="meshId5-bitangents-array" count="132"> 0 -0.999962 0.00874247 0 -0.999857 0.016933 0 -0.999845 0.0176154 0 -0.999956 0.00942487 0.852759 0.522304 -0 0.879063 -0.476705 0 0.842723 -0.538347 0 0.887927 0.459985 -0 0.857304 -0.514811 0 0.877875 0.478889 0 0.841523 0.540221 0 0.891805 -0.452419 0 0.999916 -0 0.0129436 0.999787 -0 0.0206361 0.999998 -0 0.00211411 0.999995 -0 0.00308567 0.999954 -0 0.00955142 0.999908 -0 0.0135967 0 0.999957 0.00921785 0 0.999996 -0.00275119 0 0.999993 -0.00374835 0 0.999966 0.00822072 0.441171 -0.781496 -0.441171 0.462875 -0.755972 -0.462875 0.705815 -0.0604079 -0.705815 0.703548 -0.1002 -0.703548 0.7048 0.0807151 0.7048 0.706678 0.0348208 0.706678 0.41435 -0.810326 0.41435 0.440246 -0.782539 0.440246 0.999998 -0 0.0020614 0.999995 -0 0.00305421 0.999992 -0 0.00405706 0.999995 -0 0.00306425 0.706084 -0.0537545 0.706084 0.707081 -0.00857626 0.707081 0.41337 0.811326 0.41337 0.438872 0.784081 0.438872 0.439667 0.783189 -0.439667 0.460846 0.758447 -0.460846 0.70416 0.0911926 -0.70416 0.701124 0.129804 -0.701124 0.999926 -0 0.0121459 0.999977 -0 0.00681544 </float_array>
          <technique_common>
            <accessor count="44" offset="0" source="#meshId5-bitangents-array" stride="3">
              <param name="X" type="float" />
              <param name="Y" type="float" />
              <param name="Z" type="float" />
            </accessor>
          </technique_common>
        </source>
        <source id="meshId5-tex0" name="meshId5-tex0">
          <float_array id="meshId5-tex0-array" count="88"> 0.692315 0.242315 0.485501 0.241323 0.499446 0.226371 0.677154 0.228541 0.692117 0.03416 0.692315 0.242315 0.677154 0.228541 0.678635 0.049515 0.485501 0.241323 0.486739 0.034585 0.501912 0.048349 0.499446 0.226371 0.523172 0.137444 0.499446 0.226371 0.501912 0.048349 0.677154 0.228541 0.655696 0.139016 0.678635 0.049515 0.678635 0.049515 0.501912 0.048349 0.486739 0.034585 0.692117 0.03416 0.588926 0.204286 0.589435 0.197481 0.648856 0.13872 0.655696 0.139016 0.523172 0.137444 0.529988 0.137891 0.589435 0.197481 0.588926 0.204286 0.648856 0.13872 0.589435 0.197481 0.529988 0.137891 0.589353 0.079248 0.655696 0.139016 0.648856 0.13872 0.589353 0.079248 0.589687 0.072432 0.589687 0.072432 0.589353 0.079248 0.529988 0.137891 0.523172 0.137444 0.588926 0.204286 0.589687 0.072432 </float_array>
          <technique_common>
            <accessor count="44" offset="0" source="#meshId5-tex0-array" stride="2">
              <param name="S" type="float" />
              <param name="T" type="float" />
            </accessor>
          </technique_common>
        </source>
        <vertices id="meshId5-vertices">
          <input semantic="POSITION" source="#meshId5-positions" />
        </vertices>
        <polylist count="26" material="defaultMaterial">
          <input offset="0" semantic="VERTEX" source="#meshId5-vertices" />
          <input offset="0" semantic="NORMAL" source="#meshId5-normals" />
          <input offset="0" semantic="TANGENT" source="#meshId5-tangents" />
          <input offset="0" semantic="BINORMAL" source="#meshId5-bitangents" />
          <input offset="0" semantic="TEXCOORD" source="#meshId5-tex0" set="0" />
          <vcount>3 3 3 3 3 3 3 3 3 3 3 3 3 3 3 3 3 3 3 3 3 3 3 3 3 3 </vcount>
          <p>3 0 1 1 2 3 7 4 5 5 6 7 11 8 9 9 10 11 12 13 14 15 16 17 21 18 19 19 20 21 25 22 23 23 24 25 29 26 27 27 28 29 33 30 31 31 32 33 37 34 35 35 36 37 41 38 39 39 40 41 15 13 42 17 43 14 17 16 43 15 42 16 42 13 12 14 43 12 </p>
        </polylist>
      </mesh>
    </geometry>
    <geometry id="meshId6" name="meshId6_name" >
      <mesh>
        <source id="meshId6-positions" name="meshId6-positions">
          <float_array id="meshId6-positions-array" count="600"> -0.698218 0.0421452 0.853881 -0.756292 0.0421452 0.795807 -0.7622 0.0463225 0.795807 -0.698216 0.0463225 0.859791 -0.698216 0.0463225 0.859791 -0.542822 0.0463225 0.704253 -0.542824 0.0421452 0.698344 -0.698218 0.0421452 0.853881 -0.542822 0.0463225 0.704253 -0.387285 0.0463225 0.859791 -0.387286 0.0421452 0.853881 -0.542824 0.0421452 0.698344 -0.698219 0.0463225 0.887361 -0.789773 0.0463225 0.795807 -0.795681 0.0421452 0.795807 -0.698218 0.0421452 0.89327 -0.698218 0.0421452 0.89327 -0.542824 0.0421452 0.737733 -0.542825 0.0463225 0.731824 -0.698219 0.0463225 0.887361 -0.542824 0.0421452 0.737733 -0.387286 0.0421452 0.89327 -0.387288 0.0463225 0.887361 -0.542825 0.0463225 0.731824 -0.387285 0.0463225 0.859791 -0.231891 0.0463225 0.704253 -0.231892 0.0421452 0.698344 -0.387286 0.0421452 0.853881 -0.231891 0.0463225 0.704253 -0.0763536 0.0463225 0.859791 -0.0763549 0.0421452 0.853881 -0.231892 0.0421452 0.698344 -0.387286 0.0421452 0.89327 -0.231892 0.0421452 0.737733 -0.231894 0.0463225 0.731824 -0.387288 0.0463225 0.887361 -0.231892 0.0421452 0.737733 -0.0763549 0.0421452 0.89327 -0.0763563 0.0463225 0.887361 -0.231894 0.0463225 0.731824 -0.0763536 0.0463225 0.859791 0.0790403 0.0463225 0.704253 0.0790389 0.0421452 0.698344 -0.0763549 0.0421452 0.853881 0.0790403 0.0463225 0.704253 0.234578 0.0463225 0.859791 0.234576 0.0421452 0.853881 0.0790389 0.0421452 0.698344 -0.0763549 0.0421452 0.89327 0.0790389 0.0421452 0.737733 0.0790376 0.0463225 0.731824 -0.0763563 0.0463225 0.887361 0.0790389 0.0421452 0.737733 0.234576 0.0421452 0.89327 0.234575 0.0463225 0.887361 0.0790376 0.0463225 0.731824 0.234578 0.0463225 0.859791 0.389972 0.0463225 0.704253 0.38997 0.0421452 0.698344 0.234576 0.0421452 0.853881 0.389972 0.0463225 0.704253 0.545509 0.0463225 0.859791 0.545508 0.0421452 0.853882 0.38997 0.0421452 0.698344 0.234576 0.0421452 0.89327 0.38997 0.0421452 0.737733 0.389969 0.0463225 0.731824 0.234575 0.0463225 0.887361 0.38997 0.0421452 0.737733 0.545508 0.0421452 0.89327 0.545506 0.0463225 0.887362 0.389969 0.0463225 0.731824 0.7009 0.0463225 0.731824 0.545506 0.0463225 0.887362 0.545508 0.0421452 0.89327 0.700902 0.0421452 0.737733 0.700902 0.0421452 0.737733 0.758976 0.0421452 0.795807 0.764884 0.0463225 0.795807 0.7009 0.0463225 0.731824 0.700902 0.0421452 0.698344 0.545508 0.0421452 0.853882 0.545509 0.0463225 0.859791 0.700903 0.0463225 0.704253 0.700903 0.0463225 0.704253 0.792457 0.0463225 0.795807 0.798365 0.0421452 0.795807 0.700902 0.0421452 0.698344 -0.542824 0.0421452 0.737733 -0.698218 0.0421452 0.89327 -0.698218 0.0103129 0.89327 -0.542824 0.0103129 0.737733 -0.542822 0.0463225 0.704253 -0.698216 0.0463225 0.859791 -0.698219 0.0463225 0.887361 -0.542825 0.0463225 0.731824 -0.698218 0.0103129 0.853881 -0.698218 0.0421452 0.853881 -0.542824 0.0421452 0.698344 -0.542824 0.0103129 0.698344 -0.756292 0.0103129 0.795807 -0.756292 0.0421452 0.795807 -0.698218 0.0421452 0.853881 -0.698218 0.0103129 0.853881 -0.7622 0.0463225 0.795807 -0.789773 0.0463225 0.795807 -0.795681 0.0421452 0.795807 -0.795681 0.0103129 0.795807 -0.698218 0.0103129 0.89327 -0.698218 0.0421452 0.89327 -0.231892 0.0421452 0.737733 -0.387286 0.0421452 0.89327 -0.387286 0.0103129 0.89327 -0.231892 0.0103129 0.737733 -0.231891 0.0463225 0.704253 -0.387285 0.0463225 0.859791 -0.387288 0.0463225 0.887361 -0.231894 0.0463225 0.731824 -0.387286 0.0103129 0.853881 -0.387286 0.0421452 0.853881 -0.231892 0.0421452 0.698344 -0.231892 0.0103129 0.698344 -0.542824 0.0103129 0.698344 -0.542824 0.0421452 0.698344 -0.387286 0.0421452 0.853881 -0.387286 0.0103129 0.853881 -0.542824 0.0421452 0.737733 -0.542824 0.0103129 0.737733 -0.387286 0.0103129 0.89327 -0.387286 0.0421452 0.89327 0.0790389 0.0421452 0.737733 -0.0763549 0.0421452 0.89327 -0.0763549 0.0103129 0.89327 0.0790389 0.0103129 0.737733 0.0790403 0.0463225 0.704253 -0.0763536 0.0463225 0.859791 -0.0763563 0.0463225 0.887361 0.0790376 0.0463225 0.731824 -0.0763549 0.0103129 0.853881 -0.0763549 0.0421452 0.853881 0.0790389 0.0421452 0.698344 0.0790389 0.0103129 0.698344 -0.231892 0.0103129 0.698344 -0.231892 0.0421452 0.698344 -0.0763549 0.0421452 0.853881 -0.0763549 0.0103129 0.853881 -0.231892 0.0421452 0.737733 -0.231892 0.0103129 0.737733 -0.0763549 0.0103129 0.89327 -0.0763549 0.0421452 0.89327 0.38997 0.0421452 0.737733 0.234576 0.0421452 0.89327 0.234576 0.0103129 0.89327 0.38997 0.0103129 0.737733 0.389972 0.0463225 0.704253 0.234578 0.0463225 0.859791 0.234575 0.0463225 0.887361 0.389969 0.0463225 0.731824 0.234576 0.0103129 0.853881 0.234576 0.0421452 0.853881 0.38997 0.0421452 0.698344 0.38997 0.0103129 0.698344 0.0790389 0.0103129 0.698344 0.0790389 0.0421452 0.698344 0.234576 0.0421452 0.853881 0.234576 0.0103129 0.853881 0.0790389 0.0421452 0.737733 0.0790389 0.0103129 0.737733 0.234576 0.0103129 0.89327 0.234576 0.0421452 0.89327 0.700902 0.0421452 0.737733 0.545508 0.0421452 0.89327 0.545508 0.0103129 0.89327 0.700902 0.0103129 0.737733 0.758976 0.0103129 0.795807 0.758976 0.0421452 0.795807 0.700902 0.0421452 0.737733 0.700902 0.0103129 0.737733 0.700903 0.0463225 0.704253 0.545509 0.0463225 0.859791 0.545506 0.0463225 0.887362 0.7009 0.0463225 0.731824 0.764884 0.0463225 0.795807 0.792457 0.0463225 0.795807 0.545508 0.0103129 0.853882 0.545508 0.0421452 0.853882 0.700902 0.0421452 0.698344 0.700902 0.0103129 0.698344 0.798365 0.0421452 0.795807 0.798365 0.0103129 0.795807 0.700902 0.0103129 0.698344 0.700902 0.0421452 0.698344 0.38997 0.0103129 0.698344 0.38997 0.0421452 0.698344 0.545508 0.0421452 0.853882 0.545508 0.0103129 0.853882 0.38997 0.0421452 0.737733 0.38997 0.0103129 0.737733 0.545508 0.0103129 0.89327 0.545508 0.0421452 0.89327 </float_array>
          <technique_common>
            <accessor count="200" offset="0" source="#meshId6-positions-array" stride="3">
              <param name="X" type="float" />
              <param name="Y" type="float" />
              <param name="Z" type="float" />
            </accessor>
          </technique_common>
        </source>
        <source id="meshId6-normals" name="meshId6-normals">
          <float_array id="meshId6-normals-array" count="600"> 0.499988 0.707123 -0.49999 0.499988 0.707123 -0.49999 0.499988 0.707123 -0.49999 0.499988 0.707123 -0.49999 -0.500229 0.70711 -0.499767 -0.500229 0.70711 -0.499767 -0.500229 0.70711 -0.499767 -0.500229 0.70711 -0.499767 0.500001 0.707105 -0.500001 0.500002 0.707104 -0.500002 0.500001 0.707105 -0.500001 0.500002 0.707104 -0.500002 -0.500001 0.707106 0.499999 -0.500001 0.707106 0.499999 -0.500001 0.707106 0.499999 -0.500001 0.707106 0.5 0.50023 0.707108 0.499767 0.50023 0.707108 0.499767 0.50023 0.707108 0.499767 0.50023 0.707108 0.499767 -0.5 0.707107 0.5 -0.5 0.707107 0.5 -0.5 0.707107 0.5 -0.5 0.707107 0.5 -0.500229 0.70711 -0.499767 -0.500229 0.70711 -0.499767 -0.500229 0.70711 -0.499767 -0.500229 0.70711 -0.499767 0.500001 0.707105 -0.500002 0.500001 0.707105 -0.500002 0.500001 0.707105 -0.500002 0.500001 0.707105 -0.500002 0.50023 0.707108 0.499767 0.50023 0.707108 0.499767 0.50023 0.707108 0.499767 0.50023 0.707108 0.499767 -0.5 0.707107 0.5 -0.5 0.707107 0.5 -0.5 0.707107 0.5 -0.5 0.707107 0.5 -0.500229 0.70711 -0.499767 -0.500229 0.70711 -0.499767 -0.500229 0.70711 -0.499767 -0.500229 0.70711 -0.499767 0.499998 0.707109 -0.499999 0.499998 0.707109 -0.499999 0.499998 0.707109 -0.499999 0.499998 0.707109 -0.499999 0.50023 0.707108 0.499767 0.50023 0.707108 0.499767 0.50023 0.707108 0.499767 0.50023 0.707108 0.499767 -0.499999 0.707107 0.5 -0.499999 0.707107 0.5 -0.499999 0.707107 0.5 -0.499999 0.707107 0.5 -0.500228 0.70711 -0.499767 -0.500228 0.70711 -0.499767 -0.500228 0.70711 -0.499767 -0.500228 0.70711 -0.499767 0.499999 0.707108 -0.499999 0.499999 0.707108 -0.499999 0.499999 0.707108 -0.499999 0.499999 0.707108 -0.499999 0.50023 0.707108 0.499767 0.50023 0.707108 0.499767 0.50023 0.707108 0.499767 0.50023 0.707108 0.499767 -0.5 0.707107 0.5 -0.5 0.707107 0.5 -0.5 0.707107 0.5 -0.5 0.707107 0.5 0.500229 0.70711 0.499766 0.500229 0.70711 0.499766 0.500229 0.70711 0.499766 0.500229 0.70711 0.499766 -0.499997 0.707111 0.499997 -0.499997 0.707111 0.499997 -0.499997 0.707111 0.499997 -0.499997 0.707111 0.499997 -0.500229 0.707109 -0.499767 -0.500229 0.707109 -0.499767 -0.500229 0.707109 -0.499767 -0.500229 0.707109 -0.499767 0.499999 0.707109 -0.499998 0.499999 0.707109 -0.499999 0.499999 0.707109 -0.499998 0.499999 0.707109 -0.499999 0.707434 0 0.70678 0.707434 0 0.70678 0.707434 0 0.70678 0.707434 0 0.70678 0 1 0 0 1 0 0 1 0 0 1 0 -0.707433 0 -0.70678 -0.707433 0 -0.70678 -0.707433 0 -0.70678 -0.707433 0 -0.70678 0.707107 0 -0.707106 0.707107 0 -0.707106 0.707107 0 -0.707106 0.707107 0 -0.707106 0 1 0 0 1 0 -0.707107 2e-06 0.707107 -0.707107 2e-06 0.707106 -0.707107 2e-06 0.707107 -0.707107 2e-06 0.707107 0.707434 0 0.70678 0.707434 0 0.70678 0.707434 0 0.70678 0.707434 0 0.70678 0 1 0 0 1 0 0 1 0 0 1 0 -0.707433 0 -0.70678 -0.707433 0 -0.70678 -0.707433 0 -0.70678 -0.707433 0 -0.70678 0.707107 0 -0.707107 0.707107 0 -0.707107 0.707107 0 -0.707107 0.707107 0 -0.707107 -0.707107 0 0.707106 -0.707107 0 0.707106 -0.707107 0 0.707106 -0.707107 0 0.707106 0.707434 0 0.70678 0.707434 0 0.70678 0.707434 0 0.70678 0.707434 0 0.70678 0 1 0 0 1 0 0 1 0 0 1 0 -0.707433 0 -0.70678 -0.707433 0 -0.70678 -0.707433 0 -0.70678 -0.707433 0 -0.70678 0.707107 0 -0.707107 0.707107 0 -0.707107 0.707107 0 -0.707107 0.707107 0 -0.707107 -0.707107 0 0.707106 -0.707107 0 0.707106 -0.707107 0 0.707106 -0.707107 0 0.707106 0.707434 0 0.70678 0.707434 0 0.70678 0.707434 0 0.70678 0.707434 0 0.70678 0 1 0 0 1 0 0 1 0 0 1 0 -0.707433 0 -0.70678 -0.707433 0 -0.70678 -0.707433 0 -0.70678 -0.707433 0 -0.70678 0.707107 0 -0.707107 0.707107 0 -0.707107 0.707107 0 -0.707107 0.707107 0 -0.707107 -0.707107 0 0.707107 -0.707107 0 0.707107 -0.707107 0 0.707107 -0.707107 0 0.707107 0.707434 0 0.70678 0.707434 0 0.70678 0.707434 0 0.70678 0.707434 0 0.70678 -0.707106 0 0.707107 -0.707106 0 0.707107 -0.707106 0 0.707107 -0.707106 0 0.707107 0 1 0 0 1 0 0 1 0 0 1 0 0 1 0 0 1 0 -0.707433 0 -0.70678 -0.707433 0 -0.70678 -0.707433 0 -0.70678 -0.707433 0 -0.70678 0.707106 0 -0.707107 0.707106 0 -0.707107 0.707106 0 -0.707107 0.707106 0 -0.707107 0.707107 0 -0.707107 0.707107 0 -0.707107 0.707107 0 -0.707107 0.707107 0 -0.707107 -0.707107 0 0.707106 -0.707107 0 0.707106 -0.707107 0 0.707106 -0.707107 0 0.707106 </float_array>
          <technique_common>
            <accessor count="200" offset="0" source="#meshId6-normals-array" stride="3">
              <param name="X" type="float" />
              <param name="Y" type="float" />
              <param name="Z" type="float" />
            </accessor>
          </technique_common>
        </source>
        <source id="meshId6-tangents" name="meshId6-tangents">
          <float_array id="meshId6-tangents-array" count="600"> -0.0402168 -0.557753 -0.829032 0.204923 -0.657538 -0.725017 0.212558 -0.659873 -0.720685 -0.0221929 -0.566682 -0.823637 -0.0460931 -0.598096 -0.800098 -0.0117325 -0.582651 -0.812638 -0.0112966 -0.582449 -0.812789 -0.0456577 -0.597906 -0.800265 -0.0112674 -0.571992 -0.820182 -0.00799515 -0.573559 -0.819125 -0.00790187 -0.573603 -0.819095 -0.0111749 -0.572037 -0.820152 -0.0372814 0.55924 -0.828167 0.0385003 0.594928 -0.802856 0.0400599 0.595616 -0.80227 -0.033711 0.561022 -0.827114 -0.0366329 0.593936 -0.803678 -0.0157192 0.584491 -0.811248 -0.0154539 0.584369 -0.811341 -0.0363678 0.593818 -0.803777 -0.0154873 0.569957 -0.821528 -0.00311127 0.57588 -0.817528 -0.00276014 0.576046 -0.817413 -0.0151362 0.570127 -0.821417 -0.00792362 -0.580883 -0.813948 -0.00508836 -0.57956 -0.814914 -0.0050524 -0.579543 -0.814926 -0.00788766 -0.580866 -0.813961 -0.00503326 -0.57497 -0.818159 -0.00226837 -0.576281 -0.817248 -0.00218992 -0.576319 -0.817222 -0.00495482 -0.575008 -0.818133 -0.00274848 0.578464 -0.815703 -0.00612476 0.580045 -0.814561 -0.00616758 0.580065 -0.814547 -0.0027913 0.578484 -0.815689 -0.00615468 0.574434 -0.818528 0.00270108 0.578621 -0.815592 0.00295233 0.578739 -0.815508 -0.00590342 0.574554 -0.818445 -0.00217628 -0.578194 -0.815897 0.000355399 -0.577001 -0.816743 0.000387502 -0.576986 -0.816754 -0.00214417 -0.578179 -0.815907 0.000378725 -0.577527 -0.816372 0.00315101 -0.57883 -0.815442 0.00322968 -0.578867 -0.815416 0.000457393 -0.577564 -0.816345 0.00293993 0.57578 -0.817599 -0.000707387 0.577504 -0.816388 -0.000753646 0.577526 -0.816372 0.00289367 0.575802 -0.817584 -0.000765892 0.576989 -0.816752 0.00787404 0.581038 -0.813838 0.00811916 0.581152 -0.813754 -0.000520787 0.577105 -0.81667 0.00324406 -0.575635 -0.817701 0.00522063 -0.574696 -0.818351 0.0052457 -0.574684 -0.818359 0.00326913 -0.575623 -0.817709 0.0052444 -0.57981 -0.814735 0.00217389 -0.578372 -0.81577 0.00208679 -0.578331 -0.8158 0.0051573 -0.57977 -0.814764 0.00805085 0.573347 -0.819273 0.00441879 0.575078 -0.818087 0.00437272 0.5751 -0.818072 0.00800479 0.573369 -0.819258 0.00436565 0.579401 -0.815031 0.00884486 0.58149 -0.813506 0.00897195 0.581549 -0.813462 0.00449273 0.57946 -0.814988 -0.0192916 0.586126 -0.80999 0.0085107 0.573125 -0.819423 0.00886326 0.572957 -0.819538 -0.0189391 0.585965 -0.810115 -0.0171378 0.569154 -0.822053 0.219336 0.661918 -0.716768 0.22669 0.664078 -0.712469 0.000310321 0.577492 -0.816396 -0.0205372 -0.586696 -0.809547 0.00179768 -0.57632 -0.817222 0.00208094 -0.576186 -0.817316 -0.020254 -0.586567 -0.809648 -0.0208747 -0.567339 -0.823219 0.0719993 -0.60929 -0.789672 0.073906 -0.610081 -0.788885 -0.0164961 -0.569467 -0.821849 -0.00716649 0.999949 0.00717312 0.0282388 0.999202 -0.0282649 0.0318023 0.998987 -0.0318317 -0.0035999 0.999987 0.00360323 -0.00542838 0 -0.999985 -0.0499672 0 -0.998751 -0.0664 0 -0.997793 -0.00671995 0 -0.999977 0.0301008 -0.999093 -0.0301286 0.0272124 -0.999258 -0.0272375 -0.00147827 -0.999998 0.00147963 0.00141247 -0.999998 -0.00141377 -0.311768 -0.897553 -0.311768 -0.236928 -0.942194 -0.236928 0.0282909 -0.999199 0.0282909 -0.0529211 -0.997195 -0.0529212 0.346383 0 -0.938093 0.258482 0 -0.966016 -0.355006 0.864835 -0.355008 -0.305374 0.901938 -0.305377 0.0299627 0.999102 0.0299599 -0.026176 0.999314 -0.0261788 -0.00252029 0.999994 0.00252262 -0.00328645 0.999989 0.00328949 -0.00336365 0.999989 0.00336676 -0.00259749 0.999993 0.00259989 0.000995389 0 -1 -0.0052444 0 -0.999986 -0.00537392 0 -0.999986 0.000834993 0 -1 -0.0227071 -0.999484 0.0227281 -0.0201264 -0.999594 0.020145 0.00550127 -0.99997 -0.00550635 0.00291939 -0.999991 -0.00292208 -0.0014941 -0.999998 -0.0014941 -0.00343896 -0.999988 -0.00343896 -0.0227493 -0.999482 -0.0227493 -0.0208054 -0.999567 -0.0208054 -0.00736432 0.999946 -0.00736433 -0.00700055 0.999951 -0.00700056 -0.00338826 0.999988 -0.00338827 -0.00375205 0.999986 -0.00375206 0.00343828 0.999988 -0.00344146 0.00225789 0.999995 -0.00225998 0.00213895 0.999995 -0.00214093 0.00331935 0.999989 -0.00332242 0.00563904 0 -0.999984 -0.000273194 0 -1 -0.00042675 0 -1 0.00548693 0 -0.999985 -0.0167744 -0.999718 0.0167899 -0.0142121 -0.999798 0.0142253 0.0112275 -0.999874 -0.0112379 0.00866489 -0.999925 -0.0086729 0.00549824 -0.99997 0.00549824 0.00346779 -0.999988 0.00346779 -0.0166954 -0.999721 -0.0166954 -0.0146654 -0.999785 -0.0146654 -0.00253251 0.999994 -0.00253251 -0.00210491 0.999996 -0.00210491 0.00214109 0.999995 0.00214109 0.00171348 0.999997 0.00171348 0.00923434 0.999915 -0.00924288 0.00805276 0.999935 -0.00806021 0.0079337 0.999937 -0.00794104 0.00911528 0.999917 -0.00912372 0.00998362 0 -0.99995 0.00444408 0 -0.99999 0.0043004 0 -0.999991 0.00978678 0 -0.999952 -0.0106731 -0.999886 0.010683 -0.00812388 -0.999934 0.00813138 0.0171823 -0.999704 -0.0171982 0.0146335 -0.999786 -0.014647 0.0111559 -0.999875 0.0111559 0.0091693 -0.999916 0.0091693 -0.0105611 -0.999888 -0.0105611 -0.00857442 -0.999926 -0.00857442 0.00343386 0.999988 0.00343386 0.00384205 0.999985 0.00384205 0.00789522 0.999938 0.00789522 0.00748704 0.999944 0.00748704 0.071674 0.994845 -0.0717403 0.0186725 0.999651 -0.0186898 0.0133263 0.999822 -0.0133387 0.066352 0.995584 -0.0664134 -0.278092 0.919418 -0.278092 -0.201664 0.958469 -0.201664 0.0654386 0.995709 0.0654385 -0.0157745 0.999751 -0.0157745 -0.0439263 0 -0.999035 0.00511331 0 -0.999987 0.00607762 0 -0.999982 -0.0273171 0 -0.999627 0.37741 0 -0.926046 0.288064 0 -0.957611 -0.00370366 -0.999986 0.00370709 0.00198914 -0.999996 -0.00199097 0.0584815 -0.996571 -0.0585355 0.0528063 -0.997205 -0.0528551 -0.336952 -0.879163 -0.336951 -0.28616 -0.914454 -0.286159 0.0541034 -0.997069 0.0541033 -0.00244995 -0.999994 -0.00244996 0.016983 -0.999712 0.016983 0.0150926 -0.999772 0.0150926 -0.00368414 -0.999986 -0.00368414 -0.00179328 -0.999997 -0.00179328 0.00917999 0.999916 0.00918 0.00956942 0.999908 0.00956943 0.0134362 0.999819 0.0134362 0.0130468 0.99983 0.0130468 </float_array>
          <technique_common>
            <accessor count="200" offset="0" source="#meshId6-tangents-array" stride="3">
              <param name="X" type="float" />
              <param name="Y" type="float" />
              <param name="Z" type="float" />
            </accessor>
          </technique_common>
        </source>
        <source id="meshId6-bitangents" name="meshId6-bitangents">
          <float_array id="meshId6-bitangents-array" count="600"> -0.865098 0.434614 -0.250431 -0.841438 0.26004 -0.473667 -0.839542 0.254057 -0.480233 -0.865748 0.422905 -0.267641 -0.864666 -0.377196 0.331778 -0.865814 -0.400641 0.299755 -0.86582 -0.400935 0.299346 -0.864689 -0.377497 0.331375 -0.865951 0.415726 -0.278029 -0.865988 0.413561 -0.281127 -0.865989 0.4135 -0.281215 -0.865952 0.415665 -0.278118 -0.865222 -0.432725 -0.253259 -0.865168 -0.382179 -0.324689 -0.865098 -0.381106 -0.326136 -0.865368 -0.430414 -0.256674 -0.865117 0.383716 0.323008 -0.86575 0.397955 0.303495 -0.865754 0.398134 0.303247 -0.865128 0.383898 0.322762 -0.865887 -0.418508 -0.274027 -0.86602 -0.41032 -0.28574 -0.866021 -0.410086 -0.286071 -0.865893 -0.418277 -0.27436 -0.865857 -0.403201 0.296177 -0.865878 -0.4051 0.29351 -0.865879 -0.405125 0.293477 -0.865857 -0.403225 0.296144 -0.86601 0.411597 -0.283927 -0.866022 0.409759 -0.286537 -0.866022 0.409707 -0.286611 -0.866011 0.411545 -0.284001 -0.865888 0.406666 0.291309 -0.865871 0.404407 0.294487 -0.86587 0.404379 0.294527 -0.865888 0.406637 0.291349 -0.866004 -0.412341 -0.282865 -0.866021 -0.406446 -0.29122 -0.86602 -0.406278 -0.291457 -0.866005 -0.412174 -0.283103 -0.865891 -0.407047 0.290768 -0.865893 -0.408736 0.288381 -0.865893 -0.408757 0.288351 -0.865891 -0.407069 0.290738 -0.866026 0.407995 -0.28903 -0.866021 0.406144 -0.291642 -0.86602 0.406091 -0.291716 -0.866026 0.407942 -0.289104 -0.865887 0.410457 0.285944 -0.865892 0.408028 0.289385 -0.865892 0.407997 0.289429 -0.865888 0.410427 0.285987 -0.866026 -0.408758 -0.287952 -0.86599 -0.402981 -0.296086 -0.865988 -0.402817 -0.296317 -0.866026 -0.408595 -0.288184 -0.865888 -0.410658 0.285655 -0.865878 -0.411971 0.283787 -0.865878 -0.411988 0.283764 -0.865888 -0.410675 0.285631 -0.86601 0.404744 -0.293613 -0.866023 0.406798 -0.290723 -0.866023 0.406856 -0.29064 -0.866011 0.404803 -0.293531 -0.865855 0.413849 0.281113 -0.865881 0.41144 0.284547 -0.865881 0.411409 0.28459 -0.865855 0.413818 0.281156 -0.866014 -0.405333 -0.292787 -0.86598 -0.40233 -0.296999 -0.865979 -0.402245 -0.297118 -0.866014 -0.405248 -0.292907 -0.865678 0.395539 0.306839 -0.865851 0.414153 0.280676 -0.865848 0.414386 0.280342 -0.865686 0.395778 0.306509 -0.865858 -0.419593 -0.272457 -0.837792 -0.248715 -0.486052 -0.835832 -0.242888 -0.492332 -0.866027 -0.408041 -0.288964 -0.865649 -0.394695 0.308005 -0.865891 -0.409697 0.287021 -0.865891 -0.409885 0.286754 -0.865656 -0.394887 0.30774 -0.865774 0.422046 -0.268908 -0.863028 0.358835 -0.355556 -0.862867 0.357489 -0.3573 -0.865869 0.419171 -0.273068 -0.706743 -0.0101396 0.707397 -0.706215 0.0399541 0.706869 -0.706064 0.044996 0.706717 -0.706771 -0.00509338 0.707424 -0.999985 0 0.00542838 -0.998751 0 0.0499672 -0.997793 0 0.0664 -0.999977 0 0.00671995 -0.706139 -0.0425886 0.706791 -0.706256 -0.0385019 0.706909 -0.706779 0.00209155 0.707432 -0.706779 -0.00199845 0.707432 -0.634665 0.440906 -0.634666 -0.666232 0.335067 -0.666232 -0.70654 -0.0400094 -0.706541 -0.705123 0.0748418 -0.705124 -0.938093 0 -0.346383 -0.966016 0 -0.258482 -0.611531 -0.502056 -0.61153 -0.637766 -0.431867 -0.637766 -0.706472 0.0423717 -0.706472 -0.706622 -0.0370204 -0.706622 -0.706775 -0.00356588 0.707429 -0.706772 -0.00464989 0.707426 -0.706772 -0.00475911 0.707426 -0.706775 -0.00367511 0.707429 -1 0 -0.000995389 -0.999986 0 0.0052444 -0.999986 0 0.00537392 -1 0 -0.000834993 -0.706415 0.0321276 0.707068 -0.706494 0.0284762 0.707146 -0.706759 -0.00778356 0.707412 -0.706774 -0.00413055 0.707427 -0.707105 0.00211297 -0.707105 -0.707098 0.00486342 -0.707098 -0.706741 0.0321724 -0.706741 -0.706801 0.0294233 -0.706801 -0.707068 -0.0104147 -0.707069 -0.707072 -0.00990028 -0.707073 -0.707098 -0.00479173 -0.707099 -0.707096 -0.00530621 -0.707097 -0.706771 0.00486472 0.707425 -0.706776 0.00319461 0.70743 -0.706776 0.00302633 0.70743 -0.706772 0.00469644 0.707426 -0.999984 0 -0.00563904 -1 0 0.000273194 -1 0 0.00042675 -0.999985 0 -0.00548693 -0.706581 0.0237335 0.707234 -0.706637 0.0201083 0.70729 -0.706691 -0.0158854 0.707344 -0.706727 -0.0122597 0.70738 -0.707085 -0.00777569 -0.707085 -0.707098 -0.0049042 -0.707098 -0.70691 0.0236108 -0.70691 -0.706955 0.02074 -0.706955 -0.707102 -0.00358151 -0.707103 -0.707103 -0.00297679 -0.707104 -0.707103 0.00302795 -0.707104 -0.707104 0.00242323 -0.707105 -0.706719 0.0130654 0.707373 -0.706734 0.0113936 0.707388 -0.706735 0.0112251 0.707389 -0.706721 0.0128969 0.707375 -0.99995 0 -0.00998362 -0.99999 0 -0.00444408 -0.999991 0 -0.0043004 -0.999952 0 -0.00978678 -0.7067 0.015101 0.707352 -0.706733 0.0114942 0.707386 -0.706571 -0.0243107 0.707224 -0.706629 -0.0207045 0.707282 -0.707019 -0.0157769 -0.707019 -0.707047 -0.0129674 -0.707047 -0.707028 0.0149356 -0.707028 -0.707055 0.0121261 -0.707055 -0.707098 0.00485621 -0.707098 -0.707096 0.00543348 -0.707096 -0.707063 0.0111655 -0.707063 -0.707067 0.0105883 -0.707067 -0.703136 0.101409 0.703787 -0.706533 0.0264192 0.707187 -0.706654 0.018855 0.707308 -0.703658 0.0938793 0.704309 -0.650127 -0.393282 -0.650126 -0.677741 -0.285196 -0.67774 -0.704073 0.0925441 -0.704072 -0.706931 -0.0223086 -0.70693 -0.999035 0 0.0439263 -0.999987 0 -0.00511331 -0.999982 0 -0.00607762 -0.999627 0 0.0273171 -0.926046 0 -0.37741 -0.957611 0 -0.288064 -0.70677 0.00524019 0.707423 -0.706777 -0.00281436 0.70743 -0.704357 -0.0827435 0.705007 -0.704805 -0.0747139 0.705456 -0.621662 0.476521 -0.621662 -0.646617 0.404691 -0.646616 -0.705034 -0.0765137 -0.705033 -0.707103 0.00346476 -0.707102 -0.706903 -0.0240176 -0.706903 -0.706946 -0.0213442 -0.706946 -0.707097 0.00521015 -0.707097 -0.707105 0.00253608 -0.707105 -0.707047 0.0129825 -0.707048 -0.707042 0.0135332 -0.707042 -0.706979 0.0190016 -0.70698 -0.706986 0.0184509 -0.706987 </float_array>
          <technique_common>
            <accessor count="200" offset="0" source="#meshId6-bitangents-array" stride="3">
              <param name="X" type="float" />
              <param name="Y" type="float" />
              <param name="Z" type="float" />
            </accessor>
          </technique_common>
        </source>
        <source id="meshId6-tex0" name="meshId6-tex0">
          <float_array id="meshId6-tex0-array" count="400"> 0.310758 0.78928 0.324763 0.819694 0.323389 0.822017 0.308084 0.789437 0.308084 0.789437 0.337419 0.713335 0.339868 0.713296 0.310758 0.78928 0.337419 0.713335 0.306006 0.638406 0.308651 0.638379 0.339868 0.713296 0.2992 0.790312 0.319962 0.832271 0.31853 0.834834 0.29673 0.790439 0.29673 0.790439 0.326247 0.713463 0.328898 0.713409 0.2992 0.790312 0.326247 0.713463 0.294927 0.638488 0.297368 0.638479 0.328898 0.713409 0.306006 0.638406 0.336306 0.562975 0.338761 0.562958 0.308651 0.638379 0.336306 0.562975 0.305431 0.487775 0.308076 0.487768 0.338761 0.562958 0.294927 0.638488 0.325109 0.562984 0.327763 0.562963 0.297368 0.638479 0.325109 0.562984 0.294348 0.487771 0.29679 0.487782 0.327763 0.562963 0.305431 0.487775 0.336285 0.412569 0.338739 0.412571 0.308076 0.487768 0.336285 0.412569 0.305962 0.337145 0.308608 0.337157 0.338739 0.412571 0.294348 0.487771 0.325088 0.412497 0.327741 0.412495 0.29679 0.487782 0.325088 0.412497 0.294881 0.33706 0.297322 0.337089 0.327741 0.412495 0.305962 0.337145 0.337369 0.262159 0.339822 0.262178 0.308608 0.337157 0.337369 0.262159 0.307579 0.186561 0.310224 0.186569 0.339822 0.262178 0.294881 0.33706 0.326174 0.262011 0.328827 0.262027 0.297322 0.337089 0.326174 0.262011 0.29653 0.186449 0.298967 0.186481 0.328827 0.262027 0.330301 0.111104 0.298967 0.186481 0.29653 0.186449 0.327621 0.11117 0.327621 0.11117 0.314686 0.080329 0.316098 0.078011 0.330301 0.111104 0.341603 0.110453 0.310224 0.186569 0.307579 0.186561 0.339123 0.110524 0.339123 0.110524 0.319825 0.067879 0.321344 0.065381 0.341603 0.110453 0.326247 0.713463 0.29673 0.790439 0.284759 0.789941 0.313722 0.713576 0.337419 0.713335 0.308084 0.789437 0.2992 0.790312 0.328898 0.713409 0.323315 0.789752 0.310758 0.78928 0.339868 0.713296 0.35187 0.713273 0.3363 0.814905 0.324763 0.819694 0.310758 0.78928 0.323315 0.789752 0.323389 0.822017 0.319962 0.832271 0.31853 0.834834 0.306838 0.840786 0.284759 0.789941 0.29673 0.790439 0.325109 0.562984 0.294927 0.638488 0.282865 0.63854 0.312582 0.563023 0.336306 0.562975 0.306006 0.638406 0.297368 0.638479 0.327763 0.562963 0.321234 0.63803 0.308651 0.638379 0.338761 0.562958 0.350769 0.563043 0.35187 0.713273 0.339868 0.713296 0.308651 0.638379 0.321234 0.63803 0.326247 0.713463 0.313722 0.713576 0.282865 0.63854 0.294927 0.638488 0.325088 0.412497 0.294348 0.487771 0.282286 0.487738 0.31256 0.412444 0.336285 0.412569 0.305431 0.487775 0.29679 0.487782 0.327741 0.412495 0.320664 0.487511 0.308076 0.487768 0.338739 0.412571 0.350747 0.412744 0.350769 0.563043 0.338761 0.562958 0.308076 0.487768 0.320664 0.487511 0.325109 0.562984 0.312582 0.563023 0.282286 0.487738 0.294348 0.487771 0.326174 0.262011 0.294881 0.33706 0.282819 0.336938 0.313648 0.261869 0.337369 0.262159 0.305962 0.337145 0.297322 0.337089 0.328827 0.262027 0.321197 0.336994 0.308608 0.337157 0.339822 0.262178 0.351828 0.262442 0.350747 0.412744 0.338739 0.412571 0.308608 0.337157 0.321197 0.336994 0.325088 0.412497 0.31256 0.412444 0.282819 0.336938 0.294881 0.33706 0.327621 0.11117 0.29653 0.186449 0.284462 0.186241 0.315188 0.110059 0.302998 0.084557 0.314686 0.080329 0.327621 0.11117 0.315188 0.110059 0.339123 0.110524 0.307579 0.186561 0.298967 0.186481 0.330301 0.111104 0.316098 0.078011 0.319825 0.067879 0.322805 0.186512 0.310224 0.186569 0.341603 0.110453 0.353499 0.111368 0.321344 0.065381 0.333175 0.059739 0.353499 0.111368 0.341603 0.110453 0.351828 0.262442 0.339822 0.262178 0.310224 0.186569 0.322805 0.186512 0.326174 0.262011 0.313648 0.261869 0.284462 0.186241 0.29653 0.186449 </float_array>
          <technique_common>
            <accessor count="200" offset="0" source="#meshId6-tex0-array" stride="2">
              <param name="S" type="float" />
              <param name="T" type="float" />
            </accessor>
          </technique_common>
        </source>
        <vertices id="meshId6-vertices">
          <input semantic="POSITION" source="#meshId6-positions" />
        </vertices>
        <polylist count="110" material="defaultMaterial">
          <input offset="0" semantic="VERTEX" source="#meshId6-vertices" />
          <input offset="0" semantic="NORMAL" source="#meshId6-normals" />
          <input offset="0" semantic="TANGENT" source="#meshId6-tangents" />
          <input offset="0" semantic="BINORMAL" source="#meshId6-bitangents" />
          <input offset="0" semantic="TEXCOORD" source="#meshId6-tex0" set="0" />
          <vcount>3 3 3 3 3 3 3 3 3 3 3 3 3 3 3 3 3 3 3 3 3 3 3 3 3 3 3 3 3 3 3 3 3 3 3 3 3 3 3 3 3 3 3 3 3 3 3 3 3 3 3 3 3 3 3 3 3 3 3 3 3 3 3 3 3 3 3 3 3 3 3 3 3 3 3 3 3 3 3 3 3 3 3 3 3 3 3 3 3 3 3 3 3 3 3 3 3 3 3 3 3 3 3 3 3 3 3 3 3 3 </vcount>
          <p>3 0 1 1 2 3 7 4 5 5 6 7 11 8 9 9 10 11 15 12 13 13 14 15 19 16 17 17 18 19 23 20 21 21 22 23 27 24 25 25 26 27 31 28 29 29 30 31 35 32 33 33 34 35 39 36 37 37 38 39 43 40 41 41 42 43 47 44 45 45 46 47 51 48 49 49 50 51 55 52 53 53 54 55 59 56 57 57 58 59 63 60 61 61 62 63 67 64 65 65 66 67 71 68 69 69 70 71 75 72 73 73 74 75 79 76 77 77 78 79 83 80 81 81 82 83 87 84 85 85 86 87 91 88 89 89 90 91 95 92 93 93 94 95 99 96 97 97 98 99 103 100 101 101 102 103 93 104 105 105 94 93 109 106 107 107 108 109 113 110 111 111 112 113 117 114 115 115 116 117 121 118 119 119 120 121 125 122 123 123 124 125 115 92 95 95 116 115 129 126 127 127 128 129 133 130 131 131 132 133 137 134 135 135 136 137 141 138 139 139 140 141 145 142 143 143 144 145 135 114 117 117 136 135 149 146 147 147 148 149 153 150 151 151 152 153 157 154 155 155 156 157 161 158 159 159 160 161 165 162 163 163 164 165 155 134 137 137 156 155 169 166 167 167 168 169 173 170 171 171 172 173 177 174 175 175 176 177 181 178 179 179 180 181 181 182 183 183 178 181 187 184 185 185 186 187 191 188 189 189 190 191 195 192 193 193 194 195 179 154 157 157 180 179 199 196 197 197 198 199 </p>
        </polylist>
      </mesh>
    </geometry>
    <geometry id="meshId7" name="meshId7_name" >
      <mesh>
        <source id="meshId7-positions" name="meshId7-positions">
          <float_array id="meshId7-positions-array" count="600"> -0.698218 0.0466489 0.737733 -0.698216 0.0508264 0.731824 -0.7622 0.0463225 0.795807 -0.756292 0.0421452 0.795807 -0.698216 0.0508264 0.731824 -0.698218 0.0466489 0.737733 -0.542824 0.0466489 0.89327 -0.542822 0.0508264 0.887362 -0.542822 0.0508264 0.887362 -0.542824 0.0466489 0.89327 -0.387286 0.0466489 0.737733 -0.387285 0.0508264 0.731824 -0.698219 0.0508264 0.704253 -0.698218 0.0466489 0.698344 -0.795681 0.0421452 0.795807 -0.789773 0.0463225 0.795807 -0.698218 0.0466489 0.698344 -0.698219 0.0508264 0.704253 -0.542825 0.0508264 0.859791 -0.542824 0.0466489 0.853882 -0.542824 0.0466489 0.853882 -0.542825 0.0508264 0.859791 -0.387288 0.0508264 0.704253 -0.387286 0.0466489 0.698344 -0.387285 0.0508264 0.731824 -0.387286 0.0466489 0.737733 -0.231892 0.0466489 0.89327 -0.231891 0.0508264 0.887361 -0.231891 0.0508264 0.887361 -0.231892 0.0466489 0.89327 -0.0763549 0.0466489 0.737733 -0.0763536 0.0508264 0.731824 -0.387286 0.0466489 0.698344 -0.387288 0.0508264 0.704253 -0.231894 0.0508264 0.859791 -0.231892 0.0466489 0.853882 -0.231892 0.0466489 0.853882 -0.231894 0.0508264 0.859791 -0.0763563 0.0508264 0.704253 -0.0763549 0.0466489 0.698344 -0.0763536 0.0508264 0.731824 -0.0763549 0.0466489 0.737733 0.0790389 0.0466489 0.89327 0.0790403 0.0508264 0.887361 0.0790403 0.0508264 0.887361 0.0790389 0.0466489 0.89327 0.234576 0.0466489 0.737733 0.234578 0.0508264 0.731824 -0.0763549 0.0466489 0.698344 -0.0763563 0.0508264 0.704253 0.0790376 0.0508264 0.859791 0.0790389 0.0466489 0.853882 0.0790389 0.0466489 0.853882 0.0790376 0.0508264 0.859791 0.234575 0.0508264 0.704253 0.234576 0.0466489 0.698344 0.234578 0.0508264 0.731824 0.234576 0.0466489 0.737733 0.38997 0.0466489 0.89327 0.389972 0.0508264 0.887361 0.389972 0.0508264 0.887361 0.38997 0.0466489 0.89327 0.545508 0.0466489 0.737733 0.545509 0.0508264 0.731824 0.234576 0.0466489 0.698344 0.234575 0.0508264 0.704253 0.389969 0.0508264 0.859791 0.38997 0.0466489 0.853882 0.38997 0.0466489 0.853882 0.389969 0.0508264 0.859791 0.545506 0.0508264 0.704253 0.545508 0.0466489 0.698344 0.7009 0.0508264 0.859791 0.700902 0.0466489 0.853881 0.545508 0.0466489 0.698344 0.545506 0.0508264 0.704253 0.700902 0.0466489 0.853881 0.7009 0.0508264 0.859791 0.764884 0.0463225 0.795807 0.758976 0.0421452 0.795807 0.700902 0.0466489 0.89327 0.700903 0.0508264 0.887361 0.545509 0.0508264 0.731824 0.545508 0.0466489 0.737733 0.700903 0.0508264 0.887361 0.700902 0.0466489 0.89327 0.798365 0.0421452 0.795807 0.792457 0.0463225 0.795807 -0.542824 0.0466489 0.853882 -0.542824 0.0103129 0.853882 -0.698218 0.0103129 0.698344 -0.698218 0.0466489 0.698344 -0.542822 0.0508264 0.887362 -0.542825 0.0508264 0.859791 -0.698219 0.0508264 0.704253 -0.698216 0.0508264 0.731824 -0.698218 0.0103129 0.737733 -0.542824 0.0103129 0.89327 -0.542824 0.0466489 0.89327 -0.698218 0.0466489 0.737733 -0.756292 0.0103129 0.795808 -0.698218 0.0103129 0.737733 -0.698218 0.0466489 0.737733 -0.756292 0.0421452 0.795807 -0.7622 0.0463225 0.795807 -0.789773 0.0463225 0.795807 -0.795681 0.0421452 0.795807 -0.698218 0.0466489 0.698344 -0.698218 0.0103129 0.698344 -0.795681 0.0103129 0.795807 -0.231892 0.0466489 0.853882 -0.231892 0.0103129 0.853882 -0.387286 0.0103129 0.698344 -0.387286 0.0466489 0.698344 -0.231891 0.0508264 0.887361 -0.231894 0.0508264 0.859791 -0.387288 0.0508264 0.704253 -0.387285 0.0508264 0.731824 -0.387286 0.0103129 0.737733 -0.231892 0.0103129 0.89327 -0.231892 0.0466489 0.89327 -0.387286 0.0466489 0.737733 -0.542824 0.0103129 0.89327 -0.387286 0.0103129 0.737733 -0.387286 0.0466489 0.737733 -0.542824 0.0466489 0.89327 -0.542824 0.0466489 0.853882 -0.387286 0.0466489 0.698344 -0.387286 0.0103129 0.698344 -0.542824 0.0103129 0.853882 0.0790389 0.0466489 0.853882 0.0790389 0.0103129 0.853882 -0.0763549 0.0103129 0.698344 -0.0763549 0.0466489 0.698344 0.0790403 0.0508264 0.887361 0.0790376 0.0508264 0.859791 -0.0763563 0.0508264 0.704253 -0.0763536 0.0508264 0.731824 -0.0763549 0.0103129 0.737733 0.0790389 0.0103129 0.89327 0.0790389 0.0466489 0.89327 -0.0763549 0.0466489 0.737733 -0.231892 0.0103129 0.89327 -0.0763549 0.0103129 0.737733 -0.0763549 0.0466489 0.737733 -0.231892 0.0466489 0.89327 -0.231892 0.0466489 0.853882 -0.0763549 0.0466489 0.698344 -0.0763549 0.0103129 0.698344 -0.231892 0.0103129 0.853882 0.38997 0.0466489 0.853882 0.38997 0.0103129 0.853882 0.234576 0.0103129 0.698344 0.234576 0.0466489 0.698344 0.389972 0.0508264 0.887361 0.389969 0.0508264 0.859791 0.234575 0.0508264 0.704253 0.234578 0.0508264 0.731824 0.234576 0.0103129 0.737733 0.38997 0.0103129 0.89327 0.38997 0.0466489 0.89327 0.234576 0.0466489 0.737733 0.0790389 0.0103129 0.89327 0.234576 0.0103129 0.737733 0.234576 0.0466489 0.737733 0.0790389 0.0466489 0.89327 0.0790389 0.0466489 0.853882 0.234576 0.0466489 0.698344 0.234576 0.0103129 0.698344 0.0790389 0.0103129 0.853882 0.700902 0.0466489 0.853881 0.700902 0.0103129 0.853881 0.545508 0.0103129 0.698344 0.545508 0.0466489 0.698344 0.758976 0.0103129 0.795807 0.700902 0.0103129 0.853881 0.700902 0.0466489 0.853881 0.758976 0.0421452 0.795807 0.700903 0.0508264 0.887361 0.7009 0.0508264 0.859791 0.545506 0.0508264 0.704253 0.545509 0.0508264 0.731824 0.764884 0.0463225 0.795807 0.792457 0.0463225 0.795807 0.545508 0.0103129 0.737733 0.700902 0.0103129 0.89327 0.700902 0.0466489 0.89327 0.545508 0.0466489 0.737733 0.798365 0.0421452 0.795807 0.700902 0.0466489 0.89327 0.700902 0.0103129 0.89327 0.798365 0.0103129 0.795807 0.38997 0.0103129 0.89327 0.545508 0.0103129 0.737733 0.545508 0.0466489 0.737733 0.38997 0.0466489 0.89327 0.38997 0.0466489 0.853882 0.545508 0.0466489 0.698344 0.545508 0.0103129 0.698344 0.38997 0.0103129 0.853882 </float_array>
          <technique_common>
            <accessor count="200" offset="0" source="#meshId7-positions-array" stride="3">
              <param name="X" type="float" />
              <param name="Y" type="float" />
              <param name="Z" type="float" />
            </accessor>
          </technique_common>
        </source>
        <source id="meshId7-normals" name="meshId7-normals">
          <float_array id="meshId7-normals-array" count="600"> 0.473575 0.706638 0.525728 0.473575 0.706638 0.525728 0.473575 0.706638 0.525728 0.473575 0.706638 0.525728 -0.500232 0.707106 0.499769 -0.500232 0.707106 0.499769 -0.500232 0.707106 0.499769 -0.500232 0.707106 0.499769 0.5 0.707108 0.499999 0.5 0.707107 0.499999 0.5 0.707108 0.499999 0.5 0.707107 0.499999 -0.516701 0.706905 -0.483016 -0.516701 0.706905 -0.483016 -0.516701 0.706905 -0.483016 -0.516701 0.706905 -0.483016 0.500229 0.70711 -0.499767 0.500228 0.70711 -0.499767 0.500229 0.70711 -0.499767 0.500228 0.70711 -0.499767 -0.5 0.707108 -0.499999 -0.5 0.707107 -0.499999 -0.5 0.707108 -0.499999 -0.5 0.707107 -0.499999 -0.500229 0.70711 0.499767 -0.500229 0.70711 0.499767 -0.500229 0.70711 0.499767 -0.500229 0.70711 0.499767 0.5 0.707107 0.499999 0.5 0.707107 0.499999 0.5 0.707107 0.499999 0.5 0.707107 0.499999 0.500228 0.70711 -0.499767 0.500228 0.70711 -0.499767 0.500228 0.70711 -0.499767 0.500228 0.70711 -0.499767 -0.5 0.707108 -0.499999 -0.5 0.707107 -0.499999 -0.5 0.707108 -0.499999 -0.5 0.707107 -0.499999 -0.500229 0.70711 0.499767 -0.500229 0.70711 0.499767 -0.500229 0.70711 0.499767 -0.500229 0.70711 0.499767 0.5 0.707107 0.499999 0.5 0.707107 0.499999 0.5 0.707107 0.499999 0.5 0.707107 0.499999 0.500228 0.70711 -0.499767 0.500228 0.70711 -0.499767 0.500228 0.70711 -0.499767 0.500228 0.70711 -0.499767 -0.5 0.707107 -0.499999 -0.5 0.707107 -0.499999 -0.5 0.707107 -0.499999 -0.5 0.707107 -0.499999 -0.500229 0.70711 0.499767 -0.500229 0.70711 0.499767 -0.500229 0.70711 0.499767 -0.500229 0.70711 0.499767 0.5 0.707108 0.499999 0.5 0.707108 0.499999 0.5 0.707108 0.499999 0.5 0.707108 0.499999 0.500229 0.70711 -0.499766 0.500229 0.70711 -0.499766 0.500229 0.70711 -0.499766 0.500229 0.70711 -0.499766 -0.5 0.707108 -0.499999 -0.5 0.707108 -0.499999 -0.5 0.707108 -0.499999 -0.5 0.707108 -0.499999 0.500229 0.70711 -0.499766 0.500229 0.70711 -0.499766 0.500229 0.70711 -0.499766 0.500229 0.70711 -0.499766 -0.473586 0.706625 -0.525734 -0.473586 0.706625 -0.525734 -0.473586 0.706625 -0.525734 -0.473586 0.706625 -0.525734 -0.500229 0.70711 0.499767 -0.500229 0.70711 0.499767 -0.500229 0.70711 0.499767 -0.500229 0.70711 0.499767 0.51671 0.706895 0.483022 0.51671 0.706895 0.483022 0.51671 0.706895 0.483022 0.51671 0.706895 0.483022 0.707434 0 -0.70678 0.707434 0 -0.70678 0.707434 0 -0.70678 0.707434 0 -0.70678 0 1 0 0 1 0 -0.009668 0.999907 0.00966999 -0.009652 0.999907 0.009654 -0.707433 0 0.70678 -0.707433 0 0.70678 -0.707433 0 0.70678 -0.707433 0 0.70678 0.707106 7e-06 0.707108 0.707106 7e-06 0.707108 0.707106 7e-06 0.707108 0.707106 7e-06 0.707108 -0.02893 0.999163 0.028935 -0.02893 0.999163 0.028935 -0.707106 -4e-06 -0.707107 -0.707106 -4e-06 -0.707107 -0.707106 -4e-06 -0.707107 -0.707106 -4e-06 -0.707107 0.707434 0 -0.70678 0.707434 0 -0.70678 0.707434 0 -0.70678 0.707434 0 -0.70678 0 1 0 0 1 0 0 1 0 0 1 0 -0.707433 0 0.70678 -0.707433 0 0.70678 -0.707433 0 0.70678 -0.707433 0 0.70678 0.707107 0 0.707107 0.707107 0 0.707107 0.707107 0 0.707107 0.707107 0 0.707107 -0.707107 0 -0.707106 -0.707107 0 -0.707106 -0.707107 0 -0.707106 -0.707107 0 -0.707106 0.707434 0 -0.70678 0.707434 0 -0.70678 0.707434 0 -0.70678 0.707434 0 -0.70678 0 1 0 0 1 0 0 1 0 0 1 0 -0.707433 0 0.70678 -0.707433 0 0.70678 -0.707433 0 0.70678 -0.707433 0 0.70678 0.707107 0 0.707107 0.707107 0 0.707107 0.707107 0 0.707107 0.707107 0 0.707107 -0.707107 0 -0.707106 -0.707107 0 -0.707106 -0.707107 0 -0.707106 -0.707107 0 -0.707106 0.707434 0 -0.70678 0.707434 0 -0.70678 0.707434 0 -0.70678 0.707434 0 -0.70678 0 1 0 0 1 0 0 1 0 0 1 0 -0.707433 0 0.70678 -0.707433 0 0.70678 -0.707433 0 0.70678 -0.707433 0 0.70678 0.707107 0 0.707107 0.707107 0 0.707107 0.707107 0 0.707107 0.707107 0 0.707107 -0.707107 0 -0.707107 -0.707107 0 -0.707107 -0.707107 0 -0.707107 -0.707107 0 -0.707107 0.707434 0 -0.70678 0.707434 0 -0.70678 0.707434 0 -0.70678 0.707434 0 -0.70678 -0.707107 0 -0.707107 -0.707107 0 -0.707107 -0.707106 0 -0.707107 -0.707106 0 -0.707107 0.009668 0.999907 -0.00966999 0.009652 0.999907 -0.009654 0 1 0 0 1 0 0.028929 0.999163 -0.028935 0.028929 0.999163 -0.028935 -0.707433 0 0.70678 -0.707433 0 0.70678 -0.707433 0 0.70678 -0.707433 0 0.70678 0.707106 2e-06 0.707107 0.707106 2e-06 0.707107 0.707106 2e-06 0.707107 0.707106 2e-06 0.707107 0.707107 0 0.707107 0.707107 0 0.707107 0.707107 0 0.707107 0.707107 0 0.707107 -0.707107 0 -0.707106 -0.707107 0 -0.707106 -0.707107 0 -0.707106 -0.707107 0 -0.707106 </float_array>
          <technique_common>
            <accessor count="200" offset="0" source="#meshId7-normals-array" stride="3">
              <param name="X" type="float" />
              <param name="Y" type="float" />
              <param name="Z" type="float" />
            </accessor>
          </technique_common>
        </source>
        <source id="meshId7-tangents" name="meshId7-tangents">
          <float_array id="meshId7-tangents-array" count="600"> 0.0545064 0.572249 -0.818267 0.0329963 0.582253 -0.812338 -0.230996 0.675663 -0.700086 -0.222553 0.673545 -0.704846 0.0519034 0.600621 -0.797847 0.0514281 0.600416 -0.798032 0.0139102 0.583661 -0.811879 0.0143861 0.58388 -0.811713 0.0138068 0.570767 -0.820996 0.0136601 0.570838 -0.820949 0.00848041 0.573323 -0.819285 0.00862771 0.573254 -0.819333 0.0346871 -0.546414 -0.836796 0.0313556 -0.548159 -0.835786 -0.0404278 -0.583678 -0.810978 -0.0389036 -0.582965 -0.811566 0.0407953 -0.595774 -0.802115 0.0405106 -0.595649 -0.802223 0.0180465 -0.585558 -0.81043 0.0183315 -0.585688 -0.810329 0.0180148 -0.568732 -0.822326 0.0175868 -0.56894 -0.822191 0.0024889 -0.576173 -0.817324 0.00291767 -0.575971 -0.817465 0.0085213 0.581161 -0.813744 0.00849229 0.581148 -0.813754 0.00620436 0.580081 -0.814535 0.00623337 0.580095 -0.814525 0.00616942 0.574426 -0.818533 0.00605124 0.574483 -0.818494 0.00188536 0.576459 -0.817124 0.00200355 0.576403 -0.817163 0.00248136 -0.578337 -0.815794 0.0025457 -0.578368 -0.815772 0.00761791 -0.580741 -0.814053 0.00755358 -0.580711 -0.814075 0.00757018 -0.573758 -0.81899 0.00725632 -0.573908 -0.818887 -0.0038184 -0.579143 -0.815217 -0.00350391 -0.578996 -0.815323 0.00188847 0.578059 -0.815993 0.00187099 0.57805 -0.815999 0.000492554 0.577401 -0.81646 0.00051004 0.57741 -0.816454 0.000477899 0.577124 -0.816656 0.000343625 0.577187 -0.816612 -0.0043891 0.579411 -0.815024 -0.00425484 0.579348 -0.815069 -0.00376847 -0.575386 -0.817873 -0.00370461 -0.575416 -0.817852 0.00133093 -0.577796 -0.81618 0.00126707 -0.577766 -0.816201 0.00132953 -0.576722 -0.816939 0.00102831 -0.576864 -0.816839 -0.00958894 -0.581834 -0.813251 -0.00928774 -0.581695 -0.813354 -0.00437588 0.575097 -0.818073 -0.00438659 0.575092 -0.818077 -0.00523077 0.574691 -0.818354 -0.00522007 0.574696 -0.81835 -0.00525257 0.579814 -0.814732 -0.00520488 0.579792 -0.814748 -0.00352409 0.579005 -0.815316 -0.00357178 0.579028 -0.8153 -0.00946211 -0.57267 -0.819731 -0.00940547 -0.572697 -0.819713 -0.00494006 -0.574828 -0.818259 -0.00499668 -0.574801 -0.818278 -0.00494821 -0.579672 -0.814835 -0.00512345 -0.579754 -0.814775 -0.0112989 -0.582626 -0.812662 -0.0111236 -0.582545 -0.812722 0.0219826 -0.587353 -0.809032 0.0215682 -0.587164 -0.80918 -0.0111276 -0.571871 -0.820268 -0.010713 -0.57207 -0.820135 0.0292862 -0.583954 -0.811258 0.00811649 -0.593392 -0.804873 -0.250485 -0.680329 -0.688774 -0.242235 -0.6784 -0.693611 0.0226089 0.587638 -0.808808 0.0222822 0.58749 -0.808925 -0.0034795 0.575523 -0.817778 -0.00315281 0.575678 -0.81767 0.0160412 0.55608 -0.830974 0.0117601 0.558259 -0.829583 -0.0804033 0.601744 -0.794632 -0.0784522 0.600892 -0.795471 0.00794438 -0.999937 0.00795173 0.00396888 -0.999984 0.00397255 -0.0301877 -0.999087 -0.0302157 -0.0262153 -0.999312 -0.0262395 0.00662871 0 -0.999978 0.00796533 0 -0.999968 0.0699531 0.0103231 -0.997497 0.053139 0.0101537 -0.998536 -0.021841 0.999522 -0.0218611 -0.00161894 0.999997 -0.00162043 0.000735155 0.999999 0.000735834 -0.0194879 0.99962 -0.0195059 0.328977 0.885179 -0.328985 0.0631962 0.995998 -0.0632059 -0.0205668 0.999577 0.0205569 0.243823 0.938667 -0.243832 -0.351408 0.0169331 -0.936069 -0.262106 0.0203515 -0.964824 0.391929 -0.832339 -0.391924 0.0341086 -0.998836 -0.0341029 -0.0281946 -0.999205 0.0282002 0.331771 -0.883096 -0.331766 0.00243879 -0.999994 0.00244105 0.00252113 -0.999994 0.00252346 0.00322848 -0.99999 0.00323146 0.00314614 -0.99999 0.00314905 -0.000321755 0 -1 -0.000168889 0 -1 0.0062025 0 -0.999981 0.00607739 0 -0.999982 0.0255317 0.999347 0.0255552 -0.00353747 0.999988 -0.00354073 -0.00692096 0.999952 -0.00692735 0.02215 0.999509 0.0221705 0.000742927 0.999999 -0.000742927 0.022984 0.999472 -0.022984 0.0255702 0.999346 -0.0255702 0.00333069 0.999989 -0.00333069 0.00817623 -0.999933 -0.00817624 0.00376761 -0.999986 -0.00376762 0.00325466 -0.999989 -0.00325467 0.0076633 -0.999941 -0.00766332 -0.00437875 -0.999981 -0.0043828 -0.00424826 -0.999982 -0.00425219 -0.0031273 -0.99999 -0.0031302 -0.00325779 -0.999989 -0.0032608 -0.00572042 0 -0.999984 -0.00557287 0 -0.999984 0.000576922 0 -1 0.00042945 0 -1 0.0186899 0.99965 0.0187072 -0.0102346 0.999895 -0.0102441 -0.0136006 0.999815 -0.0136132 0.0153245 0.999765 0.0153386 -0.00691533 0.999952 0.00691533 0.0159273 0.999746 -0.0159273 0.0185839 0.999655 -0.0185839 -0.00425798 0.999982 0.00425798 0.00245237 -0.999994 -0.00245237 -0.00254909 -0.999994 0.00254909 -0.003131 -0.99999 0.003131 0.00187046 -0.999996 -0.00187046 -0.0110093 -0.999879 -0.0110195 -0.0108841 -0.999881 -0.0108941 -0.00980823 -0.999904 -0.00981731 -0.00993347 -0.999901 -0.00994266 -0.0106681 0 -0.999943 -0.0104774 0 -0.999945 -0.00483035 0 -0.999988 -0.00496781 0 -0.999988 0.0117346 0.999862 0.0117454 -0.0170814 0.999708 -0.0170972 -0.0204339 0.999582 -0.0204528 0.00838116 0.99993 0.0083889 -0.0135016 0.999818 0.0135016 0.00897706 0.999919 -0.00897706 0.0115919 0.999866 -0.0115919 -0.0108869 0.999882 0.0108869 -0.00437395 -0.999981 0.00437396 -0.00919471 -0.999915 0.00919471 -0.00975557 -0.999905 0.00975557 -0.00493485 -0.999976 0.00493486 -0.0701254 -0.995066 -0.0701903 -0.0645186 -0.995825 -0.0645783 -0.0161842 -0.999738 -0.0161992 -0.0218146 -0.999524 -0.0218348 0.28651 -0.914234 -0.28651 0.0187829 -0.999647 -0.0187829 -0.0642067 -0.995869 0.0642066 0.199848 -0.95923 -0.199848 0.0447383 -0.0100933 -0.998948 0.0276788 -0.00991791 -0.999568 -0.00720788 0 -0.999974 -0.00619331 0 -0.999981 -0.386875 -0.0154992 -0.922002 -0.295869 -0.0190908 -0.955038 0.00354091 0.999987 0.00354418 -0.0543237 0.997042 -0.0543739 -0.0610359 0.996264 -0.0610923 -0.00319376 0.99999 -0.00319671 0.369472 0.852631 -0.369473 0.0065271 0.999957 -0.00652993 -0.0558777 0.996873 0.0558748 0.307863 0.900244 -0.307865 -0.0201658 0.999593 0.0201658 0.00104466 0.999999 -0.00104466 0.00351241 0.999988 -0.00351241 -0.0176989 0.999687 0.0176989 -0.0109389 -0.99988 0.010939 -0.0157407 -0.999752 0.0157408 -0.0162994 -0.999734 0.0162994 -0.0114977 -0.999868 0.0114977 </float_array>
          <technique_common>
            <accessor count="200" offset="0" source="#meshId7-tangents-array" stride="3">
              <param name="X" type="float" />
              <param name="Y" type="float" />
              <param name="Z" type="float" />
            </accessor>
          </technique_common>
        </source>
        <source id="meshId7-bitangents" name="meshId7-bitangents">
          <float_array id="meshId7-bitangents-array" count="600"> -0.879065 0.416166 0.232487 -0.880135 0.40205 0.252424 -0.849922 0.210102 0.483208 -0.852172 0.216795 0.476238 -0.864335 -0.373169 -0.337151 -0.864363 -0.373499 -0.336712 -0.86578 -0.399176 -0.301802 -0.865772 -0.398855 -0.302248 -0.865915 0.417401 0.27562 -0.865918 0.417305 0.27576 -0.865984 0.413883 0.280665 -0.865982 0.41398 0.280526 -0.855463 -0.449128 0.257813 -0.855591 -0.446997 0.261069 -0.855211 -0.399506 0.330166 -0.855281 -0.400546 0.32872 -0.864932 0.380853 -0.32687 -0.864946 0.381049 -0.326606 -0.865705 0.396381 -0.305674 -0.8657 0.396188 -0.30594 -0.865838 -0.42017 0.271627 -0.865847 -0.419889 0.272034 -0.866022 -0.409906 0.286327 -0.86602 -0.410192 0.285922 -0.865851 -0.402799 -0.296739 -0.865852 -0.402819 -0.296712 -0.865871 -0.404353 -0.294561 -0.865871 -0.404334 -0.294588 -0.866003 0.412351 0.282851 -0.866004 0.412273 0.282963 -0.866023 0.409505 0.286897 -0.866023 0.409583 0.286785 -0.86589 0.406843 -0.291055 -0.86589 0.4068 -0.291116 -0.86586 0.403405 -0.295889 -0.865861 0.403448 -0.295829 -0.865992 -0.41328 0.281526 -0.865995 -0.413072 0.281823 -0.866017 -0.405699 0.292272 -0.866018 -0.405909 0.291976 -0.865891 -0.407239 -0.290497 -0.865891 -0.407251 -0.29048 -0.865893 -0.408171 -0.289181 -0.865893 -0.408159 -0.289198 -0.866025 0.408567 0.288224 -0.866025 0.408478 0.288351 -0.866014 0.405317 0.292809 -0.866015 0.405407 0.292683 -0.865885 0.411007 -0.285159 -0.865886 0.410964 -0.28522 -0.865893 0.407611 -0.289971 -0.865893 0.407654 -0.289911 -0.866024 -0.409135 0.287421 -0.866025 -0.408934 0.287705 -0.865972 -0.401831 0.297698 -0.865976 -0.402034 0.297415 -0.865882 -0.411411 -0.284586 -0.865882 -0.411418 -0.284576 -0.865877 -0.411978 -0.283778 -0.865878 -0.411971 -0.283788 -0.866009 0.404739 0.293621 -0.86601 0.404771 0.293576 -0.866018 0.405896 0.291994 -0.866018 0.405864 0.292039 -0.865841 0.414782 -0.279775 -0.865842 0.414745 -0.279829 -0.865879 0.411786 -0.284053 -0.865879 0.411823 -0.283999 -0.866011 -0.404943 0.293335 -0.86601 -0.404826 0.2935 -0.865952 -0.400681 0.299302 -0.865954 -0.400799 0.299138 -0.865614 0.393715 -0.309355 -0.865624 0.393996 -0.308968 -0.865822 0.415883 -0.278198 -0.865827 0.415609 -0.278591 -0.88026 -0.399598 0.255858 -0.88071 -0.385444 0.275287 -0.844377 -0.194505 0.499193 -0.846781 -0.201133 0.49245 -0.865598 -0.39329 -0.309941 -0.865606 -0.393511 -0.309635 -0.865886 -0.410815 -0.285433 -0.865888 -0.410598 -0.285741 -0.85601 0.437121 0.275993 -0.85608 0.434334 0.280145 -0.852377 0.371758 0.367764 -0.852559 0.373134 0.365944 -0.706735 -0.0112403 -0.707389 -0.706769 -0.00561544 -0.707422 -0.706135 0.0427117 -0.706788 -0.706293 0.0370911 -0.706947 -0.999978 0 -0.00662871 -0.999968 0 -0.00796533 -0.997504 -0.00896735 -0.0700463 -0.998541 -0.00912486 -0.0532321 -0.706443 -0.030902 -0.707095 -0.706778 -0.00229058 -0.707431 -0.70678 0.00104015 -0.707433 -0.706511 -0.0275727 -0.707164 -0.62592 0.46525 0.625913 -0.704278 0.0893798 0.704275 -0.706809 -0.0290788 0.706807 -0.663741 0.344824 0.663736 -0.935775 -0.0372485 0.350624 -0.964605 -0.0354964 0.261298 -0.588551 -0.554267 0.588553 -0.706284 -0.0482328 0.706283 -0.706545 0.0398772 0.706544 -0.624443 -0.469192 0.624444 -0.706775 -0.00345057 -0.707429 -0.706775 -0.00356707 -0.707429 -0.706772 -0.00456787 -0.707426 -0.706773 -0.00445137 -0.707427 -1 0 0.000321755 -1 0 0.000168889 -0.999981 0 -0.0062025 -0.999982 0 -0.00607739 -0.706319 0.0361239 -0.706971 -0.706771 -0.00500504 -0.707424 -0.706746 -0.00979223 -0.707399 -0.706433 0.0313393 -0.707086 -0.707106 0.00105066 0.707106 -0.706733 0.0325043 0.706733 -0.706644 0.0361618 0.706644 -0.707099 0.00471031 0.707099 -0.707059 -0.0115629 0.70706 -0.707096 -0.00532821 0.707097 -0.707099 -0.00460279 0.7071 -0.707065 -0.0108376 0.707066 -0.706766 0.00619535 -0.70742 -0.706767 0.00601073 -0.707421 -0.706773 0.00442472 -0.707427 -0.706772 0.00460934 -0.707426 -0.999984 0 0.00572042 -0.999984 0 0.00557287 -1 0 -0.000576922 -1 0 -0.00042945 -0.706533 0.0264437 -0.707186 -0.706706 -0.0144807 -0.707359 -0.706649 -0.019243 -0.707302 -0.706614 0.0216821 -0.707267 -0.707073 -0.00977976 0.707073 -0.706927 0.0225246 0.706927 -0.706863 0.0262816 0.706863 -0.707094 -0.00602169 0.707094 -0.707102 -0.00346818 0.707103 -0.707102 0.00360496 0.707103 -0.707099 0.0044279 0.7071 -0.707104 -0.00264523 0.707105 -0.706694 0.0155767 -0.707348 -0.706696 0.0153995 -0.70735 -0.706712 0.0138774 -0.707366 -0.70671 0.0140545 -0.707364 -0.999943 0 0.0106681 -0.999945 0 0.0104774 -0.999988 0 0.00483035 -0.999988 0 0.00496781 -0.706683 0.0166028 -0.707336 -0.706574 -0.0241679 -0.707227 -0.706485 -0.0289113 -0.707137 -0.70673 0.0118582 -0.707383 -0.706978 -0.0190942 0.706978 -0.70705 0.0126955 0.70705 -0.707012 0.0163934 0.707012 -0.707023 -0.0153965 0.707023 -0.707093 0.00618571 0.707093 -0.707047 0.0130033 0.707047 -0.707039 0.0137965 0.707039 -0.70709 0.00697894 0.70709 -0.703292 0.0992182 -0.703943 -0.703829 0.0912853 -0.70448 -0.706594 0.0228985 -0.707248 -0.706443 0.0308648 -0.707097 -0.646461 -0.405186 0.646461 -0.706857 -0.0265631 0.706857 -0.704186 0.0908019 0.704185 -0.678278 -0.282628 0.678277 -0.998952 0.0092252 -0.0448317 -0.99957 0.00938062 -0.0277719 -0.999974 0 0.00720788 -0.999981 0 0.00619331 -0.921678 0.0378668 0.386103 -0.95479 0.0361893 0.295069 -0.706771 0.00500991 -0.707424 -0.704689 -0.0768608 -0.70534 -0.70414 -0.0863577 -0.70479 -0.706773 -0.00451875 -0.707426 -0.602903 0.522513 0.6029 -0.707077 0.00923272 0.707076 -0.704896 -0.0790209 0.704895 -0.63657 0.435385 0.636568 -0.706819 -0.0285187 0.706819 -0.707106 0.00147737 0.707106 -0.707098 0.0049673 0.707098 -0.706885 -0.02503 0.706885 -0.707022 0.01547 0.707023 -0.706931 0.0222608 0.706932 -0.706918 0.0230508 0.706919 -0.707013 0.0162601 0.707014 </float_array>
          <technique_common>
            <accessor count="200" offset="0" source="#meshId7-bitangents-array" stride="3">
              <param name="X" type="float" />
              <param name="Y" type="float" />
              <param name="Z" type="float" />
            </accessor>
          </technique_common>
        </source>
        <source id="meshId7-tex0" name="meshId7-tex0">
          <float_array id="meshId7-tex0-array" count="400"> 0.185254 0.864068 0.187888 0.864244 0.173002 0.896691 0.171625 0.894422 0.187888 0.864244 0.185254 0.864068 0.15763 0.788133 0.160033 0.788181 0.160033 0.788181 0.15763 0.788133 0.187648 0.713357 0.19025 0.713386 0.196609 0.865164 0.199032 0.865305 0.177896 0.909366 0.176453 0.906842 0.199032 0.865305 0.196609 0.865164 0.168379 0.788271 0.170988 0.788334 0.170988 0.788334 0.168379 0.788271 0.198718 0.71347 0.201113 0.713478 0.19025 0.713386 0.187648 0.713357 0.158892 0.637968 0.161301 0.637989 0.161301 0.637989 0.158892 0.637968 0.188295 0.562896 0.190898 0.562902 0.201113 0.713478 0.198718 0.71347 0.169674 0.637986 0.172286 0.638012 0.172286 0.638012 0.169674 0.637986 0.199369 0.562911 0.201764 0.562897 0.190898 0.562902 0.188295 0.562896 0.158897 0.487754 0.161307 0.487755 0.161307 0.487755 0.158897 0.487754 0.187659 0.412434 0.190261 0.412418 0.201764 0.562897 0.199369 0.562911 0.169679 0.48768 0.172291 0.487684 0.172291 0.487684 0.169679 0.48768 0.198732 0.412355 0.201126 0.412321 0.190261 0.412418 0.187659 0.412434 0.15762 0.337537 0.160029 0.337518 0.160029 0.337518 0.15762 0.337537 0.185757 0.261993 0.188359 0.26198 0.201126 0.412321 0.198732 0.412355 0.168399 0.337377 0.171011 0.337359 0.171011 0.337359 0.168399 0.337377 0.196799 0.261885 0.199189 0.261845 0.166585 0.186643 0.169227 0.186718 0.199189 0.261845 0.196799 0.261885 0.169227 0.186718 0.166585 0.186643 0.180177 0.153624 0.181603 0.155875 0.155487 0.185975 0.157923 0.186053 0.188359 0.26198 0.185757 0.261993 0.157923 0.186053 0.155487 0.185975 0.174843 0.141168 0.176383 0.143616 0.170988 0.788334 0.185153 0.788477 0.212544 0.864766 0.199032 0.865305 0.160033 0.788181 0.168379 0.788271 0.196609 0.865164 0.187888 0.864244 0.171026 0.864458 0.144089 0.78812 0.15763 0.788133 0.185254 0.864068 0.158495 0.889351 0.171026 0.864458 0.185254 0.864068 0.171625 0.894422 0.173002 0.896691 0.176453 0.906842 0.177896 0.909366 0.199032 0.865305 0.212544 0.864766 0.191196 0.915998 0.172286 0.638012 0.186455 0.638055 0.214738 0.713535 0.201113 0.713478 0.161301 0.637989 0.169674 0.637986 0.198718 0.71347 0.19025 0.713386 0.173404 0.71291 0.14534 0.63809 0.158892 0.637968 0.187648 0.713357 0.144089 0.78812 0.173404 0.71291 0.187648 0.713357 0.15763 0.788133 0.170988 0.788334 0.201113 0.713478 0.214738 0.713535 0.185153 0.788477 0.172291 0.487684 0.18646 0.487607 0.21539 0.562842 0.201764 0.562897 0.161307 0.487755 0.169679 0.48768 0.199369 0.562911 0.190898 0.562902 0.174045 0.56257 0.145347 0.487993 0.158897 0.487754 0.188295 0.562896 0.14534 0.63809 0.174045 0.56257 0.188295 0.562896 0.158892 0.637968 0.172286 0.638012 0.201764 0.562897 0.21539 0.562842 0.186455 0.638055 0.171011 0.337359 0.185177 0.337166 0.214751 0.412149 0.201126 0.412321 0.160029 0.337518 0.168399 0.337377 0.198732 0.412355 0.190261 0.412418 0.173406 0.41223 0.144074 0.337895 0.15762 0.337537 0.187659 0.412434 0.145347 0.487993 0.173406 0.41223 0.187659 0.412434 0.158897 0.487754 0.172291 0.487684 0.201126 0.412321 0.214751 0.412149 0.18646 0.487607 0.169227 0.186718 0.183288 0.18548 0.212822 0.261557 0.199189 0.261845 0.194902 0.160215 0.183288 0.18548 0.169227 0.186718 0.181603 0.155875 0.157923 0.186053 0.166585 0.186643 0.196799 0.261885 0.188359 0.26198 0.180177 0.153624 0.176383 0.143616 0.171517 0.261931 0.14208 0.187064 0.155487 0.185975 0.185757 0.261993 0.174843 0.141168 0.155487 0.185975 0.14208 0.187064 0.161365 0.134951 0.144074 0.337895 0.171517 0.261931 0.185757 0.261993 0.15762 0.337537 0.171011 0.337359 0.199189 0.261845 0.212822 0.261557 0.185177 0.337166 </float_array>
          <technique_common>
            <accessor count="200" offset="0" source="#meshId7-tex0-array" stride="2">
              <param name="S" type="float" />
              <param name="T" type="float" />
            </accessor>
          </technique_common>
        </source>
        <vertices id="meshId7-vertices">
          <input semantic="POSITION" source="#meshId7-positions" />
        </vertices>
        <polylist count="110" material="defaultMaterial">
          <input offset="0" semantic="VERTEX" source="#meshId7-vertices" />
          <input offset="0" semantic="NORMAL" source="#meshId7-normals" />
          <input offset="0" semantic="TANGENT" source="#meshId7-tangents" />
          <input offset="0" semantic="BINORMAL" source="#meshId7-bitangents" />
          <input offset="0" semantic="TEXCOORD" source="#meshId7-tex0" set="0" />
          <vcount>3 3 3 3 3 3 3 3 3 3 3 3 3 3 3 3 3 3 3 3 3 3 3 3 3 3 3 3 3 3 3 3 3 3 3 3 3 3 3 3 3 3 3 3 3 3 3 3 3 3 3 3 3 3 3 3 3 3 3 3 3 3 3 3 3 3 3 3 3 3 3 3 3 3 3 3 3 3 3 3 3 3 3 3 3 3 3 3 3 3 3 3 3 3 3 3 3 3 3 3 3 3 3 3 3 3 3 3 3 3 </vcount>
          <p>3 0 1 1 2 3 7 4 5 5 6 7 11 8 9 9 10 11 15 12 13 13 14 15 19 16 17 17 18 19 23 20 21 21 22 23 27 24 25 25 26 27 31 28 29 29 30 31 35 32 33 33 34 35 39 36 37 37 38 39 43 40 41 41 42 43 47 44 45 45 46 47 51 48 49 49 50 51 55 52 53 53 54 55 59 56 57 57 58 59 63 60 61 61 62 63 67 64 65 65 66 67 71 68 69 69 70 71 75 72 73 73 74 75 79 76 77 77 78 79 83 80 81 81 82 83 87 84 85 85 86 87 91 88 89 89 90 91 95 92 93 93 94 95 99 96 97 97 98 99 103 100 101 101 102 103 105 104 95 95 94 105 109 106 107 107 108 109 113 110 111 111 112 113 117 114 115 115 116 117 121 118 119 119 120 121 125 122 123 123 124 125 93 92 117 117 116 93 129 126 127 127 128 129 133 130 131 131 132 133 137 134 135 135 136 137 141 138 139 139 140 141 145 142 143 143 144 145 115 114 137 137 136 115 149 146 147 147 148 149 153 150 151 151 152 153 157 154 155 155 156 157 161 158 159 159 160 161 165 162 163 163 164 165 135 134 157 157 156 135 169 166 167 167 168 169 173 170 171 171 172 173 177 174 175 175 176 177 181 178 179 179 180 181 183 182 179 179 178 183 187 184 185 185 186 187 191 188 189 189 190 191 195 192 193 193 194 195 155 154 181 181 180 155 199 196 197 197 198 199 </p>
        </polylist>
      </mesh>
    </geometry>
    <geometry id="meshId8" name="meshId8_name" >
      <mesh>
        <source id="meshId8-positions" name="meshId8-positions">
          <float_array id="meshId8-positions-array" count="600"> 0.853881 0.0421452 0.698218 0.795807 0.0421452 0.756292 0.795807 0.0463225 0.7622 0.859791 0.0463225 0.698216 0.859791 0.0463225 0.698216 0.704253 0.0463225 0.542822 0.698344 0.0421452 0.542824 0.853881 0.0421452 0.698218 0.704253 0.0463225 0.542822 0.859791 0.0463225 0.387285 0.853881 0.0421452 0.387286 0.698344 0.0421452 0.542824 0.887361 0.0463225 0.698219 0.795807 0.0463225 0.789773 0.795807 0.0421452 0.795681 0.89327 0.0421452 0.698218 0.89327 0.0421452 0.698218 0.737733 0.0421452 0.542824 0.731824 0.0463225 0.542825 0.887361 0.0463225 0.698219 0.737733 0.0421452 0.542824 0.89327 0.0421452 0.387286 0.887361 0.0463225 0.387288 0.731824 0.0463225 0.542825 0.859791 0.0463225 0.387285 0.704253 0.0463225 0.231891 0.698344 0.0421452 0.231892 0.853881 0.0421452 0.387286 0.704253 0.0463225 0.231891 0.859791 0.0463225 0.0763536 0.853881 0.0421452 0.0763549 0.698344 0.0421452 0.231892 0.89327 0.0421452 0.387286 0.737733 0.0421452 0.231892 0.731824 0.0463225 0.231894 0.887361 0.0463225 0.387288 0.737733 0.0421452 0.231892 0.89327 0.0421452 0.0763549 0.887361 0.0463225 0.0763563 0.731824 0.0463225 0.231894 0.859791 0.0463225 0.0763536 0.704253 0.0463225 -0.0790403 0.698344 0.0421452 -0.0790389 0.853881 0.0421452 0.0763549 0.704253 0.0463225 -0.0790403 0.859791 0.0463225 -0.234578 0.853881 0.0421452 -0.234576 0.698344 0.0421452 -0.0790389 0.89327 0.0421452 0.0763549 0.737733 0.0421452 -0.0790389 0.731824 0.0463225 -0.0790376 0.887361 0.0463225 0.0763563 0.737733 0.0421452 -0.0790389 0.89327 0.0421452 -0.234576 0.887361 0.0463225 -0.234575 0.731824 0.0463225 -0.0790376 0.859791 0.0463225 -0.234578 0.704253 0.0463225 -0.389972 0.698344 0.0421452 -0.38997 0.853881 0.0421452 -0.234576 0.704253 0.0463225 -0.389972 0.859791 0.0463225 -0.545509 0.853882 0.0421452 -0.545508 0.698344 0.0421452 -0.38997 0.89327 0.0421452 -0.234576 0.737733 0.0421452 -0.38997 0.731824 0.0463225 -0.389969 0.887361 0.0463225 -0.234575 0.737733 0.0421452 -0.38997 0.89327 0.0421452 -0.545508 0.887362 0.0463225 -0.545506 0.731824 0.0463225 -0.389969 0.731824 0.0463225 -0.7009 0.887362 0.0463225 -0.545506 0.89327 0.0421452 -0.545508 0.737733 0.0421452 -0.700902 0.737733 0.0421452 -0.700902 0.795807 0.0421452 -0.758976 0.795807 0.0463225 -0.764884 0.731824 0.0463225 -0.7009 0.698344 0.0421452 -0.700902 0.853882 0.0421452 -0.545508 0.859791 0.0463225 -0.545509 0.704253 0.0463225 -0.700903 0.704253 0.0463225 -0.700903 0.795807 0.0463225 -0.792457 0.795807 0.0421452 -0.798365 0.698344 0.0421452 -0.700902 0.737733 0.0421452 0.542824 0.89327 0.0421452 0.698218 0.89327 0.0103129 0.698218 0.737733 0.0103129 0.542824 0.704253 0.0463225 0.542822 0.859791 0.0463225 0.698216 0.887361 0.0463225 0.698219 0.731824 0.0463225 0.542825 0.853881 0.0103129 0.698218 0.853881 0.0421452 0.698218 0.698344 0.0421452 0.542824 0.698344 0.0103129 0.542824 0.795807 0.0103129 0.756292 0.795807 0.0421452 0.756292 0.853881 0.0421452 0.698218 0.853881 0.0103129 0.698218 0.795807 0.0463225 0.7622 0.795807 0.0463225 0.789773 0.795807 0.0421452 0.795681 0.795807 0.0103129 0.795681 0.89327 0.0103129 0.698218 0.89327 0.0421452 0.698218 0.737733 0.0421452 0.231892 0.89327 0.0421452 0.387286 0.89327 0.0103129 0.387286 0.737733 0.0103129 0.231892 0.704253 0.0463225 0.231891 0.859791 0.0463225 0.387285 0.887361 0.0463225 0.387288 0.731824 0.0463225 0.231894 0.853881 0.0103129 0.387286 0.853881 0.0421452 0.387286 0.698344 0.0421452 0.231892 0.698344 0.0103129 0.231892 0.698344 0.0103129 0.542824 0.698344 0.0421452 0.542824 0.853881 0.0421452 0.387286 0.853881 0.0103129 0.387286 0.737733 0.0421452 0.542824 0.737733 0.0103129 0.542824 0.89327 0.0103129 0.387286 0.89327 0.0421452 0.387286 0.737733 0.0421452 -0.0790389 0.89327 0.0421452 0.0763549 0.89327 0.0103129 0.0763549 0.737733 0.0103129 -0.0790389 0.704253 0.0463225 -0.0790403 0.859791 0.0463225 0.0763536 0.887361 0.0463225 0.0763563 0.731824 0.0463225 -0.0790376 0.853881 0.0103129 0.0763549 0.853881 0.0421452 0.0763549 0.698344 0.0421452 -0.0790389 0.698344 0.0103129 -0.0790389 0.698344 0.0103129 0.231892 0.698344 0.0421452 0.231892 0.853881 0.0421452 0.0763549 0.853881 0.0103129 0.0763549 0.737733 0.0421452 0.231892 0.737733 0.0103129 0.231892 0.89327 0.0103129 0.0763549 0.89327 0.0421452 0.0763549 0.737733 0.0421452 -0.38997 0.89327 0.0421452 -0.234576 0.89327 0.0103129 -0.234576 0.737733 0.0103129 -0.38997 0.704253 0.0463225 -0.389972 0.859791 0.0463225 -0.234578 0.887361 0.0463225 -0.234575 0.731824 0.0463225 -0.389969 0.853881 0.0103129 -0.234576 0.853881 0.0421452 -0.234576 0.698344 0.0421452 -0.38997 0.698344 0.0103129 -0.38997 0.698344 0.0103129 -0.0790389 0.698344 0.0421452 -0.0790389 0.853881 0.0421452 -0.234576 0.853881 0.0103129 -0.234576 0.737733 0.0421452 -0.0790389 0.737733 0.0103129 -0.0790389 0.89327 0.0103129 -0.234576 0.89327 0.0421452 -0.234576 0.737733 0.0421452 -0.700902 0.89327 0.0421452 -0.545508 0.89327 0.0103129 -0.545508 0.737733 0.0103129 -0.700902 0.795807 0.0103129 -0.758976 0.795807 0.0421452 -0.758976 0.737733 0.0421452 -0.700902 0.737733 0.0103129 -0.700902 0.704253 0.0463225 -0.700903 0.859791 0.0463225 -0.545509 0.887362 0.0463225 -0.545506 0.731824 0.0463225 -0.7009 0.795807 0.0463225 -0.764884 0.795807 0.0463225 -0.792457 0.853882 0.0103129 -0.545508 0.853882 0.0421452 -0.545508 0.698344 0.0421452 -0.700902 0.698344 0.0103129 -0.700902 0.795807 0.0421452 -0.798365 0.795807 0.0103129 -0.798365 0.698344 0.0103129 -0.700902 0.698344 0.0421452 -0.700902 0.698344 0.0103129 -0.38997 0.698344 0.0421452 -0.38997 0.853882 0.0421452 -0.545508 0.853882 0.0103129 -0.545508 0.737733 0.0421452 -0.38997 0.737733 0.0103129 -0.38997 0.89327 0.0103129 -0.545508 0.89327 0.0421452 -0.545508 </float_array>
          <technique_common>
            <accessor count="200" offset="0" source="#meshId8-positions-array" stride="3">
              <param name="X" type="float" />
              <param name="Y" type="float" />
              <param name="Z" type="float" />
            </accessor>
          </technique_common>
        </source>
        <source id="meshId8-normals" name="meshId8-normals">
          <float_array id="meshId8-normals-array" count="600"> -0.499989 0.707123 -0.499988 -0.499989 0.707123 -0.499988 -0.499989 0.707123 -0.499988 -0.499989 0.707123 -0.499988 -0.499767 0.70711 0.500229 -0.499767 0.70711 0.500229 -0.499767 0.70711 0.500229 -0.499767 0.70711 0.500229 -0.500001 0.707105 -0.500001 -0.500002 0.707104 -0.500002 -0.500001 0.707105 -0.500001 -0.500002 0.707104 -0.500002 0.499999 0.707106 0.500001 0.499999 0.707106 0.500001 0.499999 0.707106 0.500001 0.499999 0.707106 0.500001 0.499767 0.707108 -0.50023 0.499767 0.707108 -0.50023 0.499767 0.707108 -0.50023 0.499767 0.707108 -0.50023 0.5 0.707107 0.5 0.5 0.707107 0.5 0.5 0.707107 0.5 0.5 0.707107 0.5 -0.499767 0.70711 0.500229 -0.499767 0.70711 0.500229 -0.499767 0.70711 0.500229 -0.499767 0.70711 0.500229 -0.500002 0.707105 -0.500001 -0.500002 0.707105 -0.500001 -0.500002 0.707105 -0.500001 -0.500002 0.707105 -0.500001 0.499767 0.707108 -0.50023 0.499767 0.707108 -0.50023 0.499767 0.707108 -0.50023 0.499767 0.707108 -0.50023 0.5 0.707107 0.5 0.5 0.707107 0.5 0.5 0.707107 0.5 0.5 0.707107 0.5 -0.499767 0.70711 0.500229 -0.499767 0.70711 0.500229 -0.499767 0.70711 0.500229 -0.499767 0.70711 0.500229 -0.499999 0.707109 -0.499998 -0.499999 0.707109 -0.499998 -0.499999 0.707109 -0.499998 -0.499999 0.707109 -0.499998 0.499767 0.707108 -0.50023 0.499767 0.707108 -0.50023 0.499767 0.707108 -0.50023 0.499767 0.707108 -0.50023 0.5 0.707107 0.499999 0.5 0.707107 0.499999 0.5 0.707107 0.499999 0.5 0.707107 0.499999 -0.499767 0.70711 0.500228 -0.499767 0.70711 0.500228 -0.499767 0.70711 0.500228 -0.499767 0.70711 0.500228 -0.499999 0.707108 -0.499999 -0.499999 0.707108 -0.499999 -0.499999 0.707108 -0.499999 -0.499999 0.707108 -0.499999 0.499767 0.707108 -0.50023 0.499767 0.707108 -0.50023 0.499767 0.707108 -0.50023 0.499767 0.707108 -0.50023 0.5 0.707107 0.5 0.5 0.707107 0.5 0.5 0.707107 0.5 0.5 0.707107 0.5 0.499766 0.70711 -0.500229 0.499766 0.70711 -0.500229 0.499766 0.70711 -0.500229 0.499766 0.70711 -0.500229 0.499997 0.707111 0.499997 0.499997 0.707111 0.499997 0.499997 0.707111 0.499997 0.499997 0.707111 0.499997 -0.499767 0.707109 0.500229 -0.499767 0.707109 0.500229 -0.499767 0.707109 0.500229 -0.499767 0.707109 0.500229 -0.499998 0.707109 -0.499999 -0.499999 0.707109 -0.499999 -0.499998 0.707109 -0.499999 -0.499999 0.707109 -0.499999 0.70678 0 -0.707434 0.70678 0 -0.707434 0.70678 0 -0.707434 0.70678 0 -0.707434 0 1 0 0 1 0 0 1 0 0 1 0 -0.70678 0 0.707433 -0.70678 0 0.707433 -0.70678 0 0.707433 -0.70678 0 0.707433 -0.707106 0 -0.707107 -0.707106 0 -0.707107 -0.707106 0 -0.707107 -0.707106 0 -0.707107 0 1 0 0 1 0 0.707107 2e-06 0.707107 0.707106 2e-06 0.707107 0.707107 2e-06 0.707107 0.707107 2e-06 0.707107 0.70678 0 -0.707434 0.70678 0 -0.707434 0.70678 0 -0.707434 0.70678 0 -0.707434 0 1 0 0 1 0 0 1 0 0 1 0 -0.70678 0 0.707433 -0.70678 0 0.707433 -0.70678 0 0.707433 -0.70678 0 0.707433 -0.707107 0 -0.707107 -0.707107 0 -0.707107 -0.707107 0 -0.707107 -0.707107 0 -0.707107 0.707106 0 0.707107 0.707106 0 0.707107 0.707106 0 0.707107 0.707106 0 0.707107 0.70678 0 -0.707434 0.70678 0 -0.707434 0.70678 0 -0.707434 0.70678 0 -0.707434 0 1 0 0 1 0 0 1 0 0 1 0 -0.70678 0 0.707433 -0.70678 0 0.707433 -0.70678 0 0.707433 -0.70678 0 0.707433 -0.707107 0 -0.707107 -0.707107 0 -0.707107 -0.707107 0 -0.707107 -0.707107 0 -0.707107 0.707106 0 0.707107 0.707106 0 0.707107 0.707106 0 0.707107 0.707106 0 0.707107 0.70678 0 -0.707434 0.70678 0 -0.707434 0.70678 0 -0.707434 0.70678 0 -0.707434 0 1 0 0 1 0 0 1 0 0 1 0 -0.70678 0 0.707433 -0.70678 0 0.707433 -0.70678 0 0.707433 -0.70678 0 0.707433 -0.707107 0 -0.707107 -0.707107 0 -0.707107 -0.707107 0 -0.707107 -0.707107 0 -0.707107 0.707107 0 0.707107 0.707107 0 0.707107 0.707107 0 0.707107 0.707107 0 0.707107 0.70678 0 -0.707434 0.70678 0 -0.707434 0.70678 0 -0.707434 0.70678 0 -0.707434 0.707107 0 0.707106 0.707107 0 0.707106 0.707107 0 0.707106 0.707107 0 0.707106 0 1 0 0 1 0 0 1 0 0 1 0 0 1 0 0 1 0 -0.70678 0 0.707433 -0.70678 0 0.707433 -0.70678 0 0.707433 -0.70678 0 0.707433 -0.707107 0 -0.707106 -0.707107 0 -0.707106 -0.707107 0 -0.707106 -0.707107 0 -0.707106 -0.707107 0 -0.707107 -0.707107 0 -0.707107 -0.707107 0 -0.707107 -0.707107 0 -0.707107 0.707106 0 0.707107 0.707106 0 0.707107 0.707106 0 0.707107 0.707106 0 0.707107 </float_array>
          <technique_common>
            <accessor count="200" offset="0" source="#meshId8-normals-array" stride="3">
              <param name="X" type="float" />
              <param name="Y" type="float" />
              <param name="Z" type="float" />
            </accessor>
          </technique_common>
        </source>
        <source id="meshId8-tangents" name="meshId8-tangents">
          <float_array id="meshId8-tangents-array" count="600"> -0.829033 -0.557752 0.0402163 -0.725018 -0.657537 -0.204924 -0.720686 -0.659872 -0.212558 -0.823638 -0.566682 0.0221924 -0.800098 -0.598096 0.0460931 -0.812638 -0.582651 0.0117325 -0.812788 -0.582449 0.0112966 -0.800265 -0.597906 0.0456577 -0.820182 -0.571992 0.0112674 -0.819125 -0.573559 0.00799515 -0.819095 -0.573603 0.00790188 -0.820152 -0.572037 0.0111749 -0.828167 0.55924 0.0372814 -0.802856 0.594928 -0.0385003 -0.802269 0.595616 -0.0400599 -0.827115 0.561021 0.0337105 -0.803678 0.593936 0.0366329 -0.811248 0.584491 0.0157192 -0.811341 0.584369 0.0154538 -0.803777 0.593818 0.0363678 -0.821528 0.569957 0.0154873 -0.817528 0.57588 0.00311127 -0.817413 0.576046 0.00276014 -0.821417 0.570127 0.0151362 -0.813948 -0.580883 0.00792362 -0.814914 -0.57956 0.00508837 -0.814926 -0.579543 0.00505241 -0.813961 -0.580866 0.00788766 -0.818159 -0.57497 0.00503327 -0.817248 -0.576281 0.00226836 -0.817222 -0.576319 0.00218992 -0.818133 -0.575008 0.00495483 -0.815703 0.578464 0.00274848 -0.814561 0.580045 0.00612476 -0.814547 0.580065 0.00616758 -0.815689 0.578484 0.0027913 -0.818528 0.574434 0.00615468 -0.815592 0.578621 -0.00270109 -0.815508 0.578739 -0.00295234 -0.818445 0.574554 0.00590342 -0.815897 -0.578194 0.00217626 -0.816743 -0.577001 -0.000355401 -0.816754 -0.576986 -0.000387505 -0.815907 -0.578179 0.00214415 -0.816372 -0.577527 -0.000378745 -0.815442 -0.57883 -0.00315102 -0.815416 -0.578867 -0.00322969 -0.816346 -0.577564 -0.000457413 -0.817599 0.57578 -0.00293993 -0.816388 0.577504 0.000707388 -0.816372 0.577526 0.000753646 -0.817584 0.575802 -0.00289367 -0.816752 0.576989 0.000765896 -0.813838 0.581038 -0.00787404 -0.813754 0.581152 -0.00811916 -0.81667 0.577105 0.00052079 -0.817701 -0.575635 -0.00324406 -0.81835 -0.574696 -0.00522063 -0.818359 -0.574684 -0.0052457 -0.817709 -0.575623 -0.00326912 -0.814735 -0.57981 -0.0052444 -0.81577 -0.578372 -0.00217389 -0.8158 -0.578331 -0.00208679 -0.814764 -0.57977 -0.0051573 -0.819273 0.573347 -0.00805085 -0.818087 0.575078 -0.00441879 -0.818072 0.5751 -0.00437273 -0.819258 0.573369 -0.0080048 -0.815031 0.579401 -0.00436563 -0.813506 0.58149 -0.00884486 -0.813462 0.581549 -0.00897195 -0.814988 0.57946 -0.00449272 -0.80999 0.586126 0.0192916 -0.819423 0.573125 -0.0085107 -0.819538 0.572957 -0.00886326 -0.810115 0.585965 0.0189391 -0.822053 0.569154 0.0171379 -0.716768 0.661918 -0.219336 -0.712469 0.664078 -0.22669 -0.816396 0.577492 -0.000310314 -0.809547 -0.586696 0.0205372 -0.817222 -0.57632 -0.00179767 -0.817316 -0.576186 -0.00208093 -0.809648 -0.586567 0.020254 -0.823219 -0.567339 0.0208747 -0.789672 -0.60929 -0.0719993 -0.788885 -0.610081 -0.073906 -0.821849 -0.569467 0.0164961 0.00717312 0.999949 0.00716649 -0.0282649 0.999202 -0.0282388 -0.0318317 0.998987 -0.0318023 0.00360323 0.999987 0.0035999 -0.999985 0 0.00542838 -0.998751 0 0.0499672 -0.997793 0 0.0664 -0.999977 0 0.00671995 -0.0301286 -0.999093 -0.0301008 -0.0272375 -0.999258 -0.0272124 0.00147963 -0.999998 0.00147827 -0.00141377 -0.999998 -0.00141247 -0.311768 -0.897553 0.311768 -0.236928 -0.942194 0.236928 0.0282909 -0.999199 -0.0282909 -0.0529212 -0.997195 0.0529211 -0.938093 0 -0.346383 -0.966016 0 -0.258482 -0.355008 0.864835 0.355006 -0.305377 0.901938 0.305374 0.0299599 0.999102 -0.0299627 -0.0261788 0.999314 0.026176 0.00252262 0.999994 0.00252029 0.00328949 0.999989 0.00328645 0.00336676 0.999989 0.00336365 0.00259989 0.999993 0.00259749 -1 0 -0.000995389 -0.999986 0 0.0052444 -0.999986 0 0.00537392 -1 0 -0.000834993 0.0227281 -0.999484 0.0227071 0.020145 -0.999594 0.0201264 -0.00550635 -0.99997 -0.00550127 -0.00292208 -0.999991 -0.00291939 -0.0014941 -0.999998 0.0014941 -0.00343896 -0.999988 0.00343896 -0.0227493 -0.999482 0.0227493 -0.0208054 -0.999567 0.0208054 -0.00736433 0.999946 0.00736432 -0.00700056 0.999951 0.00700055 -0.00338827 0.999988 0.00338826 -0.00375206 0.999986 0.00375205 -0.00344146 0.999988 -0.00343828 -0.00225998 0.999995 -0.00225789 -0.00214093 0.999995 -0.00213895 -0.00332242 0.999989 -0.00331935 -0.999984 0 -0.00563904 -1 0 0.000273194 -1 0 0.00042675 -0.999985 0 -0.00548693 0.0167899 -0.999718 0.0167744 0.0142253 -0.999798 0.0142121 -0.0112379 -0.999874 -0.0112275 -0.0086729 -0.999925 -0.00866489 0.00549824 -0.99997 -0.00549824 0.00346779 -0.999988 -0.00346779 -0.0166954 -0.999721 0.0166954 -0.0146654 -0.999785 0.0146654 -0.00253251 0.999994 0.00253251 -0.00210491 0.999996 0.00210491 0.00214109 0.999995 -0.00214109 0.00171348 0.999997 -0.00171348 -0.00924288 0.999915 -0.00923434 -0.00806021 0.999935 -0.00805276 -0.00794104 0.999937 -0.0079337 -0.00912372 0.999917 -0.00911528 -0.99995 0 -0.00998362 -0.99999 0 -0.00444408 -0.999991 0 -0.0043004 -0.999952 0 -0.00978678 0.010683 -0.999886 0.0106731 0.00813138 -0.999934 0.00812388 -0.0171982 -0.999704 -0.0171823 -0.014647 -0.999786 -0.0146335 0.0111559 -0.999875 -0.0111559 0.0091693 -0.999916 -0.0091693 -0.0105611 -0.999888 0.0105611 -0.00857442 -0.999926 0.00857442 0.00343386 0.999988 -0.00343386 0.00384205 0.999985 -0.00384205 0.00789522 0.999938 -0.00789522 0.00748704 0.999944 -0.00748704 -0.0717403 0.994845 -0.071674 -0.0186898 0.999651 -0.0186725 -0.0133387 0.999822 -0.0133263 -0.0664134 0.995584 -0.066352 -0.278092 0.919418 0.278092 -0.201664 0.958469 0.201664 0.0654385 0.995709 -0.0654386 -0.0157745 0.999751 0.0157745 -0.999035 0 0.0439263 -0.999987 0 -0.00511331 -0.999982 0 -0.00607762 -0.999627 0 0.0273171 -0.926046 0 -0.37741 -0.957611 0 -0.288064 0.00370709 -0.999986 0.00370366 -0.00199097 -0.999996 -0.00198914 -0.0585355 -0.996571 -0.0584815 -0.0528551 -0.997205 -0.0528063 -0.336951 -0.879163 0.336952 -0.286159 -0.914454 0.28616 0.0541033 -0.997069 -0.0541034 -0.00244996 -0.999994 0.00244995 0.016983 -0.999712 -0.016983 0.0150926 -0.999772 -0.0150926 -0.00368414 -0.999986 0.00368414 -0.00179328 -0.999997 0.00179328 0.00918 0.999916 -0.00917999 0.00956943 0.999908 -0.00956942 0.0134362 0.999819 -0.0134362 0.0130468 0.99983 -0.0130468 </float_array>
          <technique_common>
            <accessor count="200" offset="0" source="#meshId8-tangents-array" stride="3">
              <param name="X" type="float" />
              <param name="Y" type="float" />
              <param name="Z" type="float" />
            </accessor>
          </technique_common>
        </source>
        <source id="meshId8-bitangents" name="meshId8-bitangents">
          <float_array id="meshId8-bitangents-array" count="600"> -0.250431 0.434614 0.865098 -0.473667 0.260041 0.841438 -0.480233 0.254057 0.839542 -0.267641 0.422905 0.865748 0.331778 -0.377196 0.864666 0.299755 -0.400641 0.865814 0.299346 -0.400935 0.86582 0.331375 -0.377497 0.864689 -0.278029 0.415726 0.865951 -0.281127 0.413561 0.865988 -0.281215 0.4135 0.865989 -0.278118 0.415665 0.865952 -0.253259 -0.432725 0.865222 -0.324689 -0.382179 0.865168 -0.326136 -0.381106 0.865098 -0.256674 -0.430414 0.865368 0.323008 0.383716 0.865117 0.303495 0.397955 0.86575 0.303247 0.398134 0.865754 0.322762 0.383898 0.865128 -0.274027 -0.418508 0.865887 -0.28574 -0.41032 0.86602 -0.286071 -0.410086 0.866021 -0.27436 -0.418277 0.865893 0.296177 -0.403201 0.865857 0.29351 -0.4051 0.865878 0.293477 -0.405124 0.865879 0.296144 -0.403225 0.865857 -0.283927 0.411597 0.86601 -0.286537 0.409759 0.866022 -0.286611 0.409707 0.866022 -0.284001 0.411545 0.866011 0.291309 0.406666 0.865888 0.294487 0.404407 0.865871 0.294527 0.404379 0.86587 0.291349 0.406637 0.865888 -0.282865 -0.412341 0.866003 -0.29122 -0.406446 0.866021 -0.291457 -0.406278 0.86602 -0.283103 -0.412174 0.866005 0.290768 -0.407047 0.865891 0.288381 -0.408736 0.865893 0.288351 -0.408757 0.865893 0.290738 -0.407069 0.865891 -0.28903 0.407995 0.866027 -0.291642 0.406144 0.866021 -0.291716 0.406091 0.86602 -0.289104 0.407942 0.866026 0.285944 0.410457 0.865887 0.289385 0.408028 0.865892 0.289429 0.407997 0.865892 0.285987 0.410427 0.865888 -0.287952 -0.408758 0.866026 -0.296086 -0.402981 0.86599 -0.296317 -0.402817 0.865988 -0.288184 -0.408595 0.866026 0.285655 -0.410658 0.865888 0.283787 -0.411971 0.865878 0.283764 -0.411988 0.865878 0.285631 -0.410675 0.865888 -0.293613 0.404744 0.86601 -0.290723 0.406798 0.866023 -0.29064 0.406856 0.866023 -0.293531 0.404803 0.866011 0.281113 0.413849 0.865855 0.284547 0.41144 0.865881 0.28459 0.411409 0.865881 0.281156 0.413818 0.865855 -0.292787 -0.405333 0.866014 -0.296999 -0.40233 0.86598 -0.297118 -0.402245 0.865979 -0.292907 -0.405248 0.866014 0.306839 0.395539 0.865678 0.280676 0.414153 0.865851 0.280342 0.414386 0.865848 0.306509 0.395778 0.865686 -0.272457 -0.419593 0.865858 -0.486052 -0.248715 0.837792 -0.492332 -0.242888 0.835832 -0.288964 -0.408041 0.866027 0.308005 -0.394695 0.865649 0.287021 -0.409697 0.865891 0.286754 -0.409885 0.865891 0.30774 -0.394887 0.865656 -0.268908 0.422046 0.865774 -0.355556 0.358835 0.863028 -0.3573 0.357489 0.862867 -0.273068 0.419171 0.865869 0.707397 -0.0101396 0.706743 0.706869 0.0399541 0.706215 0.706717 0.044996 0.706064 0.707424 -0.00509338 0.706771 0.00542838 -0 0.999985 0.0499672 -0 0.998751 0.0664 -0 0.997793 0.00671995 -0 0.999977 0.706791 -0.0425886 0.706139 0.706909 -0.0385019 0.706256 0.707432 0.00209155 0.706779 0.707432 -0.00199845 0.706779 -0.634666 0.440906 0.634665 -0.666232 0.335067 0.666232 -0.706541 -0.0400094 0.70654 -0.705124 0.0748418 0.705123 -0.346383 0 0.938093 -0.258482 0 0.966016 -0.61153 -0.502056 0.611531 -0.637766 -0.431867 0.637766 -0.706472 0.0423717 0.706472 -0.706622 -0.0370204 0.706622 0.707429 -0.00356588 0.706775 0.707426 -0.00464989 0.706772 0.707426 -0.00475911 0.706772 0.707429 -0.00367511 0.706775 -0.000995389 0 1 0.0052444 -0 0.999986 0.00537392 -0 0.999986 -0.000834993 0 1 0.707068 0.0321276 0.706415 0.707146 0.0284762 0.706494 0.707412 -0.00778356 0.706759 0.707427 -0.00413055 0.706774 -0.707105 0.00211297 0.707105 -0.707098 0.00486342 0.707098 -0.706741 0.0321724 0.706741 -0.706801 0.0294233 0.706801 -0.707069 -0.0104147 0.707068 -0.707073 -0.00990028 0.707072 -0.707099 -0.00479173 0.707098 -0.707097 -0.00530621 0.707096 0.707425 0.00486472 0.706771 0.70743 0.00319461 0.706776 0.70743 0.00302633 0.706776 0.707426 0.00469644 0.706772 -0.00563904 0 0.999984 0.000273194 -0 1 0.00042675 -0 1 -0.00548693 0 0.999985 0.707234 0.0237335 0.706581 0.70729 0.0201083 0.706637 0.707344 -0.0158854 0.706691 0.70738 -0.0122597 0.706727 -0.707085 -0.00777569 0.707085 -0.707098 -0.0049042 0.707098 -0.70691 0.0236108 0.70691 -0.706955 0.02074 0.706955 -0.707103 -0.00358151 0.707102 -0.707104 -0.00297679 0.707103 -0.707104 0.00302795 0.707103 -0.707105 0.00242323 0.707104 0.707373 0.0130654 0.706719 0.707388 0.0113936 0.706734 0.707389 0.0112251 0.706735 0.707375 0.0128969 0.706721 -0.00998362 0 0.99995 -0.00444408 0 0.99999 -0.0043004 0 0.999991 -0.00978678 0 0.999952 0.707352 0.015101 0.7067 0.707386 0.0114942 0.706733 0.707224 -0.0243107 0.706571 0.707282 -0.0207045 0.706629 -0.707019 -0.0157769 0.707019 -0.707047 -0.0129674 0.707047 -0.707028 0.0149356 0.707028 -0.707055 0.0121261 0.707055 -0.707098 0.00485621 0.707098 -0.707096 0.00543348 0.707096 -0.707063 0.0111655 0.707063 -0.707067 0.0105883 0.707067 0.703787 0.101409 0.703136 0.707187 0.0264192 0.706533 0.707308 0.018855 0.706654 0.704309 0.0938793 0.703658 -0.650126 -0.393282 0.650127 -0.67774 -0.285196 0.67774 -0.704072 0.0925441 0.704073 -0.70693 -0.0223085 0.706931 0.0439263 -0 0.999035 -0.00511331 0 0.999987 -0.00607762 0 0.999982 0.0273171 -0 0.999627 -0.37741 0 0.926046 -0.288064 0 0.957611 0.707423 0.00524019 0.70677 0.70743 -0.00281436 0.706777 0.705007 -0.0827435 0.704357 0.705456 -0.0747139 0.704805 -0.621662 0.476521 0.621662 -0.646616 0.404691 0.646617 -0.705033 -0.0765137 0.705034 -0.707102 0.00346476 0.707103 -0.706903 -0.0240176 0.706903 -0.706946 -0.0213442 0.706946 -0.707097 0.00521015 0.707097 -0.707105 0.00253608 0.707105 -0.707048 0.0129825 0.707047 -0.707042 0.0135332 0.707042 -0.70698 0.0190016 0.706979 -0.706987 0.0184509 0.706986 </float_array>
          <technique_common>
            <accessor count="200" offset="0" source="#meshId8-bitangents-array" stride="3">
              <param name="X" type="float" />
              <param name="Y" type="float" />
              <param name="Z" type="float" />
            </accessor>
          </technique_common>
        </source>
        <source id="meshId8-tex0" name="meshId8-tex0">
          <float_array id="meshId8-tex0-array" count="400"> 0.267592 0.78928 0.281597 0.819694 0.280223 0.822017 0.264918 0.789437 0.264918 0.789437 0.294253 0.713335 0.296702 0.713296 0.267592 0.78928 0.294253 0.713335 0.26284 0.638406 0.265485 0.638379 0.296702 0.713296 0.256034 0.790312 0.276796 0.832271 0.275364 0.834834 0.253564 0.790439 0.253564 0.790439 0.283081 0.713463 0.285732 0.713409 0.256034 0.790312 0.283081 0.713463 0.251761 0.638488 0.254202 0.638479 0.285732 0.713409 0.26284 0.638406 0.29314 0.562975 0.295595 0.562958 0.265485 0.638379 0.29314 0.562975 0.262265 0.487775 0.26491 0.487768 0.295595 0.562958 0.251761 0.638488 0.281943 0.562984 0.284597 0.562963 0.254202 0.638479 0.281943 0.562984 0.251182 0.487771 0.253624 0.487782 0.284597 0.562963 0.262265 0.487775 0.293118 0.412569 0.295573 0.412571 0.26491 0.487768 0.293118 0.412569 0.262796 0.337145 0.265441 0.337157 0.295573 0.412571 0.251182 0.487771 0.281922 0.412497 0.284575 0.412495 0.253624 0.487782 0.281922 0.412497 0.251714 0.33706 0.254156 0.337089 0.284575 0.412495 0.262796 0.337145 0.294203 0.262159 0.296656 0.262178 0.265441 0.337157 0.294203 0.262159 0.264413 0.186561 0.267058 0.186569 0.296656 0.262178 0.251714 0.33706 0.283008 0.262011 0.285661 0.262027 0.254156 0.337089 0.283008 0.262011 0.253364 0.186449 0.255801 0.186481 0.285661 0.262027 0.287135 0.111104 0.255801 0.186481 0.253364 0.186449 0.284455 0.11117 0.284455 0.11117 0.27152 0.080329 0.272932 0.078011 0.287135 0.111104 0.298437 0.110453 0.267058 0.186569 0.264413 0.186561 0.295957 0.110524 0.295957 0.110524 0.276659 0.067879 0.278178 0.065381 0.298437 0.110453 0.283081 0.713463 0.253564 0.790439 0.241593 0.789941 0.270556 0.713576 0.294253 0.713335 0.264918 0.789437 0.256034 0.790312 0.285732 0.713409 0.280149 0.789752 0.267592 0.78928 0.296702 0.713296 0.308704 0.713273 0.293134 0.814905 0.281597 0.819694 0.267592 0.78928 0.280149 0.789752 0.280223 0.822017 0.276796 0.832271 0.275364 0.834834 0.263672 0.840786 0.241593 0.789941 0.253564 0.790439 0.281943 0.562984 0.251761 0.638488 0.239699 0.63854 0.269416 0.563023 0.29314 0.562975 0.26284 0.638406 0.254202 0.638479 0.284597 0.562963 0.278068 0.63803 0.265485 0.638379 0.295595 0.562958 0.307603 0.563043 0.308704 0.713273 0.296702 0.713296 0.265485 0.638379 0.278068 0.63803 0.283081 0.713463 0.270556 0.713576 0.239699 0.63854 0.251761 0.638488 0.281922 0.412497 0.251182 0.487771 0.23912 0.487738 0.269394 0.412444 0.293118 0.412569 0.262265 0.487775 0.253624 0.487782 0.284575 0.412495 0.277498 0.487511 0.26491 0.487768 0.295573 0.412571 0.307581 0.412744 0.307603 0.563043 0.295595 0.562958 0.26491 0.487768 0.277498 0.487511 0.281943 0.562984 0.269416 0.563023 0.23912 0.487738 0.251182 0.487771 0.283008 0.262011 0.251714 0.33706 0.239653 0.336938 0.270482 0.261869 0.294203 0.262159 0.262796 0.337145 0.254156 0.337089 0.285661 0.262027 0.278031 0.336994 0.265441 0.337157 0.296656 0.262178 0.308662 0.262442 0.307581 0.412744 0.295573 0.412571 0.265441 0.337157 0.278031 0.336994 0.281922 0.412497 0.269394 0.412444 0.239653 0.336938 0.251714 0.33706 0.284455 0.11117 0.253364 0.186449 0.241296 0.186241 0.272022 0.110059 0.259832 0.084557 0.27152 0.080329 0.284455 0.11117 0.272022 0.110059 0.295957 0.110524 0.264413 0.186561 0.255801 0.186481 0.287135 0.111104 0.272932 0.078011 0.276659 0.067879 0.279639 0.186512 0.267058 0.186569 0.298437 0.110453 0.310333 0.111368 0.278178 0.065381 0.290009 0.059739 0.310333 0.111368 0.298437 0.110453 0.308662 0.262442 0.296656 0.262178 0.267058 0.186569 0.279639 0.186512 0.283008 0.262011 0.270482 0.261869 0.241296 0.186241 0.253364 0.186449 </float_array>
          <technique_common>
            <accessor count="200" offset="0" source="#meshId8-tex0-array" stride="2">
              <param name="S" type="float" />
              <param name="T" type="float" />
            </accessor>
          </technique_common>
        </source>
        <vertices id="meshId8-vertices">
          <input semantic="POSITION" source="#meshId8-positions" />
        </vertices>
        <polylist count="110" material="defaultMaterial">
          <input offset="0" semantic="VERTEX" source="#meshId8-vertices" />
          <input offset="0" semantic="NORMAL" source="#meshId8-normals" />
          <input offset="0" semantic="TANGENT" source="#meshId8-tangents" />
          <input offset="0" semantic="BINORMAL" source="#meshId8-bitangents" />
          <input offset="0" semantic="TEXCOORD" source="#meshId8-tex0" set="0" />
          <vcount>3 3 3 3 3 3 3 3 3 3 3 3 3 3 3 3 3 3 3 3 3 3 3 3 3 3 3 3 3 3 3 3 3 3 3 3 3 3 3 3 3 3 3 3 3 3 3 3 3 3 3 3 3 3 3 3 3 3 3 3 3 3 3 3 3 3 3 3 3 3 3 3 3 3 3 3 3 3 3 3 3 3 3 3 3 3 3 3 3 3 3 3 3 3 3 3 3 3 3 3 3 3 3 3 3 3 3 3 3 3 </vcount>
          <p>3 0 1 1 2 3 7 4 5 5 6 7 11 8 9 9 10 11 15 12 13 13 14 15 19 16 17 17 18 19 23 20 21 21 22 23 27 24 25 25 26 27 31 28 29 29 30 31 35 32 33 33 34 35 39 36 37 37 38 39 43 40 41 41 42 43 47 44 45 45 46 47 51 48 49 49 50 51 55 52 53 53 54 55 59 56 57 57 58 59 63 60 61 61 62 63 67 64 65 65 66 67 71 68 69 69 70 71 75 72 73 73 74 75 79 76 77 77 78 79 83 80 81 81 82 83 87 84 85 85 86 87 91 88 89 89 90 91 95 92 93 93 94 95 99 96 97 97 98 99 103 100 101 101 102 103 93 104 105 105 94 93 109 106 107 107 108 109 113 110 111 111 112 113 117 114 115 115 116 117 121 118 119 119 120 121 125 122 123 123 124 125 115 92 95 95 116 115 129 126 127 127 128 129 133 130 131 131 132 133 137 134 135 135 136 137 141 138 139 139 140 141 145 142 143 143 144 145 135 114 117 117 136 135 149 146 147 147 148 149 153 150 151 151 152 153 157 154 155 155 156 157 161 158 159 159 160 161 165 162 163 163 164 165 155 134 137 137 156 155 169 166 167 167 168 169 173 170 171 171 172 173 177 174 175 175 176 177 181 178 179 179 180 181 181 182 183 183 178 181 187 184 185 185 186 187 191 188 189 189 190 191 195 192 193 193 194 195 179 154 157 157 180 179 199 196 197 197 198 199 </p>
        </polylist>
      </mesh>
    </geometry>
    <geometry id="meshId9" name="meshId9_name" >
      <mesh>
        <source id="meshId9-positions" name="meshId9-positions">
          <float_array id="meshId9-positions-array" count="600"> 0.737733 0.0466489 0.698218 0.731824 0.0508264 0.698216 0.795807 0.0463225 0.7622 0.795807 0.0421452 0.756292 0.731824 0.0508264 0.698216 0.737733 0.0466489 0.698218 0.89327 0.0466489 0.542824 0.887362 0.0508264 0.542822 0.887362 0.0508264 0.542822 0.89327 0.0466489 0.542824 0.737733 0.0466489 0.387286 0.731824 0.0508264 0.387285 0.704253 0.0508264 0.698219 0.698344 0.0466489 0.698218 0.795807 0.0421452 0.795681 0.795807 0.0463225 0.789773 0.698344 0.0466489 0.698218 0.704253 0.0508264 0.698219 0.859791 0.0508264 0.542825 0.853882 0.0466489 0.542824 0.853882 0.0466489 0.542824 0.859791 0.0508264 0.542825 0.704253 0.0508264 0.387288 0.698344 0.0466489 0.387286 0.731824 0.0508264 0.387285 0.737733 0.0466489 0.387286 0.89327 0.0466489 0.231892 0.887361 0.0508264 0.231891 0.887361 0.0508264 0.231891 0.89327 0.0466489 0.231892 0.737733 0.0466489 0.0763549 0.731824 0.0508264 0.0763536 0.698344 0.0466489 0.387286 0.704253 0.0508264 0.387288 0.859791 0.0508264 0.231894 0.853882 0.0466489 0.231892 0.853882 0.0466489 0.231892 0.859791 0.0508264 0.231894 0.704253 0.0508264 0.0763563 0.698344 0.0466489 0.0763549 0.731824 0.0508264 0.0763536 0.737733 0.0466489 0.0763549 0.89327 0.0466489 -0.0790389 0.887361 0.0508264 -0.0790403 0.887361 0.0508264 -0.0790403 0.89327 0.0466489 -0.0790389 0.737733 0.0466489 -0.234576 0.731824 0.0508264 -0.234578 0.698344 0.0466489 0.0763549 0.704253 0.0508264 0.0763563 0.859791 0.0508264 -0.0790376 0.853882 0.0466489 -0.0790389 0.853882 0.0466489 -0.0790389 0.859791 0.0508264 -0.0790376 0.704253 0.0508264 -0.234575 0.698344 0.0466489 -0.234576 0.731824 0.0508264 -0.234578 0.737733 0.0466489 -0.234576 0.89327 0.0466489 -0.38997 0.887361 0.0508264 -0.389972 0.887361 0.0508264 -0.389972 0.89327 0.0466489 -0.38997 0.737733 0.0466489 -0.545508 0.731824 0.0508264 -0.545509 0.698344 0.0466489 -0.234576 0.704253 0.0508264 -0.234575 0.859791 0.0508264 -0.389969 0.853882 0.0466489 -0.38997 0.853882 0.0466489 -0.38997 0.859791 0.0508264 -0.389969 0.704253 0.0508264 -0.545506 0.698344 0.0466489 -0.545508 0.859791 0.0508264 -0.7009 0.853881 0.0466489 -0.700902 0.698344 0.0466489 -0.545508 0.704253 0.0508264 -0.545506 0.853881 0.0466489 -0.700902 0.859791 0.0508264 -0.7009 0.795807 0.0463225 -0.764884 0.795807 0.0421452 -0.758976 0.89327 0.0466489 -0.700902 0.887361 0.0508264 -0.700903 0.731824 0.0508264 -0.545509 0.737733 0.0466489 -0.545508 0.887361 0.0508264 -0.700903 0.89327 0.0466489 -0.700902 0.795807 0.0421452 -0.798365 0.795807 0.0463225 -0.792457 0.853882 0.0466489 0.542824 0.853882 0.0103129 0.542824 0.698344 0.0103129 0.698218 0.698344 0.0466489 0.698218 0.887362 0.0508264 0.542822 0.859791 0.0508264 0.542825 0.704253 0.0508264 0.698219 0.731824 0.0508264 0.698216 0.737733 0.0103129 0.698218 0.89327 0.0103129 0.542824 0.89327 0.0466489 0.542824 0.737733 0.0466489 0.698218 0.795808 0.0103129 0.756292 0.737733 0.0103129 0.698218 0.737733 0.0466489 0.698218 0.795807 0.0421452 0.756292 0.795807 0.0463225 0.7622 0.795807 0.0463225 0.789773 0.795807 0.0421452 0.795681 0.698344 0.0466489 0.698218 0.698344 0.0103129 0.698218 0.795807 0.0103129 0.795681 0.853882 0.0466489 0.231892 0.853882 0.0103129 0.231892 0.698344 0.0103129 0.387286 0.698344 0.0466489 0.387286 0.887361 0.0508264 0.231891 0.859791 0.0508264 0.231894 0.704253 0.0508264 0.387288 0.731824 0.0508264 0.387285 0.737733 0.0103129 0.387286 0.89327 0.0103129 0.231892 0.89327 0.0466489 0.231892 0.737733 0.0466489 0.387286 0.89327 0.0103129 0.542824 0.737733 0.0103129 0.387286 0.737733 0.0466489 0.387286 0.89327 0.0466489 0.542824 0.853882 0.0466489 0.542824 0.698344 0.0466489 0.387286 0.698344 0.0103129 0.387286 0.853882 0.0103129 0.542824 0.853882 0.0466489 -0.0790389 0.853882 0.0103129 -0.0790389 0.698344 0.0103129 0.0763549 0.698344 0.0466489 0.0763549 0.887361 0.0508264 -0.0790403 0.859791 0.0508264 -0.0790376 0.704253 0.0508264 0.0763563 0.731824 0.0508264 0.0763536 0.737733 0.0103129 0.0763549 0.89327 0.0103129 -0.0790389 0.89327 0.0466489 -0.0790389 0.737733 0.0466489 0.0763549 0.89327 0.0103129 0.231892 0.737733 0.0103129 0.0763549 0.737733 0.0466489 0.0763549 0.89327 0.0466489 0.231892 0.853882 0.0466489 0.231892 0.698344 0.0466489 0.0763549 0.698344 0.0103129 0.0763549 0.853882 0.0103129 0.231892 0.853882 0.0466489 -0.38997 0.853882 0.0103129 -0.38997 0.698344 0.0103129 -0.234576 0.698344 0.0466489 -0.234576 0.887361 0.0508264 -0.389972 0.859791 0.0508264 -0.389969 0.704253 0.0508264 -0.234575 0.731824 0.0508264 -0.234578 0.737733 0.0103129 -0.234576 0.89327 0.0103129 -0.38997 0.89327 0.0466489 -0.38997 0.737733 0.0466489 -0.234576 0.89327 0.0103129 -0.0790389 0.737733 0.0103129 -0.234576 0.737733 0.0466489 -0.234576 0.89327 0.0466489 -0.0790389 0.853882 0.0466489 -0.0790389 0.698344 0.0466489 -0.234576 0.698344 0.0103129 -0.234576 0.853882 0.0103129 -0.0790389 0.853881 0.0466489 -0.700902 0.853881 0.0103129 -0.700902 0.698344 0.0103129 -0.545508 0.698344 0.0466489 -0.545508 0.795807 0.0103129 -0.758976 0.853881 0.0103129 -0.700902 0.853881 0.0466489 -0.700902 0.795807 0.0421452 -0.758976 0.887361 0.0508264 -0.700903 0.859791 0.0508264 -0.7009 0.704253 0.0508264 -0.545506 0.731824 0.0508264 -0.545509 0.795807 0.0463225 -0.764884 0.795807 0.0463225 -0.792457 0.737733 0.0103129 -0.545508 0.89327 0.0103129 -0.700902 0.89327 0.0466489 -0.700902 0.737733 0.0466489 -0.545508 0.795807 0.0421452 -0.798365 0.89327 0.0466489 -0.700902 0.89327 0.0103129 -0.700902 0.795807 0.0103129 -0.798365 0.89327 0.0103129 -0.38997 0.737733 0.0103129 -0.545508 0.737733 0.0466489 -0.545508 0.89327 0.0466489 -0.38997 0.853882 0.0466489 -0.38997 0.698344 0.0466489 -0.545508 0.698344 0.0103129 -0.545508 0.853882 0.0103129 -0.38997 </float_array>
          <technique_common>
            <accessor count="200" offset="0" source="#meshId9-positions-array" stride="3">
              <param name="X" type="float" />
              <param name="Y" type="float" />
              <param name="Z" type="float" />
            </accessor>
          </technique_common>
        </source>
        <source id="meshId9-normals" name="meshId9-normals">
          <float_array id="meshId9-normals-array" count="600"> 0.525734 0.706629 -0.473581 0.525734 0.706629 -0.473581 0.525734 0.706629 -0.473581 0.525734 0.706629 -0.473581 0.499769 0.707106 0.500232 0.499769 0.707106 0.500232 0.499769 0.707106 0.500232 0.499769 0.707106 0.500232 0.499999 0.707108 -0.5 0.499999 0.707107 -0.5 0.499999 0.707108 -0.5 0.499999 0.707107 -0.5 -0.483016 0.706905 0.516701 -0.483016 0.706905 0.516701 -0.483016 0.706905 0.516701 -0.483016 0.706905 0.516701 -0.499767 0.70711 -0.500229 -0.499767 0.70711 -0.500228 -0.499767 0.70711 -0.500229 -0.499767 0.70711 -0.500228 -0.499999 0.707108 0.5 -0.499999 0.707107 0.5 -0.499999 0.707108 0.5 -0.499999 0.707107 0.5 0.499767 0.70711 0.500229 0.499767 0.70711 0.500229 0.499767 0.70711 0.500229 0.499767 0.70711 0.500229 0.499999 0.707107 -0.5 0.499999 0.707107 -0.5 0.499999 0.707107 -0.5 0.499999 0.707107 -0.5 -0.499767 0.70711 -0.500228 -0.499767 0.70711 -0.500228 -0.499767 0.70711 -0.500228 -0.499767 0.70711 -0.500228 -0.499999 0.707108 0.5 -0.499999 0.707107 0.5 -0.499999 0.707108 0.5 -0.499999 0.707107 0.5 0.499767 0.70711 0.500229 0.499767 0.70711 0.500229 0.499767 0.70711 0.500229 0.499767 0.70711 0.500229 0.499999 0.707107 -0.5 0.499999 0.707107 -0.5 0.499999 0.707107 -0.5 0.499999 0.707107 -0.5 -0.499767 0.70711 -0.500228 -0.499767 0.70711 -0.500228 -0.499767 0.70711 -0.500228 -0.499767 0.70711 -0.500228 -0.499999 0.707107 0.5 -0.499999 0.707107 0.5 -0.499999 0.707107 0.5 -0.499999 0.707107 0.5 0.499767 0.70711 0.500229 0.499767 0.70711 0.500229 0.499767 0.70711 0.500229 0.499767 0.70711 0.500229 0.499999 0.707108 -0.5 0.499999 0.707108 -0.5 0.499999 0.707108 -0.5 0.499999 0.707108 -0.5 -0.499766 0.70711 -0.500229 -0.499766 0.70711 -0.500229 -0.499766 0.70711 -0.500229 -0.499766 0.70711 -0.500229 -0.499999 0.707108 0.5 -0.499999 0.707108 0.5 -0.499999 0.707108 0.5 -0.499999 0.707108 0.5 -0.499766 0.70711 -0.500229 -0.499766 0.70711 -0.500229 -0.499766 0.70711 -0.500229 -0.499766 0.70711 -0.500229 -0.525734 0.706625 0.473586 -0.525734 0.706625 0.473586 -0.525734 0.706625 0.473586 -0.525734 0.706625 0.473586 0.499767 0.70711 0.500229 0.499767 0.70711 0.500229 0.499767 0.70711 0.500229 0.499767 0.70711 0.500229 0.483022 0.706895 -0.51671 0.483022 0.706895 -0.51671 0.483022 0.706895 -0.51671 0.483022 0.706895 -0.51671 -0.70678 0 -0.707434 -0.70678 0 -0.707434 -0.70678 0 -0.707434 -0.70678 0 -0.707434 0 1 0 0 1 0 0.00966999 0.999907 0.009668 0.009654 0.999907 0.009652 0.70678 0 0.707433 0.70678 0 0.707433 0.70678 0 0.707433 0.70678 0 0.707433 0.707108 7e-06 -0.707106 0.707108 7e-06 -0.707106 0.707108 7e-06 -0.707106 0.707108 7e-06 -0.707106 0.028935 0.999163 0.02893 0.028935 0.999163 0.02893 -0.707107 -4e-06 0.707106 -0.707107 -4e-06 0.707106 -0.707107 -4e-06 0.707106 -0.707107 -4e-06 0.707106 -0.70678 0 -0.707434 -0.70678 0 -0.707434 -0.70678 0 -0.707434 -0.70678 0 -0.707434 0 1 0 0 1 0 0 1 0 0 1 0 0.70678 0 0.707433 0.70678 0 0.707433 0.70678 0 0.707433 0.70678 0 0.707433 0.707107 0 -0.707107 0.707107 0 -0.707107 0.707107 0 -0.707107 0.707107 0 -0.707107 -0.707106 0 0.707107 -0.707106 0 0.707107 -0.707106 0 0.707107 -0.707106 0 0.707107 -0.70678 0 -0.707434 -0.70678 0 -0.707434 -0.70678 0 -0.707434 -0.70678 0 -0.707434 0 1 0 0 1 0 0 1 0 0 1 0 0.70678 0 0.707433 0.70678 0 0.707433 0.70678 0 0.707433 0.70678 0 0.707433 0.707107 0 -0.707107 0.707107 0 -0.707107 0.707107 0 -0.707107 0.707107 0 -0.707107 -0.707106 0 0.707107 -0.707106 0 0.707107 -0.707106 0 0.707107 -0.707106 0 0.707107 -0.70678 0 -0.707434 -0.70678 0 -0.707434 -0.70678 0 -0.707434 -0.70678 0 -0.707434 0 1 0 0 1 0 0 1 0 0 1 0 0.70678 0 0.707433 0.70678 0 0.707433 0.70678 0 0.707433 0.70678 0 0.707433 0.707107 0 -0.707107 0.707107 0 -0.707107 0.707107 0 -0.707107 0.707107 0 -0.707107 -0.707107 0 0.707107 -0.707107 0 0.707107 -0.707107 0 0.707107 -0.707107 0 0.707107 -0.70678 0 -0.707434 -0.70678 0 -0.707434 -0.70678 0 -0.707434 -0.70678 0 -0.707434 -0.707107 0 0.707107 -0.707107 0 0.707107 -0.707107 0 0.707106 -0.707107 0 0.707106 -0.00966999 0.999907 -0.009668 -0.009654 0.999907 -0.009652 0 1 0 0 1 0 -0.028935 0.999163 -0.028929 -0.028935 0.999163 -0.028929 0.70678 0 0.707433 0.70678 0 0.707433 0.70678 0 0.707433 0.70678 0 0.707433 0.707107 2e-06 -0.707106 0.707107 2e-06 -0.707106 0.707107 2e-06 -0.707106 0.707107 2e-06 -0.707106 0.707107 0 -0.707107 0.707107 0 -0.707107 0.707107 0 -0.707107 0.707107 0 -0.707107 -0.707106 0 0.707107 -0.707106 0 0.707107 -0.707106 0 0.707107 -0.707106 0 0.707107 </float_array>
          <technique_common>
            <accessor count="200" offset="0" source="#meshId9-normals-array" stride="3">
              <param name="X" type="float" />
              <param name="Y" type="float" />
              <param name="Z" type="float" />
            </accessor>
          </technique_common>
        </source>
        <source id="meshId9-tangents" name="meshId9-tangents">
          <float_array id="meshId9-tangents-array" count="600"> -0.818262 0.572256 -0.0545111 -0.812332 0.58226 -0.0330011 -0.70008 0.675671 0.230991 -0.70484 0.673553 0.222547 -0.797847 0.600621 -0.0519033 -0.798032 0.600416 -0.0514281 -0.811879 0.583661 -0.0139102 -0.811713 0.58388 -0.0143861 -0.820996 0.570767 -0.0138068 -0.820949 0.570838 -0.0136601 -0.819285 0.573323 -0.00848043 -0.819333 0.573254 -0.00862771 -0.836796 -0.546414 -0.0346871 -0.835786 -0.548159 -0.0313556 -0.810978 -0.583678 0.0404278 -0.811566 -0.582965 0.0389036 -0.802115 -0.595774 -0.0407953 -0.802223 -0.595649 -0.0405105 -0.81043 -0.585558 -0.0180465 -0.810329 -0.585688 -0.0183315 -0.822326 -0.568732 -0.0180148 -0.822191 -0.56894 -0.0175868 -0.817324 -0.576173 -0.00248892 -0.817465 -0.575971 -0.00291767 -0.813744 0.581161 -0.00852128 -0.813754 0.581148 -0.00849227 -0.814535 0.580081 -0.00620436 -0.814525 0.580095 -0.00623338 -0.818533 0.574426 -0.00616941 -0.818494 0.574483 -0.00605123 -0.817124 0.576459 -0.00188536 -0.817163 0.576403 -0.00200355 -0.815794 -0.578337 -0.00248136 -0.815772 -0.578368 -0.00254569 -0.814053 -0.580741 -0.0076179 -0.814075 -0.580711 -0.00755357 -0.81899 -0.573758 -0.00757018 -0.818887 -0.573908 -0.00725632 -0.815217 -0.579143 0.00381839 -0.815323 -0.578996 0.00350391 -0.815993 0.578059 -0.00188847 -0.815999 0.57805 -0.00187099 -0.81646 0.577401 -0.000492548 -0.816454 0.57741 -0.000510034 -0.816656 0.577124 -0.000477894 -0.816612 0.577187 -0.000343621 -0.815024 0.579411 0.0043891 -0.815069 0.579348 0.00425484 -0.817873 -0.575386 0.00376848 -0.817852 -0.575416 0.00370461 -0.81618 -0.577796 -0.00133092 -0.816201 -0.577766 -0.00126706 -0.816939 -0.576722 -0.00132953 -0.816839 -0.576864 -0.00102831 -0.813251 -0.581834 0.00958894 -0.813354 -0.581695 0.00928773 -0.818073 0.575097 0.00437588 -0.818077 0.575092 0.00438658 -0.818354 0.574691 0.00523077 -0.81835 0.574696 0.00522007 -0.814732 0.579814 0.00525259 -0.814748 0.579792 0.0052049 -0.815316 0.579005 0.00352408 -0.8153 0.579028 0.00357177 -0.819731 -0.57267 0.0094621 -0.819713 -0.572697 0.00940547 -0.818259 -0.574828 0.00494006 -0.818278 -0.574801 0.00499669 -0.814835 -0.579672 0.00494821 -0.814775 -0.579754 0.00512345 -0.812662 -0.582626 0.0112988 -0.812722 -0.582545 0.0111236 -0.809032 -0.587353 -0.0219826 -0.80918 -0.587164 -0.0215682 -0.820268 -0.571871 0.0111276 -0.820135 -0.57207 0.010713 -0.811258 -0.583954 -0.0292862 -0.804873 -0.593392 -0.00811649 -0.688774 -0.68033 0.250485 -0.693611 -0.6784 0.242235 -0.808808 0.587638 -0.0226089 -0.808925 0.58749 -0.0222822 -0.817778 0.575523 0.0034795 -0.81767 0.575678 0.00315281 -0.830974 0.55608 -0.0160412 -0.829583 0.558259 -0.0117601 -0.794632 0.601744 0.0804033 -0.795471 0.600892 0.0784522 0.00795173 -0.999937 -0.00794438 0.00397255 -0.999984 -0.00396888 -0.0302157 -0.999087 0.0301877 -0.0262395 -0.999312 0.0262153 -0.999978 0 -0.00662871 -0.999968 0 -0.00796533 -0.997497 0.0103231 -0.0699531 -0.998536 0.0101537 -0.053139 -0.0218611 0.999522 0.021841 -0.00162043 0.999997 0.00161894 0.000735834 0.999999 -0.000735155 -0.0195059 0.99962 0.0194879 -0.328985 0.885179 -0.328977 -0.0632059 0.995998 -0.0631962 0.0205569 0.999577 0.0205668 -0.243832 0.938667 -0.243823 -0.936069 0.0169331 0.351408 -0.964824 0.0203515 0.262106 -0.391924 -0.832339 -0.391929 -0.0341029 -0.998836 -0.0341086 0.0282002 -0.999205 0.0281946 -0.331766 -0.883096 -0.331771 0.00244105 -0.999994 -0.00243879 0.00252346 -0.999994 -0.00252113 0.00323146 -0.99999 -0.00322848 0.00314905 -0.99999 -0.00314614 -1 0 0.000321755 -1 0 0.000168889 -0.999981 0 -0.0062025 -0.999982 0 -0.00607739 0.0255552 0.999347 -0.0255317 -0.00354073 0.999988 0.00353747 -0.00692735 0.999952 0.00692096 0.0221705 0.999509 -0.02215 -0.000742927 0.999999 -0.000742927 -0.022984 0.999472 -0.022984 -0.0255702 0.999346 -0.0255702 -0.00333069 0.999989 -0.00333069 -0.00817624 -0.999933 -0.00817623 -0.00376762 -0.999986 -0.00376761 -0.00325467 -0.999989 -0.00325466 -0.00766332 -0.999941 -0.0076633 -0.0043828 -0.999981 0.00437875 -0.00425219 -0.999982 0.00424826 -0.0031302 -0.99999 0.0031273 -0.0032608 -0.999989 0.00325779 -0.999984 0 0.00572042 -0.999984 0 0.00557287 -1 0 -0.000576922 -1 0 -0.00042945 0.0187072 0.99965 -0.0186899 -0.0102441 0.999895 0.0102346 -0.0136132 0.999815 0.0136006 0.0153386 0.999765 -0.0153245 0.00691533 0.999952 0.00691533 -0.0159273 0.999746 -0.0159273 -0.0185839 0.999655 -0.0185839 0.00425798 0.999982 0.00425798 -0.00245237 -0.999994 -0.00245237 0.00254909 -0.999994 0.00254909 0.003131 -0.99999 0.003131 -0.00187046 -0.999996 -0.00187046 -0.0110195 -0.999879 0.0110093 -0.0108941 -0.999881 0.0108841 -0.00981731 -0.999904 0.00980823 -0.00994266 -0.999901 0.00993347 -0.999943 0 0.0106681 -0.999945 0 0.0104774 -0.999988 0 0.00483035 -0.999988 0 0.00496781 0.0117454 0.999862 -0.0117346 -0.0170972 0.999708 0.0170814 -0.0204528 0.999582 0.0204339 0.0083889 0.99993 -0.00838116 0.0135016 0.999818 0.0135016 -0.00897706 0.999919 -0.00897706 -0.0115919 0.999866 -0.0115919 0.0108869 0.999882 0.0108869 0.00437396 -0.999981 0.00437395 0.00919471 -0.999915 0.00919471 0.00975557 -0.999905 0.00975557 0.00493486 -0.999976 0.00493485 -0.0701903 -0.995066 0.0701254 -0.0645783 -0.995825 0.0645186 -0.0161992 -0.999738 0.0161842 -0.0218348 -0.999524 0.0218146 -0.28651 -0.914234 -0.28651 -0.0187829 -0.999647 -0.0187829 0.0642066 -0.995869 0.0642067 -0.199848 -0.95923 -0.199848 -0.998948 -0.0100933 -0.0447383 -0.999568 -0.00991791 -0.0276788 -0.999974 0 0.00720788 -0.999981 0 0.00619331 -0.922002 -0.0154992 0.386875 -0.955038 -0.0190908 0.295869 0.00354418 0.999987 -0.00354091 -0.0543739 0.997042 0.0543237 -0.0610923 0.996264 0.0610359 -0.00319671 0.99999 0.00319376 -0.369473 0.852631 -0.369472 -0.00652993 0.999957 -0.0065271 0.0558748 0.996873 0.0558777 -0.307865 0.900244 -0.307863 0.0201658 0.999593 0.0201658 -0.00104466 0.999999 -0.00104466 -0.00351241 0.999988 -0.00351241 0.0176989 0.999687 0.0176989 0.010939 -0.99988 0.0109389 0.0157408 -0.999752 0.0157407 0.0162994 -0.999734 0.0162994 0.0114977 -0.999868 0.0114977 </float_array>
          <technique_common>
            <accessor count="200" offset="0" source="#meshId9-tangents-array" stride="3">
              <param name="X" type="float" />
              <param name="Y" type="float" />
              <param name="Z" type="float" />
            </accessor>
          </technique_common>
        </source>
        <source id="meshId9-bitangents" name="meshId9-bitangents">
          <float_array id="meshId9-bitangents-array" count="600"> 0.23249 0.416172 0.879062 0.252428 0.402055 0.880131 0.48321 0.210105 0.84992 0.476241 0.216798 0.85217 -0.337151 -0.373169 0.864334 -0.336712 -0.373499 0.864363 -0.301802 -0.399176 0.86578 -0.302248 -0.398855 0.865772 0.275621 0.417401 0.865916 0.27576 0.417305 0.865918 0.280665 0.413883 0.865984 0.280526 0.41398 0.865982 0.257813 -0.449128 0.855463 0.261069 -0.446997 0.855591 0.330166 -0.399506 0.855211 0.32872 -0.400546 0.855281 -0.32687 0.380853 0.864932 -0.326606 0.381049 0.864946 -0.305674 0.396381 0.865705 -0.30594 0.396188 0.8657 0.271627 -0.42017 0.865838 0.272034 -0.419889 0.865847 0.286327 -0.409906 0.866022 0.285922 -0.410192 0.86602 -0.296739 -0.402799 0.865851 -0.296712 -0.402819 0.865852 -0.294561 -0.404353 0.865871 -0.294588 -0.404334 0.865871 0.282851 0.412351 0.866003 0.282963 0.412273 0.866004 0.286897 0.409505 0.866023 0.286785 0.409583 0.866023 -0.291055 0.406843 0.86589 -0.291116 0.4068 0.86589 -0.295889 0.403405 0.86586 -0.295829 0.403448 0.865861 0.281526 -0.41328 0.865992 0.281823 -0.413072 0.865995 0.292272 -0.405699 0.866017 0.291976 -0.405909 0.866018 -0.290497 -0.407239 0.865891 -0.29048 -0.407251 0.865891 -0.289181 -0.408171 0.865893 -0.289198 -0.408159 0.865893 0.288224 0.408567 0.866025 0.288351 0.408478 0.866025 0.292809 0.405317 0.866014 0.292683 0.405407 0.866015 -0.285159 0.411007 0.865886 -0.28522 0.410964 0.865886 -0.289971 0.407611 0.865893 -0.289911 0.407654 0.865893 0.287421 -0.409135 0.866024 0.287705 -0.408934 0.866025 0.297698 -0.401831 0.865972 0.297415 -0.402034 0.865976 -0.284586 -0.411411 0.865882 -0.284576 -0.411418 0.865882 -0.283778 -0.411978 0.865877 -0.283788 -0.411971 0.865878 0.293621 0.404739 0.86601 0.293576 0.404771 0.86601 0.291994 0.405896 0.866018 0.292039 0.405864 0.866018 -0.279775 0.414782 0.865841 -0.279829 0.414745 0.865842 -0.284053 0.411786 0.865879 -0.283999 0.411823 0.865879 0.293335 -0.404943 0.866011 0.2935 -0.404826 0.86601 0.299302 -0.400681 0.865952 0.299138 -0.400799 0.865954 -0.309355 0.393715 0.865614 -0.308968 0.393996 0.865624 -0.278198 0.415883 0.865822 -0.278591 0.415609 0.865827 0.255858 -0.399598 0.88026 0.275287 -0.385444 0.88071 0.499193 -0.194505 0.844378 0.49245 -0.201133 0.846781 -0.309941 -0.39329 0.865598 -0.309635 -0.393511 0.865606 -0.285433 -0.410815 0.865886 -0.285741 -0.410598 0.865888 0.275993 0.437121 0.85601 0.280145 0.434334 0.85608 0.367764 0.371758 0.852377 0.365944 0.373134 0.852558 -0.707389 -0.0112403 0.706735 -0.707422 -0.00561544 0.706769 -0.706788 0.0427117 0.706135 -0.706947 0.0370911 0.706293 -0.00662871 0 0.999978 -0.00796533 0 0.999968 -0.0700463 -0.00896735 0.997504 -0.0532321 -0.00912486 0.998541 -0.707095 -0.030902 0.706443 -0.707431 -0.00229058 0.706778 -0.707433 0.00104015 0.70678 -0.707164 -0.0275727 0.706511 0.625913 0.46525 0.62592 0.704275 0.0893798 0.704278 0.706807 -0.0290788 0.706809 0.663736 0.344824 0.663741 0.350624 -0.0372485 0.935775 0.261298 -0.0354964 0.964605 0.588553 -0.554267 0.588551 0.706283 -0.0482328 0.706284 0.706544 0.0398772 0.706545 0.624444 -0.469192 0.624443 -0.707429 -0.00345057 0.706775 -0.707429 -0.00356707 0.706775 -0.707426 -0.00456787 0.706772 -0.707427 -0.00445137 0.706773 0.000321755 -0 1 0.000168889 -0 1 -0.0062025 0 0.999981 -0.00607739 0 0.999982 -0.706971 0.0361239 0.706319 -0.707424 -0.00500504 0.706771 -0.707399 -0.00979223 0.706746 -0.707086 0.0313393 0.706433 0.707106 0.00105066 0.707106 0.706733 0.0325043 0.706733 0.706644 0.0361618 0.706644 0.707099 0.00471031 0.707099 0.70706 -0.0115629 0.707059 0.707097 -0.00532821 0.707096 0.7071 -0.00460279 0.707099 0.707066 -0.0108376 0.707065 -0.70742 0.00619535 0.706766 -0.707421 0.00601073 0.706767 -0.707427 0.00442472 0.706773 -0.707426 0.00460934 0.706772 0.00572042 -0 0.999984 0.00557287 -0 0.999984 -0.000576922 0 1 -0.00042945 0 1 -0.707186 0.0264437 0.706533 -0.707359 -0.0144807 0.706706 -0.707302 -0.019243 0.706649 -0.707267 0.0216821 0.706614 0.707073 -0.00977976 0.707073 0.706927 0.0225246 0.706927 0.706863 0.0262816 0.706863 0.707094 -0.00602169 0.707094 0.707103 -0.00346818 0.707102 0.707103 0.00360496 0.707102 0.7071 0.0044279 0.707099 0.707105 -0.00264523 0.707104 -0.707348 0.0155767 0.706694 -0.70735 0.0153995 0.706696 -0.707366 0.0138774 0.706712 -0.707364 0.0140545 0.70671 0.0106681 -0 0.999943 0.0104774 -0 0.999945 0.00483035 -0 0.999988 0.00496781 -0 0.999988 -0.707336 0.0166028 0.706683 -0.707227 -0.0241679 0.706574 -0.707137 -0.0289113 0.706485 -0.707383 0.0118582 0.70673 0.706978 -0.0190942 0.706978 0.70705 0.0126955 0.70705 0.707012 0.0163934 0.707012 0.707023 -0.0153965 0.707023 0.707093 0.00618571 0.707093 0.707047 0.0130033 0.707047 0.707039 0.0137965 0.707039 0.70709 0.00697894 0.70709 -0.703943 0.0992182 0.703292 -0.70448 0.0912853 0.703829 -0.707248 0.0228985 0.706594 -0.707097 0.0308648 0.706443 0.646461 -0.405186 0.646461 0.706857 -0.0265631 0.706857 0.704185 0.0908019 0.704186 0.678277 -0.282628 0.678278 -0.0448317 0.0092252 0.998952 -0.0277719 0.00938062 0.99957 0.00720788 -0 0.999974 0.00619331 -0 0.999981 0.386103 0.0378668 0.921678 0.295069 0.0361893 0.95479 -0.707424 0.00500991 0.706771 -0.70534 -0.0768608 0.704689 -0.70479 -0.0863577 0.70414 -0.707426 -0.00451875 0.706773 0.6029 0.522513 0.602903 0.707076 0.00923272 0.707077 0.704895 -0.0790209 0.704896 0.636568 0.435385 0.63657 0.706819 -0.0285187 0.706819 0.707106 0.00147737 0.707106 0.707098 0.0049673 0.707098 0.706885 -0.02503 0.706885 0.707023 0.01547 0.707022 0.706932 0.0222608 0.706931 0.706919 0.0230508 0.706918 0.707014 0.0162601 0.707013 </float_array>
          <technique_common>
            <accessor count="200" offset="0" source="#meshId9-bitangents-array" stride="3">
              <param name="X" type="float" />
              <param name="Y" type="float" />
              <param name="Z" type="float" />
            </accessor>
          </technique_common>
        </source>
        <source id="meshId9-tex0" name="meshId9-tex0">
          <float_array id="meshId9-tex0-array" count="400"> 0.135363 0.864068 0.137996 0.864244 0.123111 0.896691 0.121733 0.894422 0.137996 0.864244 0.135363 0.864068 0.107738 0.788133 0.110141 0.788181 0.110141 0.788181 0.107738 0.788133 0.137757 0.713357 0.140358 0.713386 0.146718 0.865164 0.149141 0.865305 0.128004 0.909366 0.126562 0.906842 0.149141 0.865305 0.146718 0.865164 0.118487 0.788271 0.121097 0.788334 0.121097 0.788334 0.118487 0.788271 0.148827 0.71347 0.151221 0.713478 0.140358 0.713386 0.137757 0.713357 0.109 0.637968 0.11141 0.637989 0.11141 0.637989 0.109 0.637968 0.138404 0.562896 0.141006 0.562902 0.151221 0.713478 0.148827 0.71347 0.119782 0.637986 0.122395 0.638012 0.122395 0.638012 0.119782 0.637986 0.149478 0.562911 0.151873 0.562897 0.141006 0.562902 0.138404 0.562896 0.109005 0.487754 0.111415 0.487755 0.111415 0.487755 0.109005 0.487754 0.137767 0.412434 0.14037 0.412418 0.151873 0.562897 0.149478 0.562911 0.119787 0.48768 0.1224 0.487684 0.1224 0.487684 0.119787 0.48768 0.14884 0.412355 0.151235 0.412321 0.14037 0.412418 0.137767 0.412434 0.107729 0.337537 0.110138 0.337518 0.110138 0.337518 0.107729 0.337537 0.135866 0.261993 0.138467 0.26198 0.151235 0.412321 0.14884 0.412355 0.118507 0.337377 0.121119 0.337359 0.121119 0.337359 0.118507 0.337377 0.146907 0.261885 0.149297 0.261845 0.116693 0.186643 0.119336 0.186718 0.149297 0.261845 0.146907 0.261885 0.119336 0.186718 0.116693 0.186643 0.130285 0.153624 0.131711 0.155875 0.105596 0.185975 0.108032 0.186053 0.138467 0.26198 0.135866 0.261993 0.108032 0.186053 0.105596 0.185975 0.124951 0.141168 0.126492 0.143616 0.121097 0.788334 0.135261 0.788477 0.162653 0.864766 0.149141 0.865305 0.110141 0.788181 0.118487 0.788271 0.146718 0.865164 0.137996 0.864244 0.121134 0.864458 0.094197 0.78812 0.107738 0.788133 0.135363 0.864068 0.108603 0.889351 0.121134 0.864458 0.135363 0.864068 0.121733 0.894422 0.123111 0.896691 0.126562 0.906842 0.128004 0.909366 0.149141 0.865305 0.162653 0.864766 0.141305 0.915998 0.122395 0.638012 0.136563 0.638055 0.164847 0.713535 0.151221 0.713478 0.11141 0.637989 0.119782 0.637986 0.148827 0.71347 0.140358 0.713386 0.123512 0.71291 0.095449 0.63809 0.109 0.637968 0.137757 0.713357 0.094197 0.78812 0.123512 0.71291 0.137757 0.713357 0.107738 0.788133 0.121097 0.788334 0.151221 0.713478 0.164847 0.713535 0.135261 0.788477 0.1224 0.487684 0.136569 0.487607 0.165498 0.562842 0.151873 0.562897 0.111415 0.487755 0.119787 0.48768 0.149478 0.562911 0.141006 0.562902 0.124153 0.56257 0.095456 0.487993 0.109005 0.487754 0.138404 0.562896 0.095449 0.63809 0.124153 0.56257 0.138404 0.562896 0.109 0.637968 0.122395 0.638012 0.151873 0.562897 0.165498 0.562842 0.136563 0.638055 0.121119 0.337359 0.135285 0.337166 0.16486 0.412149 0.151235 0.412321 0.110138 0.337518 0.118507 0.337377 0.14884 0.412355 0.14037 0.412418 0.123515 0.41223 0.094182 0.337895 0.107729 0.337537 0.137767 0.412434 0.095456 0.487993 0.123515 0.41223 0.137767 0.412434 0.109005 0.487754 0.1224 0.487684 0.151235 0.412321 0.16486 0.412149 0.136569 0.487607 0.119336 0.186718 0.133396 0.18548 0.16293 0.261557 0.149297 0.261845 0.14501 0.160215 0.133396 0.18548 0.119336 0.186718 0.131711 0.155875 0.108032 0.186053 0.116693 0.186643 0.146907 0.261885 0.138467 0.26198 0.130285 0.153624 0.126492 0.143616 0.121625 0.261931 0.092188 0.187064 0.105596 0.185975 0.135866 0.261993 0.124951 0.141168 0.105596 0.185975 0.092188 0.187064 0.111473 0.134951 0.094182 0.337895 0.121625 0.261931 0.135866 0.261993 0.107729 0.337537 0.121119 0.337359 0.149297 0.261845 0.16293 0.261557 0.135285 0.337166 </float_array>
          <technique_common>
            <accessor count="200" offset="0" source="#meshId9-tex0-array" stride="2">
              <param name="S" type="float" />
              <param name="T" type="float" />
            </accessor>
          </technique_common>
        </source>
        <vertices id="meshId9-vertices">
          <input semantic="POSITION" source="#meshId9-positions" />
        </vertices>
        <polylist count="110" material="defaultMaterial">
          <input offset="0" semantic="VERTEX" source="#meshId9-vertices" />
          <input offset="0" semantic="NORMAL" source="#meshId9-normals" />
          <input offset="0" semantic="TANGENT" source="#meshId9-tangents" />
          <input offset="0" semantic="BINORMAL" source="#meshId9-bitangents" />
          <input offset="0" semantic="TEXCOORD" source="#meshId9-tex0" set="0" />
          <vcount>3 3 3 3 3 3 3 3 3 3 3 3 3 3 3 3 3 3 3 3 3 3 3 3 3 3 3 3 3 3 3 3 3 3 3 3 3 3 3 3 3 3 3 3 3 3 3 3 3 3 3 3 3 3 3 3 3 3 3 3 3 3 3 3 3 3 3 3 3 3 3 3 3 3 3 3 3 3 3 3 3 3 3 3 3 3 3 3 3 3 3 3 3 3 3 3 3 3 3 3 3 3 3 3 3 3 3 3 3 3 </vcount>
          <p>3 0 1 1 2 3 7 4 5 5 6 7 11 8 9 9 10 11 15 12 13 13 14 15 19 16 17 17 18 19 23 20 21 21 22 23 27 24 25 25 26 27 31 28 29 29 30 31 35 32 33 33 34 35 39 36 37 37 38 39 43 40 41 41 42 43 47 44 45 45 46 47 51 48 49 49 50 51 55 52 53 53 54 55 59 56 57 57 58 59 63 60 61 61 62 63 67 64 65 65 66 67 71 68 69 69 70 71 75 72 73 73 74 75 79 76 77 77 78 79 83 80 81 81 82 83 87 84 85 85 86 87 91 88 89 89 90 91 95 92 93 93 94 95 99 96 97 97 98 99 103 100 101 101 102 103 105 104 95 95 94 105 109 106 107 107 108 109 113 110 111 111 112 113 117 114 115 115 116 117 121 118 119 119 120 121 125 122 123 123 124 125 93 92 117 117 116 93 129 126 127 127 128 129 133 130 131 131 132 133 137 134 135 135 136 137 141 138 139 139 140 141 145 142 143 143 144 145 115 114 137 137 136 115 149 146 147 147 148 149 153 150 151 151 152 153 157 154 155 155 156 157 161 158 159 159 160 161 165 162 163 163 164 165 135 134 157 157 156 135 169 166 167 167 168 169 173 170 171 171 172 173 177 174 175 175 176 177 181 178 179 179 180 181 183 182 179 179 178 183 187 184 185 185 186 187 191 188 189 189 190 191 195 192 193 193 194 195 155 154 181 181 180 155 199 196 197 197 198 199 </p>
        </polylist>
      </mesh>
    </geometry>
    <geometry id="meshId10" name="meshId10_name" >
      <mesh>
        <source id="meshId10-positions" name="meshId10-positions">
          <float_array id="meshId10-positions-array" count="600"> 0.698218 0.0421452 -0.853881 0.756292 0.0421452 -0.795807 0.7622 0.0463225 -0.795807 0.698216 0.0463225 -0.859791 0.698216 0.0463225 -0.859791 0.542822 0.0463225 -0.704253 0.542824 0.0421452 -0.698344 0.698218 0.0421452 -0.853881 0.542822 0.0463225 -0.704253 0.387285 0.0463225 -0.859791 0.387286 0.0421452 -0.853881 0.542824 0.0421452 -0.698344 0.698219 0.0463225 -0.887361 0.789773 0.0463225 -0.795807 0.795681 0.0421452 -0.795807 0.698218 0.0421452 -0.89327 0.698218 0.0421452 -0.89327 0.542824 0.0421452 -0.737733 0.542825 0.0463225 -0.731824 0.698219 0.0463225 -0.887361 0.542824 0.0421452 -0.737733 0.387286 0.0421452 -0.89327 0.387288 0.0463225 -0.887361 0.542825 0.0463225 -0.731824 0.387285 0.0463225 -0.859791 0.231891 0.0463225 -0.704253 0.231892 0.0421452 -0.698344 0.387286 0.0421452 -0.853881 0.231891 0.0463225 -0.704253 0.0763536 0.0463225 -0.859791 0.0763549 0.0421452 -0.853881 0.231892 0.0421452 -0.698344 0.387286 0.0421452 -0.89327 0.231892 0.0421452 -0.737733 0.231894 0.0463225 -0.731824 0.387288 0.0463225 -0.887361 0.231892 0.0421452 -0.737733 0.0763549 0.0421452 -0.89327 0.0763563 0.0463225 -0.887361 0.231894 0.0463225 -0.731824 0.0763536 0.0463225 -0.859791 -0.0790403 0.0463225 -0.704253 -0.0790389 0.0421452 -0.698344 0.0763549 0.0421452 -0.853881 -0.0790403 0.0463225 -0.704253 -0.234578 0.0463225 -0.859791 -0.234576 0.0421452 -0.853881 -0.0790389 0.0421452 -0.698344 0.0763549 0.0421452 -0.89327 -0.0790389 0.0421452 -0.737733 -0.0790376 0.0463225 -0.731824 0.0763563 0.0463225 -0.887361 -0.0790389 0.0421452 -0.737733 -0.234576 0.0421452 -0.89327 -0.234575 0.0463225 -0.887361 -0.0790376 0.0463225 -0.731824 -0.234578 0.0463225 -0.859791 -0.389972 0.0463225 -0.704253 -0.38997 0.0421452 -0.698344 -0.234576 0.0421452 -0.853881 -0.389972 0.0463225 -0.704253 -0.545509 0.0463225 -0.859791 -0.545508 0.0421452 -0.853882 -0.38997 0.0421452 -0.698344 -0.234576 0.0421452 -0.89327 -0.38997 0.0421452 -0.737733 -0.389969 0.0463225 -0.731824 -0.234575 0.0463225 -0.887361 -0.38997 0.0421452 -0.737733 -0.545508 0.0421452 -0.89327 -0.545506 0.0463225 -0.887362 -0.389969 0.0463225 -0.731824 -0.7009 0.0463225 -0.731824 -0.545506 0.0463225 -0.887362 -0.545508 0.0421452 -0.89327 -0.700902 0.0421452 -0.737733 -0.700902 0.0421452 -0.737733 -0.758976 0.0421452 -0.795807 -0.764884 0.0463225 -0.795807 -0.7009 0.0463225 -0.731824 -0.700902 0.0421452 -0.698344 -0.545508 0.0421452 -0.853882 -0.545509 0.0463225 -0.859791 -0.700903 0.0463225 -0.704253 -0.700903 0.0463225 -0.704253 -0.792457 0.0463225 -0.795807 -0.798365 0.0421452 -0.795807 -0.700902 0.0421452 -0.698344 0.542824 0.0421452 -0.737733 0.698218 0.0421452 -0.89327 0.698218 0.0103129 -0.89327 0.542824 0.0103129 -0.737733 0.542822 0.0463225 -0.704253 0.698216 0.0463225 -0.859791 0.698219 0.0463225 -0.887361 0.542825 0.0463225 -0.731824 0.698218 0.0103129 -0.853881 0.698218 0.0421452 -0.853881 0.542824 0.0421452 -0.698344 0.542824 0.0103129 -0.698344 0.756292 0.0103129 -0.795807 0.756292 0.0421452 -0.795807 0.698218 0.0421452 -0.853881 0.698218 0.0103129 -0.853881 0.7622 0.0463225 -0.795807 0.789773 0.0463225 -0.795807 0.795681 0.0421452 -0.795807 0.795681 0.0103129 -0.795807 0.698218 0.0103129 -0.89327 0.698218 0.0421452 -0.89327 0.231892 0.0421452 -0.737733 0.387286 0.0421452 -0.89327 0.387286 0.0103129 -0.89327 0.231892 0.0103129 -0.737733 0.231891 0.0463225 -0.704253 0.387285 0.0463225 -0.859791 0.387288 0.0463225 -0.887361 0.231894 0.0463225 -0.731824 0.387286 0.0103129 -0.853881 0.387286 0.0421452 -0.853881 0.231892 0.0421452 -0.698344 0.231892 0.0103129 -0.698344 0.542824 0.0103129 -0.698344 0.542824 0.0421452 -0.698344 0.387286 0.0421452 -0.853881 0.387286 0.0103129 -0.853881 0.542824 0.0421452 -0.737733 0.542824 0.0103129 -0.737733 0.387286 0.0103129 -0.89327 0.387286 0.0421452 -0.89327 -0.0790389 0.0421452 -0.737733 0.0763549 0.0421452 -0.89327 0.0763549 0.0103129 -0.89327 -0.0790389 0.0103129 -0.737733 -0.0790403 0.0463225 -0.704253 0.0763536 0.0463225 -0.859791 0.0763563 0.0463225 -0.887361 -0.0790376 0.0463225 -0.731824 0.0763549 0.0103129 -0.853881 0.0763549 0.0421452 -0.853881 -0.0790389 0.0421452 -0.698344 -0.0790389 0.0103129 -0.698344 0.231892 0.0103129 -0.698344 0.231892 0.0421452 -0.698344 0.0763549 0.0421452 -0.853881 0.0763549 0.0103129 -0.853881 0.231892 0.0421452 -0.737733 0.231892 0.0103129 -0.737733 0.0763549 0.0103129 -0.89327 0.0763549 0.0421452 -0.89327 -0.38997 0.0421452 -0.737733 -0.234576 0.0421452 -0.89327 -0.234576 0.0103129 -0.89327 -0.38997 0.0103129 -0.737733 -0.389972 0.0463225 -0.704253 -0.234578 0.0463225 -0.859791 -0.234575 0.0463225 -0.887361 -0.389969 0.0463225 -0.731824 -0.234576 0.0103129 -0.853881 -0.234576 0.0421452 -0.853881 -0.38997 0.0421452 -0.698344 -0.38997 0.0103129 -0.698344 -0.0790389 0.0103129 -0.698344 -0.0790389 0.0421452 -0.698344 -0.234576 0.0421452 -0.853881 -0.234576 0.0103129 -0.853881 -0.0790389 0.0421452 -0.737733 -0.0790389 0.0103129 -0.737733 -0.234576 0.0103129 -0.89327 -0.234576 0.0421452 -0.89327 -0.700902 0.0421452 -0.737733 -0.545508 0.0421452 -0.89327 -0.545508 0.0103129 -0.89327 -0.700902 0.0103129 -0.737733 -0.758976 0.0103129 -0.795807 -0.758976 0.0421452 -0.795807 -0.700902 0.0421452 -0.737733 -0.700902 0.0103129 -0.737733 -0.700903 0.0463225 -0.704253 -0.545509 0.0463225 -0.859791 -0.545506 0.0463225 -0.887362 -0.7009 0.0463225 -0.731824 -0.764884 0.0463225 -0.795807 -0.792457 0.0463225 -0.795807 -0.545508 0.0103129 -0.853882 -0.545508 0.0421452 -0.853882 -0.700902 0.0421452 -0.698344 -0.700902 0.0103129 -0.698344 -0.798365 0.0421452 -0.795807 -0.798365 0.0103129 -0.795807 -0.700902 0.0103129 -0.698344 -0.700902 0.0421452 -0.698344 -0.38997 0.0103129 -0.698344 -0.38997 0.0421452 -0.698344 -0.545508 0.0421452 -0.853882 -0.545508 0.0103129 -0.853882 -0.38997 0.0421452 -0.737733 -0.38997 0.0103129 -0.737733 -0.545508 0.0103129 -0.89327 -0.545508 0.0421452 -0.89327 </float_array>
          <technique_common>
            <accessor count="200" offset="0" source="#meshId10-positions-array" stride="3">
              <param name="X" type="float" />
              <param name="Y" type="float" />
              <param name="Z" type="float" />
            </accessor>
          </technique_common>
        </source>
        <source id="meshId10-normals" name="meshId10-normals">
          <float_array id="meshId10-normals-array" count="600"> -0.499988 0.707123 0.49999 -0.499988 0.707123 0.49999 -0.499988 0.707123 0.49999 -0.499988 0.707123 0.49999 0.500229 0.70711 0.499767 0.500229 0.70711 0.499767 0.500229 0.70711 0.499767 0.500229 0.70711 0.499767 -0.500001 0.707105 0.500001 -0.500002 0.707104 0.500002 -0.500001 0.707105 0.500001 -0.500002 0.707104 0.500002 0.500001 0.707106 -0.499999 0.500001 0.707106 -0.499999 0.500001 0.707106 -0.499999 0.500001 0.707106 -0.5 -0.50023 0.707108 -0.499767 -0.50023 0.707108 -0.499767 -0.50023 0.707108 -0.499767 -0.50023 0.707108 -0.499767 0.5 0.707107 -0.5 0.5 0.707107 -0.5 0.5 0.707107 -0.5 0.5 0.707107 -0.5 0.500229 0.70711 0.499767 0.500229 0.70711 0.499767 0.500229 0.70711 0.499767 0.500229 0.70711 0.499767 -0.500001 0.707105 0.500002 -0.500001 0.707105 0.500002 -0.500001 0.707105 0.500002 -0.500001 0.707105 0.500002 -0.50023 0.707108 -0.499767 -0.50023 0.707108 -0.499767 -0.50023 0.707108 -0.499767 -0.50023 0.707108 -0.499767 0.5 0.707107 -0.5 0.5 0.707107 -0.5 0.5 0.707107 -0.5 0.5 0.707107 -0.5 0.500229 0.70711 0.499767 0.500229 0.70711 0.499767 0.500229 0.70711 0.499767 0.500229 0.70711 0.499767 -0.499998 0.707109 0.499999 -0.499998 0.707109 0.499999 -0.499998 0.707109 0.499999 -0.499998 0.707109 0.499999 -0.50023 0.707108 -0.499767 -0.50023 0.707108 -0.499767 -0.50023 0.707108 -0.499767 -0.50023 0.707108 -0.499767 0.499999 0.707107 -0.5 0.499999 0.707107 -0.5 0.499999 0.707107 -0.5 0.499999 0.707107 -0.5 0.500228 0.70711 0.499767 0.500228 0.70711 0.499767 0.500228 0.70711 0.499767 0.500228 0.70711 0.499767 -0.499999 0.707108 0.499999 -0.499999 0.707108 0.499999 -0.499999 0.707108 0.499999 -0.499999 0.707108 0.499999 -0.50023 0.707108 -0.499767 -0.50023 0.707108 -0.499767 -0.50023 0.707108 -0.499767 -0.50023 0.707108 -0.499767 0.5 0.707107 -0.5 0.5 0.707107 -0.5 0.5 0.707107 -0.5 0.5 0.707107 -0.5 -0.500229 0.70711 -0.499766 -0.500229 0.70711 -0.499766 -0.500229 0.70711 -0.499766 -0.500229 0.70711 -0.499766 0.499997 0.707111 -0.499997 0.499997 0.707111 -0.499997 0.499997 0.707111 -0.499997 0.499997 0.707111 -0.499997 0.500229 0.707109 0.499767 0.500229 0.707109 0.499767 0.500229 0.707109 0.499767 0.500229 0.707109 0.499767 -0.499999 0.707109 0.499998 -0.499999 0.707109 0.499999 -0.499999 0.707109 0.499998 -0.499999 0.707109 0.499999 -0.707434 0 -0.70678 -0.707434 0 -0.70678 -0.707434 0 -0.70678 -0.707434 0 -0.70678 0 1 0 0 1 0 0 1 0 0 1 0 0.707433 0 0.70678 0.707433 0 0.70678 0.707433 0 0.70678 0.707433 0 0.70678 -0.707107 0 0.707106 -0.707107 0 0.707106 -0.707107 0 0.707106 -0.707107 0 0.707106 0 1 0 0 1 0 0.707107 2e-06 -0.707107 0.707107 2e-06 -0.707106 0.707107 2e-06 -0.707107 0.707107 2e-06 -0.707107 -0.707434 0 -0.70678 -0.707434 0 -0.70678 -0.707434 0 -0.70678 -0.707434 0 -0.70678 0 1 0 0 1 0 0 1 0 0 1 0 0.707433 0 0.70678 0.707433 0 0.70678 0.707433 0 0.70678 0.707433 0 0.70678 -0.707107 0 0.707107 -0.707107 0 0.707107 -0.707107 0 0.707107 -0.707107 0 0.707107 0.707107 0 -0.707106 0.707107 0 -0.707106 0.707107 0 -0.707106 0.707107 0 -0.707106 -0.707434 0 -0.70678 -0.707434 0 -0.70678 -0.707434 0 -0.70678 -0.707434 0 -0.70678 0 1 0 0 1 0 0 1 0 0 1 0 0.707433 0 0.70678 0.707433 0 0.70678 0.707433 0 0.70678 0.707433 0 0.70678 -0.707107 0 0.707107 -0.707107 0 0.707107 -0.707107 0 0.707107 -0.707107 0 0.707107 0.707107 0 -0.707106 0.707107 0 -0.707106 0.707107 0 -0.707106 0.707107 0 -0.707106 -0.707434 0 -0.70678 -0.707434 0 -0.70678 -0.707434 0 -0.70678 -0.707434 0 -0.70678 0 1 0 0 1 0 0 1 0 0 1 0 0.707433 0 0.70678 0.707433 0 0.70678 0.707433 0 0.70678 0.707433 0 0.70678 -0.707107 0 0.707107 -0.707107 0 0.707107 -0.707107 0 0.707107 -0.707107 0 0.707107 0.707107 0 -0.707107 0.707107 0 -0.707107 0.707107 0 -0.707107 0.707107 0 -0.707107 -0.707434 0 -0.70678 -0.707434 0 -0.70678 -0.707434 0 -0.70678 -0.707434 0 -0.70678 0.707106 0 -0.707107 0.707106 0 -0.707107 0.707106 0 -0.707107 0.707106 0 -0.707107 0 1 0 0 1 0 0 1 0 0 1 0 0 1 0 0 1 0 0.707433 0 0.70678 0.707433 0 0.70678 0.707433 0 0.70678 0.707433 0 0.70678 -0.707106 0 0.707107 -0.707106 0 0.707107 -0.707106 0 0.707107 -0.707106 0 0.707107 -0.707107 0 0.707107 -0.707107 0 0.707107 -0.707107 0 0.707107 -0.707107 0 0.707107 0.707107 0 -0.707106 0.707107 0 -0.707106 0.707107 0 -0.707106 0.707107 0 -0.707106 </float_array>
          <technique_common>
            <accessor count="200" offset="0" source="#meshId10-normals-array" stride="3">
              <param name="X" type="float" />
              <param name="Y" type="float" />
              <param name="Z" type="float" />
            </accessor>
          </technique_common>
        </source>
        <source id="meshId10-tangents" name="meshId10-tangents">
          <float_array id="meshId10-tangents-array" count="600"> 0.0226039 -0.566481 0.823764 -0.153453 -0.640535 0.752441 -0.159027 -0.642481 0.749619 0.0096214 -0.572762 0.819665 0.0250303 -0.588736 0.807937 0.011803 -0.582684 0.812613 0.0116352 -0.582606 0.812671 0.0248626 -0.58866 0.807998 0.0116099 -0.571827 0.820292 0.00525787 -0.574864 0.818232 0.0050772 -0.574949 0.818174 0.0114301 -0.571914 0.820234 0.0330736 0.561338 0.826926 -0.0205168 0.58686 0.809429 -0.021621 0.587362 0.809035 0.0305473 0.562591 0.826171 0.0323909 0.592047 0.805252 0.0168795 0.585024 0.810841 0.0166828 0.584933 0.81091 0.0321943 0.591959 0.805325 0.0166419 0.569398 0.821893 0.00591361 0.574549 0.818449 0.00560922 0.574694 0.818349 0.0163376 0.569546 0.821797 0.00505464 -0.579544 0.814925 0.00506295 -0.579548 0.814923 0.00506305 -0.579548 0.814923 0.00505475 -0.579544 0.814925 0.00505163 -0.574962 0.818165 -0.00052318 -0.577599 0.81632 -0.000681345 -0.577674 0.816267 0.00489347 -0.575037 0.818113 0.00561782 0.579808 0.814734 0.00817025 0.580999 0.813863 0.00820262 0.581014 0.813852 0.00565018 0.579823 0.814723 0.00814508 0.573485 0.819176 0.000700687 0.57702 0.81673 0.000489475 0.577119 0.81666 0.00793386 0.573586 0.819107 -0.000696393 -0.57684 0.816857 0.000179903 -0.577254 0.816565 0.000191015 -0.577259 0.816561 -0.00068528 -0.576846 0.816853 0.000198975 -0.577255 0.816564 -0.0059484 -0.580139 0.814496 -0.00612284 -0.58022 0.814437 2.45332e-05 -0.577337 0.816506 0.000479827 0.577396 0.816464 0.00272861 0.578455 0.81571 0.00275713 0.578468 0.8157 0.000508349 0.57741 0.816454 0.00275432 0.576049 0.817411 -0.00447598 0.579452 0.814994 -0.00468111 0.579548 0.814924 0.00254921 0.576146 0.817343 -0.0060945 -0.57428 0.818637 -0.00442104 -0.575076 0.818088 -0.00439982 -0.575086 0.818081 -0.00607328 -0.57429 0.81863 -0.00439868 -0.579415 0.815021 -0.00803585 -0.581112 0.813784 -0.00813902 -0.58116 0.813749 -0.00450186 -0.579463 0.814986 -0.00467561 0.574956 0.818171 -0.00241807 0.576027 0.817427 -0.00238944 0.576041 0.817418 -0.00464699 0.57497 0.818162 -0.00236786 0.578464 0.815704 -0.00769132 0.580953 0.813901 -0.00784236 0.581023 0.813849 -0.0025189 0.578535 0.815654 0.0073974 0.580637 0.814129 -0.00758788 0.573566 0.819124 -0.00777792 0.573476 0.819186 0.00720735 0.580549 0.814194 0.00670778 0.574166 0.818711 -0.178623 0.649135 0.739403 -0.184466 0.651054 0.736275 -0.00698325 0.580619 0.814146 0.0130614 -0.583266 0.812176 -0.00773054 -0.5735 0.819169 -0.00799421 -0.573374 0.819255 0.0127977 -0.583144 0.812268 0.0134389 -0.570943 0.82088 -0.0473672 -0.598813 0.799487 -0.048619 -0.599356 0.799005 0.0105706 -0.572322 0.819961 0.0140886 0.999801 -0.0141017 -0.0189526 0.99964 0.0189701 -0.0222795 0.999503 0.0223001 0.0107608 0.999884 -0.0107708 0.0083645 0 0.999965 0.0432504 0 0.999064 0.0601593 0 0.998189 0.00932086 0 0.999957 -0.0389496 -0.99848 0.0389856 -0.0357538 -0.99872 0.0357868 -0.00399649 -0.999984 0.00400019 -0.00719669 -0.999948 0.00720334 0.292491 -0.910439 0.292491 0.219465 -0.950615 0.219466 -0.0367707 -0.998647 -0.0367707 0.0415854 -0.998269 0.0415854 -0.370042 0 0.929015 -0.278856 0 0.960333 0.358771 0.861722 0.358774 0.309852 0.898878 0.309855 -0.0209156 0.999562 -0.0209128 0.0346099 0.998801 0.0346127 0.00960215 0.999908 -0.00961103 0.00913234 0.999917 -0.00914079 0.009085 0.999917 -0.00909341 0.00955481 0.999909 -0.00956365 0.00268124 0 0.999996 0.00179047 0 0.999998 0.00163034 0 0.999999 0.00254185 0 0.999997 0.0161699 -0.999738 -0.0161849 0.0137765 -0.99981 -0.0137892 -0.009986 -0.9999 0.00999523 -0.00759223 -0.999942 0.00759924 -0.0040451 -0.999984 -0.0040451 -0.00218994 -0.999995 -0.00218994 0.0162321 -0.999736 0.0162321 0.0143773 -0.999793 0.0143773 0.0144362 0.999792 0.0144363 0.0139514 0.999805 0.0139514 0.00913655 0.999916 0.00913657 0.00962146 0.999907 0.00962148 0.00390584 0.999985 -0.00390946 0.00361008 0.999987 -0.00361342 0.00358028 0.999987 -0.00358359 0.00387604 0.999985 -0.00387963 -0.00190257 0 0.999998 -0.00288815 0 0.999996 -0.00302886 0 0.999995 -0.00204555 0 0.999998 0.0102664 -0.999894 -0.0102758 0.00789244 -0.999938 -0.00789973 -0.0156727 -0.999754 0.0156872 -0.0132991 -0.999823 0.0133114 -0.0100018 -0.9999 -0.0100018 -0.00814991 -0.999934 -0.00814991 0.0102417 -0.999895 0.0102417 0.00838983 -0.99993 0.00838983 0.00963891 0.999907 0.00963892 0.00908448 0.999917 0.00908449 0.0035789 0.999987 0.00357891 0.00413337 0.999983 0.00413338 -0.00195872 0.999996 0.00196053 -0.00195695 0.999996 0.00195876 -0.00195677 0.999996 0.00195858 -0.00195854 0.999996 0.00196035 -0.0063325 0 0.99998 -0.00754871 0 0.999971 -0.00769635 0 0.99997 -0.00645087 0 0.999979 0.00439405 -0.999981 -0.00439811 0.00201028 -0.999996 -0.00201214 -0.0216491 -0.999531 0.0216691 -0.0192663 -0.999628 0.0192841 -0.015609 -0.999756 -0.015609 -0.0137825 -0.99981 -0.0137825 0.00435836 -0.999981 0.00435836 0.00253155 -0.999994 0.00253155 0.0038981 0.999985 0.0038981 0.00336352 0.999989 0.00336352 -0.0019448 0.999996 -0.0019448 -0.00141021 0.999998 -0.00141021 -0.0644019 0.99584 0.0644615 -0.0137358 0.999811 0.0137485 -0.00862679 0.999926 0.00863477 -0.0593119 0.996473 0.0593667 0.261579 0.92906 0.261579 0.189778 0.963311 0.189777 -0.058816 0.996535 -0.0588159 0.0169266 0.999713 0.0169266 0.0433546 0 0.99906 -0.00945626 0 0.999955 -0.0106728 0 0.999943 0.0257419 0 0.999669 -0.402879 0 0.915253 -0.308929 0 0.951085 -0.00169441 -0.999997 0.00169597 -0.00713291 -0.999949 0.0071395 -0.0610854 -0.996258 0.0611419 -0.0556654 -0.996894 0.0557168 0.335731 -0.880097 0.33573 0.284783 -0.915313 0.284783 -0.0563799 -0.996816 -0.0563799 0.000282645 -1 0.00028265 -0.021444 -0.99954 -0.021444 -0.0196369 -0.999614 -0.0196369 -0.00168611 -0.999997 -0.00168611 -0.00349395 -0.999988 -0.00349395 -0.00194486 0.999996 -0.00194486 -0.00256025 0.999993 -0.00256026 -0.00867078 0.999925 -0.00867079 -0.00805543 0.999935 -0.00805544 </float_array>
          <technique_common>
            <accessor count="200" offset="0" source="#meshId10-tangents-array" stride="3">
              <param name="X" type="float" />
              <param name="Y" type="float" />
              <param name="Z" type="float" />
            </accessor>
          </technique_common>
        </source>
        <source id="meshId10-bitangents" name="meshId10-bitangents">
          <float_array id="meshId10-bitangents-array" count="600"> 0.865737 0.423174 0.26725 0.852329 0.299487 0.42877 0.851306 0.295288 0.433685 0.865979 0.414633 0.279571 0.865531 -0.391644 -0.312202 0.865813 -0.400594 -0.299821 0.865815 -0.400707 -0.299664 0.865536 -0.391758 -0.312046 0.865947 0.415952 0.277705 0.866009 0.411747 0.283715 0.86601 0.411626 0.283885 0.865949 0.415833 0.277876 0.865393 -0.430001 0.257283 0.865782 -0.394457 0.307938 0.865755 -0.393708 0.30897 0.865486 -0.42836 0.259696 0.865286 0.386624 -0.319064 0.865728 0.397171 -0.304582 0.865732 0.397304 -0.304398 0.865294 0.386758 -0.318881 0.865865 -0.419267 0.272932 0.866005 -0.412181 0.283093 0.866007 -0.411979 0.283381 0.865871 -0.419067 0.27322 0.865878 -0.405123 -0.293479 0.865878 -0.405117 -0.293487 0.865878 -0.405117 -0.293487 0.865878 -0.405123 -0.293479 0.86601 0.411609 0.283909 0.866025 0.407899 0.28917 0.866025 0.407794 0.289319 0.866011 0.411504 0.284059 0.865874 0.404747 -0.29401 0.865854 0.403036 -0.296411 0.865854 0.403014 -0.296441 0.865874 0.404725 -0.294041 0.865987 -0.41366 0.280983 0.866025 -0.408715 0.288014 0.866025 -0.408575 0.288213 0.865989 -0.41352 0.281183 0.865893 -0.408963 -0.28806 0.865893 -0.408379 -0.288886 0.865893 -0.408372 -0.288897 0.865893 -0.408956 -0.28807 0.866027 0.40838 0.288485 0.866006 0.404272 0.294274 0.866005 0.404155 0.294438 0.866027 0.408264 0.28865 0.865892 0.40818 -0.28917 0.865888 0.406679 -0.29129 0.865888 0.40666 -0.291317 0.865892 0.408161 -0.289197 0.866021 -0.410082 0.286076 0.866014 -0.405258 0.292891 0.866013 -0.405121 0.293084 0.866022 -0.409945 0.28627 0.865872 -0.412551 -0.282961 0.865882 -0.41144 -0.284543 0.865882 -0.411426 -0.284563 0.865872 -0.412537 -0.282981 0.866015 0.40531 0.292817 0.865989 0.402873 0.296238 0.865988 0.402804 0.296335 0.866014 0.405241 0.292914 0.86588 0.411611 -0.284304 0.865889 0.41011 -0.286436 0.865889 0.410091 -0.286463 0.86588 0.411592 -0.284331 0.866022 -0.406668 0.290906 0.865991 -0.403105 0.295915 0.86599 -0.403003 0.296057 0.866022 -0.406567 0.291049 0.865862 0.403554 -0.295682 0.86586 0.413542 -0.281549 0.865858 0.413668 -0.281369 0.865863 0.403681 -0.295504 0.866001 -0.412707 0.282338 0.847406 -0.280389 0.450872 0.846153 -0.275903 0.455963 0.865999 -0.403579 0.295246 0.865794 -0.399747 -0.301002 0.865858 -0.413636 -0.281415 0.865856 -0.41381 -0.281165 0.865798 -0.399924 -0.300755 0.865922 0.417159 0.275968 0.86473 0.376059 0.3329 0.86466 0.375192 0.334056 0.865962 0.415265 0.278686 0.706639 -0.0199336 -0.707293 0.706526 0.0268154 -0.707179 0.706428 0.0315226 -0.707082 0.706698 -0.0152251 -0.707352 0.999965 0 -0.0083645 0.999064 0 -0.0432504 0.998189 0 -0.0601593 0.999957 0 -0.00932086 0.705706 -0.0551085 -0.706358 0.705875 -0.0505868 -0.706527 0.706769 -0.00565451 -0.707422 0.706744 -0.0101824 -0.707397 0.643777 0.413644 0.643778 0.672186 0.310371 0.672187 0.70615 -0.0520016 0.70615 0.705882 0.0588107 0.705883 0.929015 -0 0.370042 0.960333 -0 0.278856 0.60933 -0.507381 0.609329 0.635603 -0.438199 0.635603 0.706797 0.0295772 0.706797 0.706259 -0.0489478 0.706259 0.706715 -0.0135858 -0.707368 0.706721 -0.0129211 -0.707375 0.706721 -0.0128541 -0.707375 0.706715 -0.0135188 -0.707369 0.999996 0 -0.00268124 0.999998 0 -0.00179047 0.999999 0 -0.00163034 0.999997 0 -0.00254185 0.706595 0.0228783 -0.707248 0.706646 0.0194919 -0.707299 0.70671 -0.0141289 -0.707363 0.706739 -0.010742 -0.707392 0.707095 -0.00572064 0.707095 0.707103 -0.00309704 0.707103 0.70692 0.0229556 0.70692 0.706961 0.0203326 0.706961 0.706959 -0.0204159 0.70696 0.706969 -0.0197302 0.70697 0.707047 -0.012921 0.707048 0.707041 -0.0136068 0.707042 0.706769 -0.00552625 -0.707423 0.70677 -0.00510779 -0.707424 0.706771 -0.00506562 -0.707425 0.706769 -0.00548409 -0.707423 0.999998 -0 0.00190257 0.999996 -0 0.00288815 0.999995 -0 0.00302886 0.999998 -0 0.00204555 0.706706 0.0145255 -0.707359 0.706736 0.0111668 -0.707389 0.706606 -0.0221748 -0.707259 0.706655 -0.0188164 -0.707308 0.707036 -0.0141447 0.707036 0.70706 -0.0115257 0.70706 0.707033 0.014484 0.707033 0.707057 0.011865 0.707057 0.707041 -0.0136315 0.707042 0.707048 -0.0128474 0.707049 0.707097 -0.00506134 0.707098 0.707094 -0.00584547 0.707095 0.706777 0.00277132 -0.707431 0.706777 0.00276882 -0.707431 0.706777 0.00276857 -0.707431 0.706777 0.00277107 -0.707431 0.99998 -0 0.0063325 0.999971 -0 0.00754871 0.99997 -0 0.00769635 0.999979 -0 0.00645087 0.706766 0.00621699 -0.707419 0.706777 0.00284428 -0.70743 0.706449 -0.0306306 -0.707101 0.706518 -0.0272593 -0.70717 0.706935 -0.0220744 0.706935 0.706972 -0.0194915 0.706972 0.707093 0.00616366 0.707093 0.707102 0.00358015 0.707102 0.707096 -0.00551274 0.707096 0.707099 -0.00475673 0.707099 0.707104 0.00275036 0.707104 0.707105 0.00199434 0.707105 0.703839 0.0911201 -0.704491 0.706646 0.0194343 -0.7073 0.706727 0.0122058 -0.707381 0.704287 0.0839185 -0.704938 0.656945 -0.369928 0.656944 0.681165 -0.268386 0.681164 0.704657 0.0831783 0.704656 0.706905 -0.0239378 0.706904 0.99906 0 -0.0433546 0.999955 -0 0.00945626 0.999943 -0 0.0106728 0.999669 0 -0.0257419 0.915253 -0 0.402879 0.951085 -0 0.308929 0.706778 -0.00239736 -0.707431 0.706744 -0.0100921 -0.707397 0.704135 -0.0864277 -0.704786 0.704585 -0.0787591 -0.705236 0.622323 0.474795 0.622322 0.647224 0.402744 0.647223 0.704856 -0.0797332 0.704855 0.707107 0.000399724 0.707106 0.706782 -0.0303264 0.706782 0.706834 -0.0277708 0.706834 0.707105 -0.00238452 0.707105 0.707098 -0.0049412 0.707098 0.707104 0.00275044 0.707105 0.707102 0.00362075 0.707103 0.707053 0.0122623 0.707054 0.70706 0.0113921 0.707061 </float_array>
          <technique_common>
            <accessor count="200" offset="0" source="#meshId10-bitangents-array" stride="3">
              <param name="X" type="float" />
              <param name="Y" type="float" />
              <param name="Z" type="float" />
            </accessor>
          </technique_common>
        </source>
        <source id="meshId10-tex0" name="meshId10-tex0">
          <float_array id="meshId10-tex0-array" count="400"> 0.028671 0.939156 0.042449 0.96938 0.04119 0.971865 0.026007 0.939242 0.026007 0.939242 0.055356 0.863408 0.057789 0.863368 0.028671 0.939156 0.055356 0.863408 0.024082 0.788747 0.026723 0.78873 0.057789 0.863368 0.017235 0.940032 0.037746 0.981919 0.036371 0.98454 0.014766 0.940144 0.014766 0.940144 0.044187 0.863579 0.046826 0.863521 0.017235 0.940032 0.044187 0.863579 0.013095 0.788789 0.015534 0.78877 0.046826 0.863521 0.024082 0.788747 0.054184 0.71349 0.05662 0.713473 0.026723 0.78873 0.054184 0.71349 0.023438 0.638576 0.02608 0.638579 0.05662 0.713473 0.013095 0.788789 0.043007 0.713555 0.045646 0.713527 0.015534 0.78877 0.043007 0.713555 0.012449 0.638538 0.014888 0.638537 0.045646 0.713527 0.023438 0.638576 0.054076 0.563537 0.056512 0.563537 0.02608 0.638579 0.054076 0.563537 0.023867 0.488406 0.026509 0.488428 0.056512 0.563537 0.012449 0.638538 0.0429 0.563522 0.045539 0.563513 0.014888 0.638537 0.0429 0.563522 0.012878 0.488288 0.015317 0.488305 0.045539 0.563513 0.023867 0.488406 0.055044 0.413585 0.05748 0.413601 0.026509 0.488428 0.055044 0.413585 0.025383 0.338265 0.028024 0.338294 0.05748 0.413601 0.012878 0.488288 0.04387 0.413493 0.046509 0.413502 0.015317 0.488305 0.04387 0.413493 0.014416 0.338096 0.016849 0.338124 0.046509 0.413502 0.048215 0.263114 0.016849 0.338124 0.014416 0.338096 0.045542 0.263139 0.045542 0.263139 0.032831 0.232444 0.034175 0.229999 0.048215 0.263114 0.059479 0.262499 0.028024 0.338294 0.025383 0.338265 0.057008 0.262544 0.057008 0.262544 0.037973 0.22009 0.039444 0.21752 0.059479 0.262499 0.044187 0.863579 0.014766 0.940144 0.002828 0.939797 0.031686 0.8638 0.055356 0.863408 0.026007 0.939242 0.017235 0.940032 0.046826 0.863521 0.041183 0.939766 0.028671 0.939156 0.057789 0.863368 0.069759 0.86343 0.053989 0.964946 0.042449 0.96938 0.028671 0.939156 0.041183 0.939766 0.04119 0.971865 0.037746 0.981919 0.036371 0.98454 0.024808 0.990577 0.002828 0.939797 0.014766 0.940144 0.043007 0.713555 0.013095 0.788789 0.001069 0.788929 0.030507 0.713703 0.054184 0.71349 0.024082 0.788747 0.015534 0.78877 0.045646 0.713527 0.03926 0.788482 0.026723 0.78873 0.05662 0.713473 0.068596 0.713627 0.069759 0.86343 0.057789 0.863368 0.026723 0.78873 0.03926 0.788482 0.044187 0.863579 0.031686 0.8638 0.001069 0.788929 0.013095 0.788789 0.0429 0.563522 0.012449 0.638538 0.000422 0.638593 0.030399 0.563582 0.054076 0.563537 0.023438 0.638576 0.014888 0.638537 0.045539 0.563513 0.038619 0.638422 0.02608 0.638579 0.056512 0.563537 0.068487 0.563778 0.068596 0.713627 0.05662 0.713473 0.02608 0.638579 0.038619 0.638422 0.043007 0.713555 0.030507 0.713703 0.000422 0.638593 0.012449 0.638538 0.04387 0.413493 0.012878 0.488288 0.000851 0.488258 0.031369 0.413463 0.055044 0.413585 0.023867 0.488406 0.015317 0.488305 0.046509 0.413502 0.039049 0.488361 0.026509 0.488428 0.05748 0.413601 0.069453 0.413933 0.068487 0.563778 0.056512 0.563537 0.026509 0.488428 0.039049 0.488361 0.0429 0.563522 0.030399 0.563582 0.000851 0.488258 0.012878 0.488288 0.045542 0.263139 0.014416 0.338096 0.002385 0.337962 0.033096 0.262146 0.021147 0.236415 0.032831 0.232444 0.045542 0.263139 0.033096 0.262146 0.057008 0.262544 0.025383 0.338265 0.016849 0.338124 0.048215 0.263114 0.034175 0.229999 0.037973 0.22009 0.040562 0.33832 0.028024 0.338294 0.059479 0.262499 0.071338 0.263451 0.039444 0.21752 0.051244 0.211916 0.071338 0.263451 0.059479 0.262499 0.069453 0.413933 0.05748 0.413601 0.028024 0.338294 0.040562 0.33832 0.04387 0.413493 0.031369 0.413463 0.002385 0.337962 0.014416 0.338096 </float_array>
          <technique_common>
            <accessor count="200" offset="0" source="#meshId10-tex0-array" stride="2">
              <param name="S" type="float" />
              <param name="T" type="float" />
            </accessor>
          </technique_common>
        </source>
        <vertices id="meshId10-vertices">
          <input semantic="POSITION" source="#meshId10-positions" />
        </vertices>
        <polylist count="110" material="defaultMaterial">
          <input offset="0" semantic="VERTEX" source="#meshId10-vertices" />
          <input offset="0" semantic="NORMAL" source="#meshId10-normals" />
          <input offset="0" semantic="TANGENT" source="#meshId10-tangents" />
          <input offset="0" semantic="BINORMAL" source="#meshId10-bitangents" />
          <input offset="0" semantic="TEXCOORD" source="#meshId10-tex0" set="0" />
          <vcount>3 3 3 3 3 3 3 3 3 3 3 3 3 3 3 3 3 3 3 3 3 3 3 3 3 3 3 3 3 3 3 3 3 3 3 3 3 3 3 3 3 3 3 3 3 3 3 3 3 3 3 3 3 3 3 3 3 3 3 3 3 3 3 3 3 3 3 3 3 3 3 3 3 3 3 3 3 3 3 3 3 3 3 3 3 3 3 3 3 3 3 3 3 3 3 3 3 3 3 3 3 3 3 3 3 3 3 3 3 3 </vcount>
          <p>3 0 1 1 2 3 7 4 5 5 6 7 11 8 9 9 10 11 15 12 13 13 14 15 19 16 17 17 18 19 23 20 21 21 22 23 27 24 25 25 26 27 31 28 29 29 30 31 35 32 33 33 34 35 39 36 37 37 38 39 43 40 41 41 42 43 47 44 45 45 46 47 51 48 49 49 50 51 55 52 53 53 54 55 59 56 57 57 58 59 63 60 61 61 62 63 67 64 65 65 66 67 71 68 69 69 70 71 75 72 73 73 74 75 79 76 77 77 78 79 83 80 81 81 82 83 87 84 85 85 86 87 91 88 89 89 90 91 95 92 93 93 94 95 99 96 97 97 98 99 103 100 101 101 102 103 93 104 105 105 94 93 109 106 107 107 108 109 113 110 111 111 112 113 117 114 115 115 116 117 121 118 119 119 120 121 125 122 123 123 124 125 115 92 95 95 116 115 129 126 127 127 128 129 133 130 131 131 132 133 137 134 135 135 136 137 141 138 139 139 140 141 145 142 143 143 144 145 135 114 117 117 136 135 149 146 147 147 148 149 153 150 151 151 152 153 157 154 155 155 156 157 161 158 159 159 160 161 165 162 163 163 164 165 155 134 137 137 156 155 169 166 167 167 168 169 173 170 171 171 172 173 177 174 175 175 176 177 181 178 179 179 180 181 181 182 183 183 178 181 187 184 185 185 186 187 191 188 189 189 190 191 195 192 193 193 194 195 179 154 157 157 180 179 199 196 197 197 198 199 </p>
        </polylist>
      </mesh>
    </geometry>
    <geometry id="meshId11" name="meshId11_name" >
      <mesh>
        <source id="meshId11-positions" name="meshId11-positions">
          <float_array id="meshId11-positions-array" count="600"> 0.698218 0.0466489 -0.737733 0.698216 0.0508264 -0.731824 0.7622 0.0463225 -0.795807 0.756292 0.0421452 -0.795807 0.698216 0.0508264 -0.731824 0.698218 0.0466489 -0.737733 0.542824 0.0466489 -0.89327 0.542822 0.0508264 -0.887362 0.542822 0.0508264 -0.887362 0.542824 0.0466489 -0.89327 0.387286 0.0466489 -0.737733 0.387285 0.0508264 -0.731824 0.698219 0.0508264 -0.704253 0.698218 0.0466489 -0.698344 0.795681 0.0421452 -0.795807 0.789773 0.0463225 -0.795807 0.698218 0.0466489 -0.698344 0.698219 0.0508264 -0.704253 0.542825 0.0508264 -0.859791 0.542824 0.0466489 -0.853882 0.542824 0.0466489 -0.853882 0.542825 0.0508264 -0.859791 0.387288 0.0508264 -0.704253 0.387286 0.0466489 -0.698344 0.387285 0.0508264 -0.731824 0.387286 0.0466489 -0.737733 0.231892 0.0466489 -0.89327 0.231891 0.0508264 -0.887361 0.231891 0.0508264 -0.887361 0.231892 0.0466489 -0.89327 0.0763549 0.0466489 -0.737733 0.0763536 0.0508264 -0.731824 0.387286 0.0466489 -0.698344 0.387288 0.0508264 -0.704253 0.231894 0.0508264 -0.859791 0.231892 0.0466489 -0.853882 0.231892 0.0466489 -0.853882 0.231894 0.0508264 -0.859791 0.0763563 0.0508264 -0.704253 0.0763549 0.0466489 -0.698344 0.0763536 0.0508264 -0.731824 0.0763549 0.0466489 -0.737733 -0.0790389 0.0466489 -0.89327 -0.0790403 0.0508264 -0.887361 -0.0790403 0.0508264 -0.887361 -0.0790389 0.0466489 -0.89327 -0.234576 0.0466489 -0.737733 -0.234578 0.0508264 -0.731824 0.0763549 0.0466489 -0.698344 0.0763563 0.0508264 -0.704253 -0.0790376 0.0508264 -0.859791 -0.0790389 0.0466489 -0.853882 -0.0790389 0.0466489 -0.853882 -0.0790376 0.0508264 -0.859791 -0.234575 0.0508264 -0.704253 -0.234576 0.0466489 -0.698344 -0.234578 0.0508264 -0.731824 -0.234576 0.0466489 -0.737733 -0.38997 0.0466489 -0.89327 -0.389972 0.0508264 -0.887361 -0.389972 0.0508264 -0.887361 -0.38997 0.0466489 -0.89327 -0.545508 0.0466489 -0.737733 -0.545509 0.0508264 -0.731824 -0.234576 0.0466489 -0.698344 -0.234575 0.0508264 -0.704253 -0.389969 0.0508264 -0.859791 -0.38997 0.0466489 -0.853882 -0.38997 0.0466489 -0.853882 -0.389969 0.0508264 -0.859791 -0.545506 0.0508264 -0.704253 -0.545508 0.0466489 -0.698344 -0.7009 0.0508264 -0.859791 -0.700902 0.0466489 -0.853881 -0.545508 0.0466489 -0.698344 -0.545506 0.0508264 -0.704253 -0.700902 0.0466489 -0.853881 -0.7009 0.0508264 -0.859791 -0.764884 0.0463225 -0.795807 -0.758976 0.0421452 -0.795807 -0.700902 0.0466489 -0.89327 -0.700903 0.0508264 -0.887361 -0.545509 0.0508264 -0.731824 -0.545508 0.0466489 -0.737733 -0.700903 0.0508264 -0.887361 -0.700902 0.0466489 -0.89327 -0.798365 0.0421452 -0.795807 -0.792457 0.0463225 -0.795807 0.542824 0.0466489 -0.853882 0.542824 0.0103129 -0.853882 0.698218 0.0103129 -0.698344 0.698218 0.0466489 -0.698344 0.542822 0.0508264 -0.887362 0.542825 0.0508264 -0.859791 0.698219 0.0508264 -0.704253 0.698216 0.0508264 -0.731824 0.698218 0.0103129 -0.737733 0.542824 0.0103129 -0.89327 0.542824 0.0466489 -0.89327 0.698218 0.0466489 -0.737733 0.756292 0.0103129 -0.795808 0.698218 0.0103129 -0.737733 0.698218 0.0466489 -0.737733 0.756292 0.0421452 -0.795807 0.7622 0.0463225 -0.795807 0.789773 0.0463225 -0.795807 0.795681 0.0421452 -0.795807 0.698218 0.0466489 -0.698344 0.698218 0.0103129 -0.698344 0.795681 0.0103129 -0.795807 0.231892 0.0466489 -0.853882 0.231892 0.0103129 -0.853882 0.387286 0.0103129 -0.698344 0.387286 0.0466489 -0.698344 0.231891 0.0508264 -0.887361 0.231894 0.0508264 -0.859791 0.387288 0.0508264 -0.704253 0.387285 0.0508264 -0.731824 0.387286 0.0103129 -0.737733 0.231892 0.0103129 -0.89327 0.231892 0.0466489 -0.89327 0.387286 0.0466489 -0.737733 0.542824 0.0103129 -0.89327 0.387286 0.0103129 -0.737733 0.387286 0.0466489 -0.737733 0.542824 0.0466489 -0.89327 0.542824 0.0466489 -0.853882 0.387286 0.0466489 -0.698344 0.387286 0.0103129 -0.698344 0.542824 0.0103129 -0.853882 -0.0790389 0.0466489 -0.853882 -0.0790389 0.0103129 -0.853882 0.0763549 0.0103129 -0.698344 0.0763549 0.0466489 -0.698344 -0.0790403 0.0508264 -0.887361 -0.0790376 0.0508264 -0.859791 0.0763563 0.0508264 -0.704253 0.0763536 0.0508264 -0.731824 0.0763549 0.0103129 -0.737733 -0.0790389 0.0103129 -0.89327 -0.0790389 0.0466489 -0.89327 0.0763549 0.0466489 -0.737733 0.231892 0.0103129 -0.89327 0.0763549 0.0103129 -0.737733 0.0763549 0.0466489 -0.737733 0.231892 0.0466489 -0.89327 0.231892 0.0466489 -0.853882 0.0763549 0.0466489 -0.698344 0.0763549 0.0103129 -0.698344 0.231892 0.0103129 -0.853882 -0.38997 0.0466489 -0.853882 -0.38997 0.0103129 -0.853882 -0.234576 0.0103129 -0.698344 -0.234576 0.0466489 -0.698344 -0.389972 0.0508264 -0.887361 -0.389969 0.0508264 -0.859791 -0.234575 0.0508264 -0.704253 -0.234578 0.0508264 -0.731824 -0.234576 0.0103129 -0.737733 -0.38997 0.0103129 -0.89327 -0.38997 0.0466489 -0.89327 -0.234576 0.0466489 -0.737733 -0.0790389 0.0103129 -0.89327 -0.234576 0.0103129 -0.737733 -0.234576 0.0466489 -0.737733 -0.0790389 0.0466489 -0.89327 -0.0790389 0.0466489 -0.853882 -0.234576 0.0466489 -0.698344 -0.234576 0.0103129 -0.698344 -0.0790389 0.0103129 -0.853882 -0.700902 0.0466489 -0.853881 -0.700902 0.0103129 -0.853881 -0.545508 0.0103129 -0.698344 -0.545508 0.0466489 -0.698344 -0.758976 0.0103129 -0.795807 -0.700902 0.0103129 -0.853881 -0.700902 0.0466489 -0.853881 -0.758976 0.0421452 -0.795807 -0.700903 0.0508264 -0.887361 -0.7009 0.0508264 -0.859791 -0.545506 0.0508264 -0.704253 -0.545509 0.0508264 -0.731824 -0.764884 0.0463225 -0.795807 -0.792457 0.0463225 -0.795807 -0.545508 0.0103129 -0.737733 -0.700902 0.0103129 -0.89327 -0.700902 0.0466489 -0.89327 -0.545508 0.0466489 -0.737733 -0.798365 0.0421452 -0.795807 -0.700902 0.0466489 -0.89327 -0.700902 0.0103129 -0.89327 -0.798365 0.0103129 -0.795807 -0.38997 0.0103129 -0.89327 -0.545508 0.0103129 -0.737733 -0.545508 0.0466489 -0.737733 -0.38997 0.0466489 -0.89327 -0.38997 0.0466489 -0.853882 -0.545508 0.0466489 -0.698344 -0.545508 0.0103129 -0.698344 -0.38997 0.0103129 -0.853882 </float_array>
          <technique_common>
            <accessor count="200" offset="0" source="#meshId11-positions-array" stride="3">
              <param name="X" type="float" />
              <param name="Y" type="float" />
              <param name="Z" type="float" />
            </accessor>
          </technique_common>
        </source>
        <source id="meshId11-normals" name="meshId11-normals">
          <float_array id="meshId11-normals-array" count="600"> -0.473575 0.706638 -0.525728 -0.473575 0.706638 -0.525728 -0.473575 0.706638 -0.525728 -0.473575 0.706638 -0.525728 0.500232 0.707106 -0.499769 0.500232 0.707106 -0.499769 0.500232 0.707106 -0.499769 0.500232 0.707106 -0.499769 -0.5 0.707108 -0.499999 -0.5 0.707107 -0.499999 -0.5 0.707108 -0.499999 -0.5 0.707107 -0.499999 0.516701 0.706905 0.483016 0.516701 0.706905 0.483016 0.516701 0.706905 0.483016 0.516701 0.706905 0.483016 -0.500229 0.70711 0.499767 -0.500228 0.70711 0.499767 -0.500229 0.70711 0.499767 -0.500228 0.70711 0.499767 0.5 0.707108 0.499999 0.5 0.707107 0.499999 0.5 0.707108 0.499999 0.5 0.707107 0.499999 0.500229 0.70711 -0.499767 0.500229 0.70711 -0.499767 0.500229 0.70711 -0.499767 0.500229 0.70711 -0.499767 -0.5 0.707107 -0.499999 -0.5 0.707107 -0.499999 -0.5 0.707107 -0.499999 -0.5 0.707107 -0.499999 -0.500228 0.70711 0.499767 -0.500228 0.70711 0.499767 -0.500228 0.70711 0.499767 -0.500228 0.70711 0.499767 0.5 0.707108 0.499999 0.5 0.707107 0.499999 0.5 0.707108 0.499999 0.5 0.707107 0.499999 0.500229 0.70711 -0.499767 0.500229 0.70711 -0.499767 0.500229 0.70711 -0.499767 0.500229 0.70711 -0.499767 -0.5 0.707107 -0.499999 -0.5 0.707107 -0.499999 -0.5 0.707107 -0.499999 -0.5 0.707107 -0.499999 -0.500228 0.70711 0.499767 -0.500228 0.70711 0.499767 -0.500228 0.70711 0.499767 -0.500228 0.70711 0.499767 0.5 0.707107 0.499999 0.5 0.707107 0.499999 0.5 0.707107 0.499999 0.5 0.707107 0.499999 0.500229 0.70711 -0.499767 0.500229 0.70711 -0.499767 0.500229 0.70711 -0.499767 0.500229 0.70711 -0.499767 -0.5 0.707108 -0.499999 -0.5 0.707108 -0.499999 -0.5 0.707108 -0.499999 -0.5 0.707108 -0.499999 -0.500229 0.70711 0.499766 -0.500229 0.70711 0.499766 -0.500229 0.70711 0.499766 -0.500229 0.70711 0.499766 0.5 0.707108 0.499999 0.5 0.707108 0.499999 0.5 0.707108 0.499999 0.5 0.707108 0.499999 -0.500229 0.70711 0.499766 -0.500229 0.70711 0.499766 -0.500229 0.70711 0.499766 -0.500229 0.70711 0.499766 0.473586 0.706625 0.525734 0.473586 0.706625 0.525734 0.473586 0.706625 0.525734 0.473586 0.706625 0.525734 0.500229 0.70711 -0.499767 0.500229 0.70711 -0.499767 0.500229 0.70711 -0.499767 0.500229 0.70711 -0.499767 -0.51671 0.706895 -0.483022 -0.51671 0.706895 -0.483022 -0.51671 0.706895 -0.483022 -0.51671 0.706895 -0.483022 -0.707434 0 0.70678 -0.707434 0 0.70678 -0.707434 0 0.70678 -0.707434 0 0.70678 0 1 0 0 1 0 0.009668 0.999907 -0.00966999 0.009652 0.999907 -0.009654 0.707433 0 -0.70678 0.707433 0 -0.70678 0.707433 0 -0.70678 0.707433 0 -0.70678 -0.707106 7e-06 -0.707108 -0.707106 7e-06 -0.707108 -0.707106 7e-06 -0.707108 -0.707106 7e-06 -0.707108 0.02893 0.999163 -0.028935 0.02893 0.999163 -0.028935 0.707106 -4e-06 0.707107 0.707106 -4e-06 0.707107 0.707106 -4e-06 0.707107 0.707106 -4e-06 0.707107 -0.707434 0 0.70678 -0.707434 0 0.70678 -0.707434 0 0.70678 -0.707434 0 0.70678 0 1 0 0 1 0 0 1 0 0 1 0 0.707433 0 -0.70678 0.707433 0 -0.70678 0.707433 0 -0.70678 0.707433 0 -0.70678 -0.707107 0 -0.707107 -0.707107 0 -0.707107 -0.707107 0 -0.707107 -0.707107 0 -0.707107 0.707107 0 0.707106 0.707107 0 0.707106 0.707107 0 0.707106 0.707107 0 0.707106 -0.707434 0 0.70678 -0.707434 0 0.70678 -0.707434 0 0.70678 -0.707434 0 0.70678 0 1 0 0 1 0 0 1 0 0 1 0 0.707433 0 -0.70678 0.707433 0 -0.70678 0.707433 0 -0.70678 0.707433 0 -0.70678 -0.707107 0 -0.707107 -0.707107 0 -0.707107 -0.707107 0 -0.707107 -0.707107 0 -0.707107 0.707107 0 0.707106 0.707107 0 0.707106 0.707107 0 0.707106 0.707107 0 0.707106 -0.707434 0 0.70678 -0.707434 0 0.70678 -0.707434 0 0.70678 -0.707434 0 0.70678 0 1 0 0 1 0 0 1 0 0 1 0 0.707433 0 -0.70678 0.707433 0 -0.70678 0.707433 0 -0.70678 0.707433 0 -0.70678 -0.707107 0 -0.707107 -0.707107 0 -0.707107 -0.707107 0 -0.707107 -0.707107 0 -0.707107 0.707107 0 0.707107 0.707107 0 0.707107 0.707107 0 0.707107 0.707107 0 0.707107 -0.707434 0 0.70678 -0.707434 0 0.70678 -0.707434 0 0.70678 -0.707434 0 0.70678 0.707107 0 0.707107 0.707107 0 0.707107 0.707106 0 0.707107 0.707106 0 0.707107 -0.009668 0.999907 0.00966999 -0.009652 0.999907 0.009654 0 1 0 0 1 0 -0.028929 0.999163 0.028935 -0.028929 0.999163 0.028935 0.707433 0 -0.70678 0.707433 0 -0.70678 0.707433 0 -0.70678 0.707433 0 -0.70678 -0.707106 2e-06 -0.707107 -0.707106 2e-06 -0.707107 -0.707106 2e-06 -0.707107 -0.707106 2e-06 -0.707107 -0.707107 0 -0.707107 -0.707107 0 -0.707107 -0.707107 0 -0.707107 -0.707107 0 -0.707107 0.707107 0 0.707106 0.707107 0 0.707106 0.707107 0 0.707106 0.707107 0 0.707106 </float_array>
          <technique_common>
            <accessor count="200" offset="0" source="#meshId11-normals-array" stride="3">
              <param name="X" type="float" />
              <param name="Y" type="float" />
              <param name="Z" type="float" />
            </accessor>
          </technique_common>
        </source>
        <source id="meshId11-tangents" name="meshId11-tangents">
          <float_array id="meshId11-tangents-array" count="600"> -0.0545064 0.572249 0.818267 -0.0329963 0.582253 0.812338 0.230996 0.675663 0.700086 0.222553 0.673545 0.704846 -0.0519034 0.600621 0.797847 -0.0514281 0.600416 0.798032 -0.0139102 0.583661 0.811879 -0.0143861 0.58388 0.811713 -0.0138068 0.570767 0.820996 -0.0136601 0.570838 0.820949 -0.00848041 0.573323 0.819285 -0.00862771 0.573254 0.819333 -0.0346871 -0.546414 0.836796 -0.0313556 -0.548159 0.835786 0.0404278 -0.583678 0.810978 0.0389036 -0.582965 0.811566 -0.0407953 -0.595774 0.802115 -0.0405106 -0.595649 0.802223 -0.0180465 -0.585558 0.81043 -0.0183315 -0.585688 0.810329 -0.0180148 -0.568732 0.822326 -0.0175868 -0.56894 0.822191 -0.0024889 -0.576173 0.817324 -0.00291767 -0.575971 0.817465 -0.0085213 0.581161 0.813744 -0.00849229 0.581148 0.813754 -0.00620436 0.580081 0.814535 -0.00623337 0.580095 0.814525 -0.00616942 0.574426 0.818533 -0.00605124 0.574483 0.818494 -0.00188536 0.576459 0.817124 -0.00200355 0.576403 0.817163 -0.00248136 -0.578337 0.815794 -0.0025457 -0.578368 0.815772 -0.00761791 -0.580741 0.814053 -0.00755358 -0.580711 0.814075 -0.00757018 -0.573758 0.81899 -0.00725632 -0.573908 0.818887 0.0038184 -0.579143 0.815217 0.00350391 -0.578996 0.815323 -0.00188847 0.578059 0.815993 -0.00187099 0.57805 0.815999 -0.000492554 0.577401 0.81646 -0.00051004 0.57741 0.816454 -0.000477899 0.577124 0.816656 -0.000343625 0.577187 0.816612 0.0043891 0.579411 0.815024 0.00425484 0.579348 0.815069 0.00376847 -0.575386 0.817873 0.00370461 -0.575416 0.817852 -0.00133093 -0.577796 0.81618 -0.00126707 -0.577766 0.816201 -0.00132953 -0.576722 0.816939 -0.00102831 -0.576864 0.816839 0.00958894 -0.581834 0.813251 0.00928774 -0.581695 0.813354 0.00437588 0.575097 0.818073 0.00438659 0.575092 0.818077 0.00523077 0.574691 0.818354 0.00522007 0.574696 0.81835 0.00525257 0.579814 0.814732 0.00520488 0.579792 0.814748 0.00352409 0.579005 0.815316 0.00357178 0.579028 0.8153 0.00946211 -0.57267 0.819731 0.00940547 -0.572697 0.819713 0.00494006 -0.574828 0.818259 0.00499668 -0.574801 0.818278 0.00494821 -0.579672 0.814835 0.00512345 -0.579754 0.814775 0.0112989 -0.582626 0.812662 0.0111236 -0.582545 0.812722 -0.0219826 -0.587353 0.809032 -0.0215682 -0.587164 0.80918 0.0111276 -0.571871 0.820268 0.010713 -0.57207 0.820135 -0.0292862 -0.583954 0.811258 -0.00811649 -0.593392 0.804873 0.250485 -0.680329 0.688774 0.242235 -0.6784 0.693611 -0.0226089 0.587638 0.808808 -0.0222822 0.58749 0.808925 0.0034795 0.575523 0.817778 0.00315281 0.575678 0.81767 -0.0160412 0.55608 0.830974 -0.0117601 0.558259 0.829583 0.0804033 0.601744 0.794632 0.0784522 0.600892 0.795471 -0.00794438 -0.999937 -0.00795173 -0.00396888 -0.999984 -0.00397255 0.0301877 -0.999087 0.0302157 0.0262153 -0.999312 0.0262395 -0.00662871 0 0.999978 -0.00796533 0 0.999968 -0.0699531 0.0103231 0.997497 -0.053139 0.0101537 0.998536 0.021841 0.999522 0.0218611 0.00161894 0.999997 0.00162043 -0.000735155 0.999999 -0.000735834 0.0194879 0.99962 0.0195059 -0.328977 0.885179 0.328985 -0.0631962 0.995998 0.0632059 0.0205668 0.999577 -0.0205569 -0.243823 0.938667 0.243832 0.351408 0.0169331 0.936069 0.262106 0.0203515 0.964824 -0.391929 -0.832339 0.391924 -0.0341086 -0.998836 0.0341029 0.0281946 -0.999205 -0.0282002 -0.331771 -0.883096 0.331766 -0.00243879 -0.999994 -0.00244105 -0.00252113 -0.999994 -0.00252346 -0.00322848 -0.99999 -0.00323146 -0.00314614 -0.99999 -0.00314905 0.000321755 0 1 0.000168889 0 1 -0.0062025 0 0.999981 -0.00607739 0 0.999982 -0.0255317 0.999347 -0.0255552 0.00353747 0.999988 0.00354073 0.00692096 0.999952 0.00692735 -0.02215 0.999509 -0.0221705 -0.000742927 0.999999 0.000742927 -0.022984 0.999472 0.022984 -0.0255702 0.999346 0.0255702 -0.00333069 0.999989 0.00333069 -0.00817623 -0.999933 0.00817624 -0.00376761 -0.999986 0.00376762 -0.00325466 -0.999989 0.00325467 -0.0076633 -0.999941 0.00766332 0.00437875 -0.999981 0.0043828 0.00424826 -0.999982 0.00425219 0.0031273 -0.99999 0.0031302 0.00325779 -0.999989 0.0032608 0.00572042 0 0.999984 0.00557287 0 0.999984 -0.000576922 0 1 -0.00042945 0 1 -0.0186899 0.99965 -0.0187072 0.0102346 0.999895 0.0102441 0.0136006 0.999815 0.0136132 -0.0153245 0.999765 -0.0153386 0.00691533 0.999952 -0.00691533 -0.0159273 0.999746 0.0159273 -0.0185839 0.999655 0.0185839 0.00425798 0.999982 -0.00425798 -0.00245237 -0.999994 0.00245237 0.00254909 -0.999994 -0.00254909 0.003131 -0.99999 -0.003131 -0.00187046 -0.999996 0.00187046 0.0110093 -0.999879 0.0110195 0.0108841 -0.999881 0.0108941 0.00980823 -0.999904 0.00981731 0.00993347 -0.999901 0.00994266 0.0106681 0 0.999943 0.0104774 0 0.999945 0.00483035 0 0.999988 0.00496781 0 0.999988 -0.0117346 0.999862 -0.0117454 0.0170814 0.999708 0.0170972 0.0204339 0.999582 0.0204528 -0.00838116 0.99993 -0.0083889 0.0135016 0.999818 -0.0135016 -0.00897706 0.999919 0.00897706 -0.0115919 0.999866 0.0115919 0.0108869 0.999882 -0.0108869 0.00437395 -0.999981 -0.00437396 0.00919471 -0.999915 -0.00919471 0.00975557 -0.999905 -0.00975557 0.00493485 -0.999976 -0.00493486 0.0701254 -0.995066 0.0701903 0.0645186 -0.995825 0.0645783 0.0161842 -0.999738 0.0161992 0.0218146 -0.999524 0.0218348 -0.28651 -0.914234 0.28651 -0.0187829 -0.999647 0.0187829 0.0642067 -0.995869 -0.0642066 -0.199848 -0.95923 0.199848 -0.0447383 -0.0100933 0.998948 -0.0276788 -0.00991791 0.999568 0.00720788 0 0.999974 0.00619331 0 0.999981 0.386875 -0.0154992 0.922002 0.295869 -0.0190908 0.955038 -0.00354091 0.999987 -0.00354418 0.0543237 0.997042 0.0543739 0.0610359 0.996264 0.0610923 0.00319376 0.99999 0.00319671 -0.369472 0.852631 0.369473 -0.0065271 0.999957 0.00652993 0.0558777 0.996873 -0.0558748 -0.307863 0.900244 0.307865 0.0201658 0.999593 -0.0201658 -0.00104466 0.999999 0.00104466 -0.00351241 0.999988 0.00351241 0.0176989 0.999687 -0.0176989 0.0109389 -0.99988 -0.010939 0.0157407 -0.999752 -0.0157408 0.0162994 -0.999734 -0.0162994 0.0114977 -0.999868 -0.0114977 </float_array>
          <technique_common>
            <accessor count="200" offset="0" source="#meshId11-tangents-array" stride="3">
              <param name="X" type="float" />
              <param name="Y" type="float" />
              <param name="Z" type="float" />
            </accessor>
          </technique_common>
        </source>
        <source id="meshId11-bitangents" name="meshId11-bitangents">
          <float_array id="meshId11-bitangents-array" count="600"> 0.879065 0.416166 -0.232487 0.880135 0.40205 -0.252424 0.849922 0.210102 -0.483208 0.852172 0.216795 -0.476238 0.864335 -0.373169 0.337151 0.864363 -0.373499 0.336712 0.86578 -0.399176 0.301802 0.865772 -0.398855 0.302248 0.865915 0.417401 -0.27562 0.865918 0.417305 -0.27576 0.865984 0.413883 -0.280665 0.865982 0.41398 -0.280526 0.855463 -0.449128 -0.257813 0.855591 -0.446997 -0.261069 0.855211 -0.399506 -0.330166 0.855281 -0.400546 -0.32872 0.864932 0.380853 0.32687 0.864946 0.381049 0.326606 0.865705 0.396381 0.305674 0.8657 0.396188 0.30594 0.865838 -0.42017 -0.271627 0.865847 -0.419889 -0.272034 0.866022 -0.409906 -0.286327 0.86602 -0.410192 -0.285922 0.865851 -0.402799 0.296739 0.865852 -0.402819 0.296712 0.865871 -0.404353 0.294561 0.865871 -0.404334 0.294588 0.866003 0.412351 -0.282851 0.866004 0.412273 -0.282963 0.866023 0.409505 -0.286897 0.866023 0.409583 -0.286785 0.86589 0.406843 0.291055 0.86589 0.4068 0.291116 0.86586 0.403405 0.295889 0.865861 0.403448 0.295829 0.865992 -0.41328 -0.281526 0.865995 -0.413072 -0.281823 0.866017 -0.405699 -0.292272 0.866018 -0.405909 -0.291976 0.865891 -0.407239 0.290497 0.865891 -0.407251 0.29048 0.865893 -0.408171 0.289181 0.865893 -0.408159 0.289198 0.866025 0.408567 -0.288224 0.866025 0.408478 -0.288351 0.866014 0.405317 -0.292809 0.866015 0.405407 -0.292683 0.865885 0.411007 0.285159 0.865886 0.410964 0.28522 0.865893 0.407611 0.289971 0.865893 0.407654 0.289911 0.866024 -0.409135 -0.287421 0.866025 -0.408934 -0.287705 0.865972 -0.401831 -0.297698 0.865976 -0.402034 -0.297415 0.865882 -0.411411 0.284586 0.865882 -0.411418 0.284576 0.865877 -0.411978 0.283778 0.865878 -0.411971 0.283788 0.866009 0.404739 -0.293621 0.86601 0.404771 -0.293576 0.866018 0.405896 -0.291994 0.866018 0.405864 -0.292039 0.865841 0.414782 0.279775 0.865842 0.414745 0.279829 0.865879 0.411786 0.284053 0.865879 0.411823 0.283999 0.866011 -0.404943 -0.293335 0.86601 -0.404826 -0.2935 0.865952 -0.400681 -0.299302 0.865954 -0.400799 -0.299138 0.865614 0.393715 0.309355 0.865624 0.393996 0.308968 0.865822 0.415883 0.278198 0.865827 0.415609 0.278591 0.88026 -0.399598 -0.255858 0.88071 -0.385444 -0.275287 0.844377 -0.194505 -0.499193 0.846781 -0.201133 -0.49245 0.865598 -0.39329 0.309941 0.865606 -0.393511 0.309635 0.865886 -0.410815 0.285433 0.865888 -0.410598 0.285741 0.85601 0.437121 -0.275993 0.85608 0.434334 -0.280145 0.852377 0.371758 -0.367764 0.852559 0.373134 -0.365944 0.706735 -0.0112403 0.707389 0.706769 -0.00561544 0.707422 0.706135 0.0427117 0.706788 0.706293 0.0370911 0.706947 0.999978 -0 0.00662871 0.999968 -0 0.00796533 0.997504 -0.00896735 0.0700463 0.998541 -0.00912486 0.0532321 0.706443 -0.030902 0.707095 0.706778 -0.00229058 0.707431 0.70678 0.00104015 0.707433 0.706511 -0.0275727 0.707164 0.62592 0.46525 -0.625913 0.704278 0.0893798 -0.704275 0.706809 -0.0290788 -0.706807 0.663741 0.344824 -0.663736 0.935775 -0.0372485 -0.350624 0.964605 -0.0354964 -0.261298 0.588551 -0.554267 -0.588553 0.706284 -0.0482328 -0.706283 0.706545 0.0398772 -0.706544 0.624443 -0.469192 -0.624444 0.706775 -0.00345057 0.707429 0.706775 -0.00356707 0.707429 0.706772 -0.00456787 0.707426 0.706773 -0.00445137 0.707427 1 0 -0.000321755 1 0 -0.000168889 0.999981 -0 0.0062025 0.999982 -0 0.00607739 0.706319 0.0361239 0.706971 0.706771 -0.00500504 0.707424 0.706746 -0.00979223 0.707399 0.706433 0.0313393 0.707086 0.707106 0.00105066 -0.707106 0.706733 0.0325043 -0.706733 0.706644 0.0361618 -0.706644 0.707099 0.00471031 -0.707099 0.707059 -0.0115629 -0.70706 0.707096 -0.00532821 -0.707097 0.707099 -0.00460279 -0.7071 0.707065 -0.0108376 -0.707066 0.706766 0.00619535 0.70742 0.706767 0.00601073 0.707421 0.706773 0.00442472 0.707427 0.706772 0.00460934 0.707426 0.999984 0 -0.00572042 0.999984 0 -0.00557287 1 -0 0.000576922 1 -0 0.00042945 0.706533 0.0264437 0.707186 0.706706 -0.0144807 0.707359 0.706649 -0.019243 0.707302 0.706614 0.0216821 0.707267 0.707073 -0.00977976 -0.707073 0.706927 0.0225246 -0.706927 0.706863 0.0262816 -0.706863 0.707094 -0.00602169 -0.707094 0.707102 -0.00346818 -0.707103 0.707102 0.00360496 -0.707103 0.707099 0.0044279 -0.7071 0.707104 -0.00264523 -0.707105 0.706694 0.0155767 0.707348 0.706696 0.0153995 0.70735 0.706712 0.0138774 0.707366 0.70671 0.0140545 0.707364 0.999943 0 -0.0106681 0.999945 0 -0.0104774 0.999988 0 -0.00483035 0.999988 0 -0.00496781 0.706683 0.0166028 0.707336 0.706574 -0.0241679 0.707227 0.706485 -0.0289113 0.707137 0.70673 0.0118582 0.707383 0.706978 -0.0190942 -0.706978 0.70705 0.0126955 -0.70705 0.707012 0.0163934 -0.707012 0.707023 -0.0153965 -0.707023 0.707093 0.00618571 -0.707093 0.707047 0.0130033 -0.707047 0.707039 0.0137965 -0.707039 0.70709 0.00697894 -0.70709 0.703292 0.0992182 0.703943 0.703829 0.0912853 0.70448 0.706594 0.0228985 0.707248 0.706443 0.0308648 0.707097 0.646461 -0.405186 -0.646461 0.706857 -0.0265631 -0.706857 0.704186 0.0908019 -0.704185 0.678278 -0.282628 -0.678277 0.998952 0.0092252 0.0448317 0.99957 0.00938062 0.0277719 0.999974 0 -0.00720788 0.999981 0 -0.00619331 0.921678 0.0378668 -0.386103 0.95479 0.0361893 -0.295069 0.706771 0.00500991 0.707424 0.704689 -0.0768608 0.70534 0.70414 -0.0863577 0.70479 0.706773 -0.00451875 0.707426 0.602903 0.522513 -0.6029 0.707077 0.00923272 -0.707076 0.704896 -0.0790209 -0.704895 0.63657 0.435385 -0.636568 0.706819 -0.0285187 -0.706819 0.707106 0.00147737 -0.707106 0.707098 0.0049673 -0.707098 0.706885 -0.02503 -0.706885 0.707022 0.01547 -0.707023 0.706931 0.0222608 -0.706932 0.706918 0.0230508 -0.706919 0.707013 0.0162601 -0.707014 </float_array>
          <technique_common>
            <accessor count="200" offset="0" source="#meshId11-bitangents-array" stride="3">
              <param name="X" type="float" />
              <param name="Y" type="float" />
              <param name="Z" type="float" />
            </accessor>
          </technique_common>
        </source>
        <source id="meshId11-tex0" name="meshId11-tex0">
          <float_array id="meshId11-tex0-array" count="400"> 0.087908 0.864068 0.090542 0.864244 0.075656 0.896691 0.074278 0.894422 0.090542 0.864244 0.087908 0.864068 0.060283 0.788133 0.062687 0.788181 0.062687 0.788181 0.060283 0.788133 0.090302 0.713357 0.092904 0.713386 0.099263 0.865164 0.101686 0.865305 0.08055 0.909366 0.079107 0.906842 0.101686 0.865305 0.099263 0.865164 0.071032 0.788271 0.073642 0.788334 0.073642 0.788334 0.071032 0.788271 0.101372 0.71347 0.103767 0.713478 0.092904 0.713386 0.090302 0.713357 0.061545 0.637968 0.063955 0.637989 0.063955 0.637989 0.061545 0.637968 0.090949 0.562896 0.093552 0.562902 0.103767 0.713478 0.101372 0.71347 0.072327 0.637986 0.07494 0.638012 0.07494 0.638012 0.072327 0.637986 0.102023 0.562911 0.104418 0.562897 0.093552 0.562902 0.090949 0.562896 0.061551 0.487754 0.06396 0.487755 0.06396 0.487755 0.061551 0.487754 0.090313 0.412434 0.092915 0.412418 0.104418 0.562897 0.102023 0.562911 0.072333 0.48768 0.074945 0.487684 0.074945 0.487684 0.072333 0.48768 0.101385 0.412355 0.10378 0.412321 0.092915 0.412418 0.090313 0.412434 0.060274 0.337537 0.062683 0.337518 0.062683 0.337518 0.060274 0.337537 0.088411 0.261993 0.091012 0.26198 0.10378 0.412321 0.101385 0.412355 0.071053 0.337377 0.073665 0.337359 0.073665 0.337359 0.071053 0.337377 0.099453 0.261885 0.101843 0.261845 0.069238 0.186643 0.071881 0.186718 0.101843 0.261845 0.099453 0.261885 0.071881 0.186718 0.069238 0.186643 0.08283 0.153624 0.084257 0.155875 0.058141 0.185975 0.060577 0.186053 0.091012 0.26198 0.088411 0.261993 0.060577 0.186053 0.058141 0.185975 0.077497 0.141168 0.079037 0.143616 0.073642 0.788334 0.087806 0.788477 0.115198 0.864766 0.101686 0.865305 0.062687 0.788181 0.071032 0.788271 0.099263 0.865164 0.090542 0.864244 0.07368 0.864458 0.046742 0.78812 0.060283 0.788133 0.087908 0.864068 0.061148 0.889351 0.07368 0.864458 0.087908 0.864068 0.074278 0.894422 0.075656 0.896691 0.079107 0.906842 0.08055 0.909366 0.101686 0.865305 0.115198 0.864766 0.09385 0.915998 0.07494 0.638012 0.089108 0.638055 0.117392 0.713535 0.103767 0.713478 0.063955 0.637989 0.072327 0.637986 0.101372 0.71347 0.092904 0.713386 0.076058 0.71291 0.047994 0.63809 0.061545 0.637968 0.090302 0.713357 0.046742 0.78812 0.076058 0.71291 0.090302 0.713357 0.060283 0.788133 0.073642 0.788334 0.103767 0.713478 0.117392 0.713535 0.087806 0.788477 0.074945 0.487684 0.089114 0.487607 0.118044 0.562842 0.104418 0.562897 0.06396 0.487755 0.072333 0.48768 0.102023 0.562911 0.093552 0.562902 0.076699 0.56257 0.048001 0.487993 0.061551 0.487754 0.090949 0.562896 0.047994 0.63809 0.076699 0.56257 0.090949 0.562896 0.061545 0.637968 0.07494 0.638012 0.104418 0.562897 0.118044 0.562842 0.089108 0.638055 0.073665 0.337359 0.087831 0.337166 0.117405 0.412149 0.10378 0.412321 0.062683 0.337518 0.071053 0.337377 0.101385 0.412355 0.092915 0.412418 0.07606 0.41223 0.046728 0.337895 0.060274 0.337537 0.090313 0.412434 0.048001 0.487993 0.07606 0.41223 0.090313 0.412434 0.061551 0.487754 0.074945 0.487684 0.10378 0.412321 0.117405 0.412149 0.089114 0.487607 0.071881 0.186718 0.085941 0.18548 0.115476 0.261557 0.101843 0.261845 0.097556 0.160215 0.085941 0.18548 0.071881 0.186718 0.084257 0.155875 0.060577 0.186053 0.069238 0.186643 0.099453 0.261885 0.091012 0.26198 0.08283 0.153624 0.079037 0.143616 0.07417 0.261931 0.044733 0.187064 0.058141 0.185975 0.088411 0.261993 0.077497 0.141168 0.058141 0.185975 0.044733 0.187064 0.064018 0.134951 0.046728 0.337895 0.07417 0.261931 0.088411 0.261993 0.060274 0.337537 0.073665 0.337359 0.101843 0.261845 0.115476 0.261557 0.087831 0.337166 </float_array>
          <technique_common>
            <accessor count="200" offset="0" source="#meshId11-tex0-array" stride="2">
              <param name="S" type="float" />
              <param name="T" type="float" />
            </accessor>
          </technique_common>
        </source>
        <vertices id="meshId11-vertices">
          <input semantic="POSITION" source="#meshId11-positions" />
        </vertices>
        <polylist count="110" material="defaultMaterial">
          <input offset="0" semantic="VERTEX" source="#meshId11-vertices" />
          <input offset="0" semantic="NORMAL" source="#meshId11-normals" />
          <input offset="0" semantic="TANGENT" source="#meshId11-tangents" />
          <input offset="0" semantic="BINORMAL" source="#meshId11-bitangents" />
          <input offset="0" semantic="TEXCOORD" source="#meshId11-tex0" set="0" />
          <vcount>3 3 3 3 3 3 3 3 3 3 3 3 3 3 3 3 3 3 3 3 3 3 3 3 3 3 3 3 3 3 3 3 3 3 3 3 3 3 3 3 3 3 3 3 3 3 3 3 3 3 3 3 3 3 3 3 3 3 3 3 3 3 3 3 3 3 3 3 3 3 3 3 3 3 3 3 3 3 3 3 3 3 3 3 3 3 3 3 3 3 3 3 3 3 3 3 3 3 3 3 3 3 3 3 3 3 3 3 3 3 </vcount>
          <p>3 0 1 1 2 3 7 4 5 5 6 7 11 8 9 9 10 11 15 12 13 13 14 15 19 16 17 17 18 19 23 20 21 21 22 23 27 24 25 25 26 27 31 28 29 29 30 31 35 32 33 33 34 35 39 36 37 37 38 39 43 40 41 41 42 43 47 44 45 45 46 47 51 48 49 49 50 51 55 52 53 53 54 55 59 56 57 57 58 59 63 60 61 61 62 63 67 64 65 65 66 67 71 68 69 69 70 71 75 72 73 73 74 75 79 76 77 77 78 79 83 80 81 81 82 83 87 84 85 85 86 87 91 88 89 89 90 91 95 92 93 93 94 95 99 96 97 97 98 99 103 100 101 101 102 103 105 104 95 95 94 105 109 106 107 107 108 109 113 110 111 111 112 113 117 114 115 115 116 117 121 118 119 119 120 121 125 122 123 123 124 125 93 92 117 117 116 93 129 126 127 127 128 129 133 130 131 131 132 133 137 134 135 135 136 137 141 138 139 139 140 141 145 142 143 143 144 145 115 114 137 137 136 115 149 146 147 147 148 149 153 150 151 151 152 153 157 154 155 155 156 157 161 158 159 159 160 161 165 162 163 163 164 165 135 134 157 157 156 135 169 166 167 167 168 169 173 170 171 171 172 173 177 174 175 175 176 177 181 178 179 179 180 181 183 182 179 179 178 183 187 184 185 185 186 187 191 188 189 189 190 191 195 192 193 193 194 195 155 154 181 181 180 155 199 196 197 197 198 199 </p>
        </polylist>
      </mesh>
    </geometry>
    <geometry id="meshId12" name="meshId12_name" >
      <mesh>
        <source id="meshId12-positions" name="meshId12-positions">
          <float_array id="meshId12-positions-array" count="600"> -0.853881 0.0421452 -0.698218 -0.795807 0.0421452 -0.756292 -0.795807 0.0463225 -0.7622 -0.859791 0.0463225 -0.698216 -0.859791 0.0463225 -0.698216 -0.704253 0.0463225 -0.542822 -0.698344 0.0421452 -0.542824 -0.853881 0.0421452 -0.698218 -0.704253 0.0463225 -0.542822 -0.859791 0.0463225 -0.387285 -0.853881 0.0421452 -0.387286 -0.698344 0.0421452 -0.542824 -0.887361 0.0463225 -0.698219 -0.795807 0.0463225 -0.789773 -0.795807 0.0421452 -0.795681 -0.89327 0.0421452 -0.698218 -0.89327 0.0421452 -0.698218 -0.737733 0.0421452 -0.542824 -0.731824 0.0463225 -0.542825 -0.887361 0.0463225 -0.698219 -0.737733 0.0421452 -0.542824 -0.89327 0.0421452 -0.387286 -0.887361 0.0463225 -0.387288 -0.731824 0.0463225 -0.542825 -0.859791 0.0463225 -0.387285 -0.704253 0.0463225 -0.231891 -0.698344 0.0421452 -0.231892 -0.853881 0.0421452 -0.387286 -0.704253 0.0463225 -0.231891 -0.859791 0.0463225 -0.0763536 -0.853881 0.0421452 -0.0763549 -0.698344 0.0421452 -0.231892 -0.89327 0.0421452 -0.387286 -0.737733 0.0421452 -0.231892 -0.731824 0.0463225 -0.231894 -0.887361 0.0463225 -0.387288 -0.737733 0.0421452 -0.231892 -0.89327 0.0421452 -0.0763549 -0.887361 0.0463225 -0.0763563 -0.731824 0.0463225 -0.231894 -0.859791 0.0463225 -0.0763536 -0.704253 0.0463225 0.0790403 -0.698344 0.0421452 0.0790389 -0.853881 0.0421452 -0.0763549 -0.704253 0.0463225 0.0790403 -0.859791 0.0463225 0.234578 -0.853881 0.0421452 0.234576 -0.698344 0.0421452 0.0790389 -0.89327 0.0421452 -0.0763549 -0.737733 0.0421452 0.0790389 -0.731824 0.0463225 0.0790376 -0.887361 0.0463225 -0.0763563 -0.737733 0.0421452 0.0790389 -0.89327 0.0421452 0.234576 -0.887361 0.0463225 0.234575 -0.731824 0.0463225 0.0790376 -0.859791 0.0463225 0.234578 -0.704253 0.0463225 0.389972 -0.698344 0.0421452 0.38997 -0.853881 0.0421452 0.234576 -0.704253 0.0463225 0.389972 -0.859791 0.0463225 0.545509 -0.853882 0.0421452 0.545508 -0.698344 0.0421452 0.38997 -0.89327 0.0421452 0.234576 -0.737733 0.0421452 0.38997 -0.731824 0.0463225 0.389969 -0.887361 0.0463225 0.234575 -0.737733 0.0421452 0.38997 -0.89327 0.0421452 0.545508 -0.887362 0.0463225 0.545506 -0.731824 0.0463225 0.389969 -0.731824 0.0463225 0.7009 -0.887362 0.0463225 0.545506 -0.89327 0.0421452 0.545508 -0.737733 0.0421452 0.700902 -0.737733 0.0421452 0.700902 -0.795807 0.0421452 0.758976 -0.795807 0.0463225 0.764884 -0.731824 0.0463225 0.7009 -0.698344 0.0421452 0.700902 -0.853882 0.0421452 0.545508 -0.859791 0.0463225 0.545509 -0.704253 0.0463225 0.700903 -0.704253 0.0463225 0.700903 -0.795807 0.0463225 0.792457 -0.795807 0.0421452 0.798365 -0.698344 0.0421452 0.700902 -0.737733 0.0421452 -0.542824 -0.89327 0.0421452 -0.698218 -0.89327 0.0103129 -0.698218 -0.737733 0.0103129 -0.542824 -0.704253 0.0463225 -0.542822 -0.859791 0.0463225 -0.698216 -0.887361 0.0463225 -0.698219 -0.731824 0.0463225 -0.542825 -0.853881 0.0103129 -0.698218 -0.853881 0.0421452 -0.698218 -0.698344 0.0421452 -0.542824 -0.698344 0.0103129 -0.542824 -0.795807 0.0103129 -0.756292 -0.795807 0.0421452 -0.756292 -0.853881 0.0421452 -0.698218 -0.853881 0.0103129 -0.698218 -0.795807 0.0463225 -0.7622 -0.795807 0.0463225 -0.789773 -0.795807 0.0421452 -0.795681 -0.795807 0.0103129 -0.795681 -0.89327 0.0103129 -0.698218 -0.89327 0.0421452 -0.698218 -0.737733 0.0421452 -0.231892 -0.89327 0.0421452 -0.387286 -0.89327 0.0103129 -0.387286 -0.737733 0.0103129 -0.231892 -0.704253 0.0463225 -0.231891 -0.859791 0.0463225 -0.387285 -0.887361 0.0463225 -0.387288 -0.731824 0.0463225 -0.231894 -0.853881 0.0103129 -0.387286 -0.853881 0.0421452 -0.387286 -0.698344 0.0421452 -0.231892 -0.698344 0.0103129 -0.231892 -0.698344 0.0103129 -0.542824 -0.698344 0.0421452 -0.542824 -0.853881 0.0421452 -0.387286 -0.853881 0.0103129 -0.387286 -0.737733 0.0421452 -0.542824 -0.737733 0.0103129 -0.542824 -0.89327 0.0103129 -0.387286 -0.89327 0.0421452 -0.387286 -0.737733 0.0421452 0.0790389 -0.89327 0.0421452 -0.0763549 -0.89327 0.0103129 -0.0763549 -0.737733 0.0103129 0.0790389 -0.704253 0.0463225 0.0790403 -0.859791 0.0463225 -0.0763536 -0.887361 0.0463225 -0.0763563 -0.731824 0.0463225 0.0790376 -0.853881 0.0103129 -0.0763549 -0.853881 0.0421452 -0.0763549 -0.698344 0.0421452 0.0790389 -0.698344 0.0103129 0.0790389 -0.698344 0.0103129 -0.231892 -0.698344 0.0421452 -0.231892 -0.853881 0.0421452 -0.0763549 -0.853881 0.0103129 -0.0763549 -0.737733 0.0421452 -0.231892 -0.737733 0.0103129 -0.231892 -0.89327 0.0103129 -0.0763549 -0.89327 0.0421452 -0.0763549 -0.737733 0.0421452 0.38997 -0.89327 0.0421452 0.234576 -0.89327 0.0103129 0.234576 -0.737733 0.0103129 0.38997 -0.704253 0.0463225 0.389972 -0.859791 0.0463225 0.234578 -0.887361 0.0463225 0.234575 -0.731824 0.0463225 0.389969 -0.853881 0.0103129 0.234576 -0.853881 0.0421452 0.234576 -0.698344 0.0421452 0.38997 -0.698344 0.0103129 0.38997 -0.698344 0.0103129 0.0790389 -0.698344 0.0421452 0.0790389 -0.853881 0.0421452 0.234576 -0.853881 0.0103129 0.234576 -0.737733 0.0421452 0.0790389 -0.737733 0.0103129 0.0790389 -0.89327 0.0103129 0.234576 -0.89327 0.0421452 0.234576 -0.737733 0.0421452 0.700902 -0.89327 0.0421452 0.545508 -0.89327 0.0103129 0.545508 -0.737733 0.0103129 0.700902 -0.795807 0.0103129 0.758976 -0.795807 0.0421452 0.758976 -0.737733 0.0421452 0.700902 -0.737733 0.0103129 0.700902 -0.704253 0.0463225 0.700903 -0.859791 0.0463225 0.545509 -0.887362 0.0463225 0.545506 -0.731824 0.0463225 0.7009 -0.795807 0.0463225 0.764884 -0.795807 0.0463225 0.792457 -0.853882 0.0103129 0.545508 -0.853882 0.0421452 0.545508 -0.698344 0.0421452 0.700902 -0.698344 0.0103129 0.700902 -0.795807 0.0421452 0.798365 -0.795807 0.0103129 0.798365 -0.698344 0.0103129 0.700902 -0.698344 0.0421452 0.700902 -0.698344 0.0103129 0.38997 -0.698344 0.0421452 0.38997 -0.853882 0.0421452 0.545508 -0.853882 0.0103129 0.545508 -0.737733 0.0421452 0.38997 -0.737733 0.0103129 0.38997 -0.89327 0.0103129 0.545508 -0.89327 0.0421452 0.545508 </float_array>
          <technique_common>
            <accessor count="200" offset="0" source="#meshId12-positions-array" stride="3">
              <param name="X" type="float" />
              <param name="Y" type="float" />
              <param name="Z" type="float" />
            </accessor>
          </technique_common>
        </source>
        <source id="meshId12-normals" name="meshId12-normals">
          <float_array id="meshId12-normals-array" count="600"> 0.499989 0.707123 0.499988 0.499989 0.707123 0.499988 0.499989 0.707123 0.499988 0.499989 0.707123 0.499988 0.499767 0.70711 -0.500229 0.499767 0.70711 -0.500229 0.499767 0.70711 -0.500229 0.499767 0.70711 -0.500229 0.500001 0.707105 0.500001 0.500002 0.707104 0.500002 0.500001 0.707105 0.500001 0.500002 0.707104 0.500002 -0.499999 0.707106 -0.500001 -0.499999 0.707106 -0.500001 -0.499999 0.707106 -0.500001 -0.499999 0.707106 -0.500001 -0.499767 0.707108 0.50023 -0.499767 0.707108 0.50023 -0.499767 0.707108 0.50023 -0.499767 0.707108 0.50023 -0.5 0.707107 -0.5 -0.5 0.707107 -0.5 -0.5 0.707107 -0.5 -0.5 0.707107 -0.5 0.499767 0.70711 -0.500229 0.499767 0.70711 -0.500229 0.499767 0.70711 -0.500229 0.499767 0.70711 -0.500229 0.500002 0.707105 0.500001 0.500002 0.707105 0.500001 0.500002 0.707105 0.500001 0.500002 0.707105 0.500001 -0.499767 0.707108 0.50023 -0.499767 0.707108 0.50023 -0.499767 0.707108 0.50023 -0.499767 0.707108 0.50023 -0.5 0.707107 -0.5 -0.5 0.707107 -0.5 -0.5 0.707107 -0.5 -0.5 0.707107 -0.5 0.499767 0.70711 -0.500229 0.499767 0.70711 -0.500229 0.499767 0.70711 -0.500229 0.499767 0.70711 -0.500229 0.499999 0.707109 0.499998 0.499999 0.707109 0.499998 0.499999 0.707109 0.499998 0.499999 0.707109 0.499998 -0.499767 0.707108 0.50023 -0.499767 0.707108 0.50023 -0.499767 0.707108 0.50023 -0.499767 0.707108 0.50023 -0.5 0.707107 -0.499999 -0.5 0.707107 -0.499999 -0.5 0.707107 -0.499999 -0.5 0.707107 -0.499999 0.499767 0.70711 -0.500228 0.499767 0.70711 -0.500228 0.499767 0.70711 -0.500228 0.499767 0.70711 -0.500228 0.499999 0.707108 0.499999 0.499999 0.707108 0.499999 0.499999 0.707108 0.499999 0.499999 0.707108 0.499999 -0.499767 0.707108 0.50023 -0.499767 0.707108 0.50023 -0.499767 0.707108 0.50023 -0.499767 0.707108 0.50023 -0.5 0.707107 -0.5 -0.5 0.707107 -0.5 -0.5 0.707107 -0.5 -0.5 0.707107 -0.5 -0.499766 0.70711 0.500229 -0.499766 0.70711 0.500229 -0.499766 0.70711 0.500229 -0.499766 0.70711 0.500229 -0.499997 0.707111 -0.499997 -0.499997 0.707111 -0.499997 -0.499997 0.707111 -0.499997 -0.499997 0.707111 -0.499997 0.499767 0.707109 -0.500229 0.499767 0.707109 -0.500229 0.499767 0.707109 -0.500229 0.499767 0.707109 -0.500229 0.499998 0.707109 0.499999 0.499999 0.707109 0.499999 0.499998 0.707109 0.499999 0.499999 0.707109 0.499999 -0.70678 0 0.707434 -0.70678 0 0.707434 -0.70678 0 0.707434 -0.70678 0 0.707434 0 1 0 0 1 0 0 1 0 0 1 0 0.70678 0 -0.707433 0.70678 0 -0.707433 0.70678 0 -0.707433 0.70678 0 -0.707433 0.707106 0 0.707107 0.707106 0 0.707107 0.707106 0 0.707107 0.707106 0 0.707107 0 1 0 0 1 0 -0.707107 2e-06 -0.707107 -0.707106 2e-06 -0.707107 -0.707107 2e-06 -0.707107 -0.707107 2e-06 -0.707107 -0.70678 0 0.707434 -0.70678 0 0.707434 -0.70678 0 0.707434 -0.70678 0 0.707434 0 1 0 0 1 0 0 1 0 0 1 0 0.70678 0 -0.707433 0.70678 0 -0.707433 0.70678 0 -0.707433 0.70678 0 -0.707433 0.707107 0 0.707107 0.707107 0 0.707107 0.707107 0 0.707107 0.707107 0 0.707107 -0.707106 0 -0.707107 -0.707106 0 -0.707107 -0.707106 0 -0.707107 -0.707106 0 -0.707107 -0.70678 0 0.707434 -0.70678 0 0.707434 -0.70678 0 0.707434 -0.70678 0 0.707434 0 1 0 0 1 0 0 1 0 0 1 0 0.70678 0 -0.707433 0.70678 0 -0.707433 0.70678 0 -0.707433 0.70678 0 -0.707433 0.707107 0 0.707107 0.707107 0 0.707107 0.707107 0 0.707107 0.707107 0 0.707107 -0.707106 0 -0.707107 -0.707106 0 -0.707107 -0.707106 0 -0.707107 -0.707106 0 -0.707107 -0.70678 0 0.707434 -0.70678 0 0.707434 -0.70678 0 0.707434 -0.70678 0 0.707434 0 1 0 0 1 0 0 1 0 0 1 0 0.70678 0 -0.707433 0.70678 0 -0.707433 0.70678 0 -0.707433 0.70678 0 -0.707433 0.707107 0 0.707107 0.707107 0 0.707107 0.707107 0 0.707107 0.707107 0 0.707107 -0.707107 0 -0.707107 -0.707107 0 -0.707107 -0.707107 0 -0.707107 -0.707107 0 -0.707107 -0.70678 0 0.707434 -0.70678 0 0.707434 -0.70678 0 0.707434 -0.70678 0 0.707434 -0.707107 0 -0.707106 -0.707107 0 -0.707106 -0.707107 0 -0.707106 -0.707107 0 -0.707106 0 1 0 0 1 0 0 1 0 0 1 0 0 1 0 0 1 0 0.70678 0 -0.707433 0.70678 0 -0.707433 0.70678 0 -0.707433 0.70678 0 -0.707433 0.707107 0 0.707106 0.707107 0 0.707106 0.707107 0 0.707106 0.707107 0 0.707106 0.707107 0 0.707107 0.707107 0 0.707107 0.707107 0 0.707107 0.707107 0 0.707107 -0.707106 0 -0.707107 -0.707106 0 -0.707107 -0.707106 0 -0.707107 -0.707106 0 -0.707107 </float_array>
          <technique_common>
            <accessor count="200" offset="0" source="#meshId12-normals-array" stride="3">
              <param name="X" type="float" />
              <param name="Y" type="float" />
              <param name="Z" type="float" />
            </accessor>
          </technique_common>
        </source>
        <source id="meshId12-tangents" name="meshId12-tangents">
          <float_array id="meshId12-tangents-array" count="600"> 0.829101 -0.557634 -0.0404509 0.725024 -0.657534 0.204913 0.720688 -0.659871 0.212554 0.823706 -0.566575 -0.0224112 0.799987 -0.598222 -0.0463817 0.812537 -0.582786 -0.0120241 0.812688 -0.582584 -0.0115882 0.800154 -0.598032 -0.0459464 0.820274 -0.571855 -0.0115526 0.819218 -0.573422 -0.008282 0.819188 -0.573466 -0.00818878 0.820243 -0.5719 -0.0114602 0.828162 0.559249 -0.0372645 0.802856 0.594929 0.0385017 0.802269 0.595617 0.040061 0.82711 0.561029 -0.0336943 0.803684 0.593928 -0.0366158 0.811248 0.584491 -0.0157191 0.811341 0.584369 -0.015454 0.803783 0.59381 -0.0363509 0.821528 0.569957 -0.0154871 0.817436 0.576013 -0.00282981 0.817317 0.576183 -0.0024707 0.821415 0.570131 -0.015128 0.813848 -0.581019 -0.00821571 0.815004 -0.579435 -0.00482188 0.815019 -0.579415 -0.00477884 0.813863 -0.580999 -0.00817266 0.81807 -0.575099 -0.00476282 0.817243 -0.576289 -0.00225262 0.817219 -0.576323 -0.0021814 0.818047 -0.575133 -0.0046916 0.815801 0.578328 -0.00245913 0.814459 0.580186 -0.00642538 0.814442 0.580209 -0.00647567 0.815784 0.578352 -0.00250943 0.818627 0.57429 -0.00645805 0.815592 0.578621 0.00270104 0.815505 0.578743 0.00296089 0.818542 0.574414 -0.00619818 0.815899 -0.57819 -0.00216773 0.816648 -0.577136 6.99187e-05 0.816657 -0.577123 9.82941e-05 0.815909 -0.578177 -0.00213935 0.816468 -0.577391 8.98356e-05 0.815448 -0.578822 0.00313478 0.815419 -0.578863 0.00322118 0.816439 -0.577431 0.000176241 0.817602 0.575776 0.00294836 0.816391 0.5775 -0.000698921 0.816375 0.577522 -0.000745179 0.817587 0.575798 0.0029021 0.816749 0.576993 -0.000757418 0.813838 0.581038 0.00787426 0.813754 0.581152 0.00811914 0.816667 0.577108 -0.000512547 0.817698 -0.575639 0.00323558 0.818257 -0.574831 0.00493633 0.818264 -0.574821 0.0049579 0.817705 -0.575629 0.00325715 0.814833 -0.579675 0.00495385 0.815773 -0.578368 0.0021659 0.8158 -0.578331 0.00208681 0.81486 -0.579638 0.00487476 0.819273 0.573347 0.00805084 0.818177 0.574947 0.00469457 0.818163 0.574967 0.00465201 0.819259 0.573367 0.00800828 0.814936 0.579533 0.00464747 0.813406 0.581625 0.00913713 0.813362 0.581684 0.00926452 0.814893 0.579592 0.00477485 0.810095 0.585991 -0.0189963 0.819516 0.572989 0.00879555 0.81963 0.57282 0.00914798 0.810219 0.58583 -0.0186439 0.821972 0.569277 -0.0168835 0.71657 0.662019 0.219677 0.712267 0.664178 0.227034 0.816309 0.577615 0.000571771 0.809546 -0.586697 -0.0205394 0.817222 -0.57632 0.00179764 0.817316 -0.576186 0.00208093 0.809647 -0.586568 -0.0202562 0.82322 -0.567338 -0.0208768 0.789671 -0.609291 0.0720015 0.788884 -0.610082 0.0739084 0.821849 -0.569466 -0.0164981 -0.00717322 0.999949 -0.00716659 0.0282062 0.999205 0.0281801 0.031767 0.998991 0.0317377 -0.00360923 0.999987 -0.00360589 0.999985 0 -0.00542392 0.998754 0 -0.0499005 0.997798 0 -0.0663281 0.999977 0 -0.00671406 0.0301897 -0.999089 0.0301618 0.027299 -0.999255 0.0272738 -0.00141434 -0.999998 -0.00141303 0.00147869 -0.999998 0.00147732 0.311778 -0.897546 -0.311777 0.236924 -0.942196 -0.236924 -0.028348 -0.999196 0.028348 0.0528793 -0.9972 -0.0528792 0.938109 0 0.346341 0.966022 0 0.258461 0.355008 0.864835 -0.355006 0.305384 0.901933 -0.305381 -0.0298994 0.999106 0.0299022 0.0262314 0.999312 -0.0262286 -0.00245709 0.999994 -0.00245481 -0.00333951 0.999989 -0.00333642 -0.00342842 0.999988 -0.00342525 -0.002546 0.999994 -0.00254364 1 0 0.000999855 0.999986 0 -0.00524418 0.999986 0 -0.00537388 1 0 0.000839231 -0.0226622 -0.999487 -0.0226413 -0.0200851 -0.999597 -0.0200666 0.00550642 -0.99997 0.00550134 0.00292818 -0.999991 0.00292548 0.00142839 -0.999998 -0.00142839 0.00337323 -0.999989 -0.00337322 0.0226835 -0.999485 -0.0226835 0.0207395 -0.99957 -0.0207395 0.00736444 0.999946 -0.00736443 0.00700634 0.999951 -0.00700633 0.00345046 0.999988 -0.00345045 0.00380857 0.999986 -0.00380856 0.00344146 0.999988 0.00343828 0.00226173 0.999995 0.00225964 0.00214287 0.999995 0.00214088 0.0033226 0.999989 0.00331952 0.999984 0 0.00571266 1 0 -0.000273748 1 0 -0.000428989 0.999985 0 0.00555905 -0.0167257 -0.99972 -0.0167103 -0.0141609 -0.9998 -0.0141479 0.0113036 -0.999872 0.0112932 0.00873851 -0.999924 0.00873044 -0.00549824 -0.99997 0.00549824 -0.00347367 -0.999988 0.00347367 0.0166312 -0.999723 -0.0166312 0.0146071 -0.999787 -0.0146071 0.00246654 0.999994 -0.00246654 0.0020448 0.999996 -0.0020448 -0.00214303 0.999995 0.00214303 -0.00172128 0.999997 0.00172128 0.00918081 0.999916 0.00917232 0.00805462 0.999935 0.00804718 0.00794115 0.999937 0.00793381 0.00906734 0.999918 0.00905896 0.99995 0 0.00998385 0.99999 0 0.0045184 0.99999 0 0.00437632 0.999952 0 0.00978853 -0.0107456 -0.999885 -0.0107357 -0.0081881 -0.999933 -0.00818054 0.0171999 -0.999704 0.0171841 0.0146429 -0.999786 0.0146294 -0.0112212 -0.999874 0.0112212 -0.00922298 -0.999915 0.00922298 0.0106229 -0.999887 -0.0106229 0.0086246 -0.999926 -0.0086246 -0.00343386 0.999988 0.00343386 -0.00384205 0.999985 0.00384205 -0.00789522 0.999938 0.00789522 -0.00748704 0.999944 0.00748704 0.0716765 0.994854 0.0716103 0.0186841 0.999651 0.0186668 0.0133388 0.999822 0.0133265 0.0663554 0.995591 0.0662941 0.278148 0.919384 -0.278149 0.201722 0.958445 -0.201722 -0.0653802 0.995716 0.0653803 0.0158336 0.999749 -0.0158336 0.999035 0 -0.0439262 0.999987 0 0.00511236 0.999981 0 0.00607661 0.999627 0 -0.0273171 0.926046 0 0.377409 0.957611 0 0.288064 -0.00370611 -0.999986 -0.00370269 0.00199191 -0.999996 0.00199007 0.0585361 -0.996571 0.058482 0.0528557 -0.997205 0.0528069 0.336952 -0.879163 -0.336952 0.28616 -0.914454 -0.28616 -0.0541037 -0.997068 0.0541038 0.00244965 -0.999994 -0.00244964 -0.0169851 -0.999711 0.0169851 -0.0150946 -0.999772 0.0150946 0.00368341 -0.999986 -0.00368341 0.00179242 -0.999997 -0.00179242 -0.00911845 0.999917 0.00911843 -0.00951351 0.999909 0.0095135 -0.0134362 0.99982 0.0134362 -0.0130412 0.99983 0.0130412 </float_array>
          <technique_common>
            <accessor count="200" offset="0" source="#meshId12-tangents-array" stride="3">
              <param name="X" type="float" />
              <param name="Y" type="float" />
              <param name="Z" type="float" />
            </accessor>
          </technique_common>
        </source>
        <source id="meshId12-bitangents" name="meshId12-bitangents">
          <float_array id="meshId12-bitangents-array" count="600"> 0.250207 0.434765 -0.865087 0.473658 0.260049 -0.841441 0.480229 0.254061 -0.839543 0.267433 0.423048 -0.865742 -0.332045 -0.376997 -0.86465 -0.300029 -0.400445 -0.86581 -0.29962 -0.400738 -0.865816 -0.331642 -0.377298 -0.864673 0.277759 0.415914 -0.865948 0.280856 0.413751 -0.865985 0.280943 0.41369 -0.865986 0.277847 0.415853 -0.865949 0.253275 -0.432714 -0.865223 0.32469 -0.382178 -0.865168 0.326137 -0.381105 -0.865098 0.25669 -0.430403 -0.865369 -0.322992 0.383728 -0.865118 -0.303495 0.397955 -0.86575 -0.303247 0.398134 -0.865754 -0.322746 0.38391 -0.865129 0.274027 -0.418508 -0.865887 0.286005 -0.410133 -0.866021 0.286344 -0.409894 -0.866022 0.274368 -0.418271 -0.865893 -0.296452 -0.403005 -0.865854 -0.29326 -0.405279 -0.86588 -0.293219 -0.405308 -0.86588 -0.296411 -0.403033 -0.865855 0.284182 0.411417 -0.866012 0.286552 0.409749 -0.866022 0.286619 0.409701 -0.866022 0.284249 0.41137 -0.866012 -0.291036 0.406859 -0.865889 -0.29477 0.404206 -0.865868 -0.294817 0.404172 -0.865868 -0.291083 0.406826 -0.865889 0.282578 -0.412542 -0.866001 0.29122 -0.406446 -0.866021 0.291465 -0.406272 -0.86602 0.282824 -0.41237 -0.866003 -0.29076 -0.407053 -0.865891 -0.288651 -0.408546 -0.865893 -0.288624 -0.408565 -0.865893 -0.290733 -0.407072 -0.865891 0.288758 0.408187 -0.866027 0.291627 0.406155 -0.866021 0.291708 0.406097 -0.866021 0.288839 0.40813 -0.866027 -0.285936 0.410463 -0.865887 -0.289377 0.408034 -0.865892 -0.289421 0.408003 -0.865892 -0.285979 0.410432 -0.865888 0.28796 -0.408752 -0.866026 0.296087 -0.402981 -0.86599 0.296317 -0.402817 -0.865988 0.288191 -0.408589 -0.866026 -0.285663 -0.410652 -0.865888 -0.284056 -0.411782 -0.86588 -0.284036 -0.411797 -0.86588 -0.285642 -0.410667 -0.865888 0.29334 0.404939 -0.866012 0.290715 0.406803 -0.866023 0.290641 0.406856 -0.866023 0.293265 0.404992 -0.866012 -0.281113 0.413849 -0.865855 -0.284286 0.411623 -0.86588 -0.284327 0.411595 -0.86588 -0.281153 0.413821 -0.865855 0.293053 -0.405144 -0.866013 0.297274 -0.402134 -0.865977 0.297393 -0.402049 -0.865976 0.293172 -0.405059 -0.866012 -0.306562 0.395739 -0.865685 -0.280406 0.414341 -0.865848 -0.280073 0.414575 -0.865845 -0.306233 0.395978 -0.865692 0.272698 -0.419425 -0.865863 0.486343 -0.248445 -0.837702 0.492625 -0.242615 -0.835738 0.28921 -0.407866 -0.866027 -0.308007 -0.394694 -0.865649 -0.287021 -0.409697 -0.865891 -0.286754 -0.409885 -0.865891 -0.307742 -0.394885 -0.865656 0.268906 0.422048 -0.865774 0.355558 0.358834 -0.863028 0.357302 0.357487 -0.862866 0.273066 0.419173 -0.865869 -0.707397 -0.0101398 -0.706743 -0.706871 0.0398711 -0.706218 -0.70672 0.0449046 -0.706067 -0.707424 -0.00510186 -0.70677 -0.00542392 0 -0.999985 -0.0499005 0 -0.998754 -0.0663281 0 -0.997798 -0.00671406 0 -0.999977 -0.706789 -0.0426749 -0.706136 -0.706906 -0.0385888 -0.706254 -0.707432 0.00199925 -0.706779 -0.707432 -0.00209021 -0.706779 0.634662 0.44092 -0.634661 0.666234 0.335061 -0.666233 0.706539 -0.0400901 -0.706538 0.705127 0.0747825 -0.705126 0.346341 0 -0.938109 0.258461 0 -0.966022 0.61153 -0.502056 -0.611532 0.637763 -0.431876 -0.637763 0.706474 0.0422861 -0.706474 0.70662 -0.0370949 -0.70662 -0.707429 -0.00347324 -0.706775 -0.707426 -0.00472059 -0.706772 -0.707425 -0.00484627 -0.706771 -0.707429 -0.00359892 -0.706775 0.000999855 0 -1 -0.00524418 0 -0.999986 -0.00537388 0 -0.999986 0.000839231 0 -1 -0.70707 0.0320344 -0.706417 -0.707148 0.0283915 -0.706495 -0.707412 -0.00778366 -0.706759 -0.707427 -0.00413916 -0.706774 0.707105 0.00202004 -0.707105 0.707099 0.00477046 -0.707099 0.706743 0.0320792 -0.706743 0.706802 0.0293301 -0.706802 0.707069 -0.0104149 -0.707068 0.707072 -0.00990845 -0.707072 0.707099 -0.00487968 -0.707098 0.707097 -0.00538612 -0.707096 -0.707425 0.00486472 -0.706771 -0.70743 0.0031971 -0.706776 -0.70743 0.00302907 -0.706776 -0.707426 0.00469669 -0.706772 0.00571266 0 -0.999984 -0.000273748 0 -1 -0.000428989 0 -1 0.00555905 0 -0.999985 -0.707235 0.0236428 -0.706583 -0.707291 0.0200174 -0.706639 -0.707343 -0.0159784 -0.70669 -0.707379 -0.0123524 -0.706726 0.707085 -0.00777569 -0.707085 0.707098 -0.00491251 -0.707098 0.706911 0.0235201 -0.706911 0.706956 0.0206575 -0.706956 0.707103 -0.00348822 -0.707102 0.707104 -0.00289178 -0.707103 0.707104 0.0030307 -0.707103 0.707105 0.00243426 -0.707104 -0.707374 0.0129776 -0.70672 -0.707388 0.0113857 -0.706734 -0.707389 0.0112253 -0.706735 -0.707375 0.0128172 -0.706722 0.00998385 0 -0.99995 0.0045184 0 -0.99999 0.00437632 0 -0.99999 0.00978853 0 -0.999952 -0.707352 0.0151895 -0.706699 -0.707386 0.0115744 -0.706733 -0.707224 -0.0243132 -0.706571 -0.707282 -0.0206986 -0.706629 0.707018 -0.0158692 -0.707018 0.707047 -0.0130433 -0.707047 0.707027 0.015023 -0.707027 0.707054 0.012197 -0.707054 0.707098 0.00485621 -0.707098 0.707096 0.00543348 -0.707096 0.707063 0.0111655 -0.707063 0.707067 0.0105883 -0.707067 -0.703793 0.101319 -0.703143 -0.707187 0.0264111 -0.706533 -0.707308 0.0188553 -0.706654 -0.704315 0.0937973 -0.703664 0.650102 -0.393361 -0.650103 0.677722 -0.285278 -0.677723 0.704077 0.0924617 -0.704078 0.706929 -0.0223921 -0.70693 -0.0439262 0 -0.999035 0.00511236 0 -0.999987 0.00607661 0 -0.999981 -0.0273171 0 -0.999627 0.377409 0 -0.926046 0.288064 0 -0.957611 -0.707423 0.00523882 -0.70677 -0.70743 -0.00281569 -0.706777 -0.705007 -0.0827443 -0.704356 -0.705456 -0.0747148 -0.704805 0.621661 0.476522 -0.621662 0.646616 0.404691 -0.646617 0.705033 -0.0765142 -0.705034 0.707102 0.00346432 -0.707103 0.706903 -0.0240206 -0.706903 0.706946 -0.021347 -0.706946 0.707097 0.00520913 -0.707097 0.707105 0.00253487 -0.707105 0.707048 0.0128954 -0.707048 0.707043 0.0134541 -0.707042 0.70698 0.0190017 -0.706979 0.706987 0.018443 -0.706986 </float_array>
          <technique_common>
            <accessor count="200" offset="0" source="#meshId12-bitangents-array" stride="3">
              <param name="X" type="float" />
              <param name="Y" type="float" />
              <param name="Z" type="float" />
            </accessor>
          </technique_common>
        </source>
        <source id="meshId12-tex0" name="meshId12-tex0">
          <float_array id="meshId12-tex0-array" count="400"> 0.365829 0.809503 0.379834 0.839917 0.37846 0.84224 0.363156 0.809661 0.363156 0.809661 0.39249 0.733559 0.394939 0.733519 0.365829 0.809503 0.39249 0.733559 0.361078 0.65863 0.363722 0.658602 0.394939 0.733519 0.354271 0.810535 0.375033 0.852494 0.373601 0.855057 0.351801 0.810662 0.351801 0.810662 0.381318 0.733687 0.383969 0.733633 0.354271 0.810535 0.381318 0.733687 0.349998 0.658711 0.35244 0.658703 0.383969 0.733633 0.361078 0.65863 0.391377 0.583198 0.393832 0.583182 0.363722 0.658602 0.391377 0.583198 0.360502 0.507998 0.363147 0.507991 0.393832 0.583182 0.349998 0.658711 0.38018 0.583208 0.382834 0.583186 0.35244 0.658703 0.38018 0.583208 0.34942 0.507994 0.351862 0.508005 0.382834 0.583186 0.360502 0.507998 0.391356 0.432793 0.39381 0.432794 0.363147 0.507991 0.391356 0.432793 0.361033 0.357369 0.363679 0.357381 0.39381 0.432794 0.34942 0.507994 0.380159 0.43272 0.382812 0.432718 0.351862 0.508005 0.380159 0.43272 0.349952 0.357283 0.352394 0.357312 0.382812 0.432718 0.361033 0.357369 0.39244 0.282383 0.394893 0.282401 0.363679 0.357381 0.39244 0.282383 0.362651 0.206785 0.365295 0.206793 0.394893 0.282401 0.349952 0.357283 0.381245 0.282234 0.383898 0.282251 0.352394 0.357312 0.381245 0.282234 0.351601 0.206672 0.354038 0.206705 0.383898 0.282251 0.385373 0.131328 0.354038 0.206705 0.351601 0.206672 0.382693 0.131393 0.382693 0.131393 0.369757 0.100552 0.37117 0.098235 0.385373 0.131328 0.396674 0.130677 0.365295 0.206793 0.362651 0.206785 0.394194 0.130748 0.394194 0.130748 0.374896 0.088103 0.376416 0.085605 0.396674 0.130677 0.381318 0.733687 0.351801 0.810662 0.33983 0.810165 0.368793 0.7338 0.39249 0.733559 0.363156 0.809661 0.354271 0.810535 0.383969 0.733633 0.378387 0.809976 0.365829 0.809503 0.394939 0.733519 0.406941 0.733497 0.391371 0.835128 0.379834 0.839917 0.365829 0.809503 0.378387 0.809976 0.37846 0.84224 0.375033 0.852494 0.373601 0.855057 0.361909 0.861009 0.33983 0.810165 0.351801 0.810662 0.38018 0.583208 0.349998 0.658711 0.337936 0.658764 0.367653 0.583246 0.391377 0.583198 0.361078 0.65863 0.35244 0.658703 0.382834 0.583186 0.376306 0.658254 0.363722 0.658602 0.393832 0.583182 0.40584 0.583267 0.406941 0.733497 0.394939 0.733519 0.363722 0.658602 0.376306 0.658254 0.381318 0.733687 0.368793 0.7338 0.337936 0.658764 0.349998 0.658711 0.380159 0.43272 0.34942 0.507994 0.337358 0.507961 0.367631 0.432667 0.391356 0.432793 0.360502 0.507998 0.351862 0.508005 0.382812 0.432718 0.375735 0.507735 0.363147 0.507991 0.39381 0.432794 0.405818 0.432968 0.40584 0.583267 0.393832 0.583182 0.363147 0.507991 0.375735 0.507735 0.38018 0.583208 0.367653 0.583246 0.337358 0.507961 0.34942 0.507994 0.381245 0.282234 0.349952 0.357283 0.33789 0.357161 0.36872 0.282093 0.39244 0.282383 0.361033 0.357369 0.352394 0.357312 0.383898 0.282251 0.376268 0.357217 0.363679 0.357381 0.394893 0.282401 0.406899 0.282665 0.405818 0.432968 0.39381 0.432794 0.363679 0.357381 0.376268 0.357217 0.380159 0.43272 0.367631 0.432667 0.33789 0.357161 0.349952 0.357283 0.382693 0.131393 0.351601 0.206672 0.339533 0.206464 0.370259 0.130283 0.358069 0.104781 0.369757 0.100552 0.382693 0.131393 0.370259 0.130283 0.394194 0.130748 0.362651 0.206785 0.354038 0.206705 0.385373 0.131328 0.37117 0.098235 0.374896 0.088103 0.377876 0.206736 0.365295 0.206793 0.396674 0.130677 0.40857 0.131592 0.376416 0.085605 0.388247 0.079963 0.40857 0.131592 0.396674 0.130677 0.406899 0.282665 0.394893 0.282401 0.365295 0.206793 0.377876 0.206736 0.381245 0.282234 0.36872 0.282093 0.339533 0.206464 0.351601 0.206672 </float_array>
          <technique_common>
            <accessor count="200" offset="0" source="#meshId12-tex0-array" stride="2">
              <param name="S" type="float" />
              <param name="T" type="float" />
            </accessor>
          </technique_common>
        </source>
        <vertices id="meshId12-vertices">
          <input semantic="POSITION" source="#meshId12-positions" />
        </vertices>
        <polylist count="110" material="defaultMaterial">
          <input offset="0" semantic="VERTEX" source="#meshId12-vertices" />
          <input offset="0" semantic="NORMAL" source="#meshId12-normals" />
          <input offset="0" semantic="TANGENT" source="#meshId12-tangents" />
          <input offset="0" semantic="BINORMAL" source="#meshId12-bitangents" />
          <input offset="0" semantic="TEXCOORD" source="#meshId12-tex0" set="0" />
          <vcount>3 3 3 3 3 3 3 3 3 3 3 3 3 3 3 3 3 3 3 3 3 3 3 3 3 3 3 3 3 3 3 3 3 3 3 3 3 3 3 3 3 3 3 3 3 3 3 3 3 3 3 3 3 3 3 3 3 3 3 3 3 3 3 3 3 3 3 3 3 3 3 3 3 3 3 3 3 3 3 3 3 3 3 3 3 3 3 3 3 3 3 3 3 3 3 3 3 3 3 3 3 3 3 3 3 3 3 3 3 3 </vcount>
          <p>3 0 1 1 2 3 7 4 5 5 6 7 11 8 9 9 10 11 15 12 13 13 14 15 19 16 17 17 18 19 23 20 21 21 22 23 27 24 25 25 26 27 31 28 29 29 30 31 35 32 33 33 34 35 39 36 37 37 38 39 43 40 41 41 42 43 47 44 45 45 46 47 51 48 49 49 50 51 55 52 53 53 54 55 59 56 57 57 58 59 63 60 61 61 62 63 67 64 65 65 66 67 71 68 69 69 70 71 75 72 73 73 74 75 79 76 77 77 78 79 83 80 81 81 82 83 87 84 85 85 86 87 91 88 89 89 90 91 95 92 93 93 94 95 99 96 97 97 98 99 103 100 101 101 102 103 93 104 105 105 94 93 109 106 107 107 108 109 113 110 111 111 112 113 117 114 115 115 116 117 121 118 119 119 120 121 125 122 123 123 124 125 115 92 95 95 116 115 129 126 127 127 128 129 133 130 131 131 132 133 137 134 135 135 136 137 141 138 139 139 140 141 145 142 143 143 144 145 135 114 117 117 136 135 149 146 147 147 148 149 153 150 151 151 152 153 157 154 155 155 156 157 161 158 159 159 160 161 165 162 163 163 164 165 155 134 137 137 156 155 169 166 167 167 168 169 173 170 171 171 172 173 177 174 175 175 176 177 181 178 179 179 180 181 181 182 183 183 178 181 187 184 185 185 186 187 191 188 189 189 190 191 195 192 193 193 194 195 179 154 157 157 180 179 199 196 197 197 198 199 </p>
        </polylist>
      </mesh>
    </geometry>
    <geometry id="meshId13" name="meshId13_name" >
      <mesh>
        <source id="meshId13-positions" name="meshId13-positions">
          <float_array id="meshId13-positions-array" count="600"> -0.737733 0.0466489 -0.698218 -0.731824 0.0508264 -0.698216 -0.795807 0.0463225 -0.7622 -0.795807 0.0421452 -0.756292 -0.731824 0.0508264 -0.698216 -0.737733 0.0466489 -0.698218 -0.89327 0.0466489 -0.542824 -0.887362 0.0508264 -0.542822 -0.887362 0.0508264 -0.542822 -0.89327 0.0466489 -0.542824 -0.737733 0.0466489 -0.387286 -0.731824 0.0508264 -0.387285 -0.704253 0.0508264 -0.698219 -0.698344 0.0466489 -0.698218 -0.795807 0.0421452 -0.795681 -0.795807 0.0463225 -0.789773 -0.698344 0.0466489 -0.698218 -0.704253 0.0508264 -0.698219 -0.859791 0.0508264 -0.542825 -0.853882 0.0466489 -0.542824 -0.853882 0.0466489 -0.542824 -0.859791 0.0508264 -0.542825 -0.704253 0.0508264 -0.387288 -0.698344 0.0466489 -0.387286 -0.731824 0.0508264 -0.387285 -0.737733 0.0466489 -0.387286 -0.89327 0.0466489 -0.231892 -0.887361 0.0508264 -0.231891 -0.887361 0.0508264 -0.231891 -0.89327 0.0466489 -0.231892 -0.737733 0.0466489 -0.0763549 -0.731824 0.0508264 -0.0763536 -0.698344 0.0466489 -0.387286 -0.704253 0.0508264 -0.387288 -0.859791 0.0508264 -0.231894 -0.853882 0.0466489 -0.231892 -0.853882 0.0466489 -0.231892 -0.859791 0.0508264 -0.231894 -0.704253 0.0508264 -0.0763563 -0.698344 0.0466489 -0.0763549 -0.731824 0.0508264 -0.0763536 -0.737733 0.0466489 -0.0763549 -0.89327 0.0466489 0.0790389 -0.887361 0.0508264 0.0790403 -0.887361 0.0508264 0.0790403 -0.89327 0.0466489 0.0790389 -0.737733 0.0466489 0.234576 -0.731824 0.0508264 0.234578 -0.698344 0.0466489 -0.0763549 -0.704253 0.0508264 -0.0763563 -0.859791 0.0508264 0.0790376 -0.853882 0.0466489 0.0790389 -0.853882 0.0466489 0.0790389 -0.859791 0.0508264 0.0790376 -0.704253 0.0508264 0.234575 -0.698344 0.0466489 0.234576 -0.731824 0.0508264 0.234578 -0.737733 0.0466489 0.234576 -0.89327 0.0466489 0.38997 -0.887361 0.0508264 0.389972 -0.887361 0.0508264 0.389972 -0.89327 0.0466489 0.38997 -0.737733 0.0466489 0.545508 -0.731824 0.0508264 0.545509 -0.698344 0.0466489 0.234576 -0.704253 0.0508264 0.234575 -0.859791 0.0508264 0.389969 -0.853882 0.0466489 0.38997 -0.853882 0.0466489 0.38997 -0.859791 0.0508264 0.389969 -0.704253 0.0508264 0.545506 -0.698344 0.0466489 0.545508 -0.859791 0.0508264 0.7009 -0.853881 0.0466489 0.700902 -0.698344 0.0466489 0.545508 -0.704253 0.0508264 0.545506 -0.853881 0.0466489 0.700902 -0.859791 0.0508264 0.7009 -0.795807 0.0463225 0.764884 -0.795807 0.0421452 0.758976 -0.89327 0.0466489 0.700902 -0.887361 0.0508264 0.700903 -0.731824 0.0508264 0.545509 -0.737733 0.0466489 0.545508 -0.887361 0.0508264 0.700903 -0.89327 0.0466489 0.700902 -0.795807 0.0421452 0.798365 -0.795807 0.0463225 0.792457 -0.853882 0.0466489 -0.542824 -0.853882 0.0103129 -0.542824 -0.698344 0.0103129 -0.698218 -0.698344 0.0466489 -0.698218 -0.887362 0.0508264 -0.542822 -0.859791 0.0508264 -0.542825 -0.704253 0.0508264 -0.698219 -0.731824 0.0508264 -0.698216 -0.737733 0.0103129 -0.698218 -0.89327 0.0103129 -0.542824 -0.89327 0.0466489 -0.542824 -0.737733 0.0466489 -0.698218 -0.795808 0.0103129 -0.756292 -0.737733 0.0103129 -0.698218 -0.737733 0.0466489 -0.698218 -0.795807 0.0421452 -0.756292 -0.795807 0.0463225 -0.7622 -0.795807 0.0463225 -0.789773 -0.795807 0.0421452 -0.795681 -0.698344 0.0466489 -0.698218 -0.698344 0.0103129 -0.698218 -0.795807 0.0103129 -0.795681 -0.853882 0.0466489 -0.231892 -0.853882 0.0103129 -0.231892 -0.698344 0.0103129 -0.387286 -0.698344 0.0466489 -0.387286 -0.887361 0.0508264 -0.231891 -0.859791 0.0508264 -0.231894 -0.704253 0.0508264 -0.387288 -0.731824 0.0508264 -0.387285 -0.737733 0.0103129 -0.387286 -0.89327 0.0103129 -0.231892 -0.89327 0.0466489 -0.231892 -0.737733 0.0466489 -0.387286 -0.89327 0.0103129 -0.542824 -0.737733 0.0103129 -0.387286 -0.737733 0.0466489 -0.387286 -0.89327 0.0466489 -0.542824 -0.853882 0.0466489 -0.542824 -0.698344 0.0466489 -0.387286 -0.698344 0.0103129 -0.387286 -0.853882 0.0103129 -0.542824 -0.853882 0.0466489 0.0790389 -0.853882 0.0103129 0.0790389 -0.698344 0.0103129 -0.0763549 -0.698344 0.0466489 -0.0763549 -0.887361 0.0508264 0.0790403 -0.859791 0.0508264 0.0790376 -0.704253 0.0508264 -0.0763563 -0.731824 0.0508264 -0.0763536 -0.737733 0.0103129 -0.0763549 -0.89327 0.0103129 0.0790389 -0.89327 0.0466489 0.0790389 -0.737733 0.0466489 -0.0763549 -0.89327 0.0103129 -0.231892 -0.737733 0.0103129 -0.0763549 -0.737733 0.0466489 -0.0763549 -0.89327 0.0466489 -0.231892 -0.853882 0.0466489 -0.231892 -0.698344 0.0466489 -0.0763549 -0.698344 0.0103129 -0.0763549 -0.853882 0.0103129 -0.231892 -0.853882 0.0466489 0.38997 -0.853882 0.0103129 0.38997 -0.698344 0.0103129 0.234576 -0.698344 0.0466489 0.234576 -0.887361 0.0508264 0.389972 -0.859791 0.0508264 0.389969 -0.704253 0.0508264 0.234575 -0.731824 0.0508264 0.234578 -0.737733 0.0103129 0.234576 -0.89327 0.0103129 0.38997 -0.89327 0.0466489 0.38997 -0.737733 0.0466489 0.234576 -0.89327 0.0103129 0.0790389 -0.737733 0.0103129 0.234576 -0.737733 0.0466489 0.234576 -0.89327 0.0466489 0.0790389 -0.853882 0.0466489 0.0790389 -0.698344 0.0466489 0.234576 -0.698344 0.0103129 0.234576 -0.853882 0.0103129 0.0790389 -0.853881 0.0466489 0.700902 -0.853881 0.0103129 0.700902 -0.698344 0.0103129 0.545508 -0.698344 0.0466489 0.545508 -0.795807 0.0103129 0.758976 -0.853881 0.0103129 0.700902 -0.853881 0.0466489 0.700902 -0.795807 0.0421452 0.758976 -0.887361 0.0508264 0.700903 -0.859791 0.0508264 0.7009 -0.704253 0.0508264 0.545506 -0.731824 0.0508264 0.545509 -0.795807 0.0463225 0.764884 -0.795807 0.0463225 0.792457 -0.737733 0.0103129 0.545508 -0.89327 0.0103129 0.700902 -0.89327 0.0466489 0.700902 -0.737733 0.0466489 0.545508 -0.795807 0.0421452 0.798365 -0.89327 0.0466489 0.700902 -0.89327 0.0103129 0.700902 -0.795807 0.0103129 0.798365 -0.89327 0.0103129 0.38997 -0.737733 0.0103129 0.545508 -0.737733 0.0466489 0.545508 -0.89327 0.0466489 0.38997 -0.853882 0.0466489 0.38997 -0.698344 0.0466489 0.545508 -0.698344 0.0103129 0.545508 -0.853882 0.0103129 0.38997 </float_array>
          <technique_common>
            <accessor count="200" offset="0" source="#meshId13-positions-array" stride="3">
              <param name="X" type="float" />
              <param name="Y" type="float" />
              <param name="Z" type="float" />
            </accessor>
          </technique_common>
        </source>
        <source id="meshId13-normals" name="meshId13-normals">
          <float_array id="meshId13-normals-array" count="600"> -0.525734 0.706629 0.473581 -0.525734 0.706629 0.473581 -0.525734 0.706629 0.473581 -0.525734 0.706629 0.473581 -0.499769 0.707106 -0.500232 -0.499769 0.707106 -0.500232 -0.499769 0.707106 -0.500232 -0.499769 0.707106 -0.500232 -0.499999 0.707108 0.5 -0.499999 0.707107 0.5 -0.499999 0.707108 0.5 -0.499999 0.707107 0.5 0.483016 0.706905 -0.516701 0.483016 0.706905 -0.516701 0.483016 0.706905 -0.516701 0.483016 0.706905 -0.516701 0.499767 0.70711 0.500229 0.499767 0.70711 0.500228 0.499767 0.70711 0.500229 0.499767 0.70711 0.500228 0.499999 0.707108 -0.5 0.499999 0.707107 -0.5 0.499999 0.707108 -0.5 0.499999 0.707107 -0.5 -0.499767 0.70711 -0.500229 -0.499767 0.70711 -0.500229 -0.499767 0.70711 -0.500229 -0.499767 0.70711 -0.500229 -0.499999 0.707107 0.5 -0.499999 0.707107 0.5 -0.499999 0.707107 0.5 -0.499999 0.707107 0.5 0.499767 0.70711 0.500228 0.499767 0.70711 0.500228 0.499767 0.70711 0.500228 0.499767 0.70711 0.500228 0.499999 0.707108 -0.5 0.499999 0.707107 -0.5 0.499999 0.707108 -0.5 0.499999 0.707107 -0.5 -0.499767 0.70711 -0.500229 -0.499767 0.70711 -0.500229 -0.499767 0.70711 -0.500229 -0.499767 0.70711 -0.500229 -0.499999 0.707107 0.5 -0.499999 0.707107 0.5 -0.499999 0.707107 0.5 -0.499999 0.707107 0.5 0.499767 0.70711 0.500228 0.499767 0.70711 0.500228 0.499767 0.70711 0.500228 0.499767 0.70711 0.500228 0.499999 0.707107 -0.5 0.499999 0.707107 -0.5 0.499999 0.707107 -0.5 0.499999 0.707107 -0.5 -0.499767 0.70711 -0.500229 -0.499767 0.70711 -0.500229 -0.499767 0.70711 -0.500229 -0.499767 0.70711 -0.500229 -0.499999 0.707108 0.5 -0.499999 0.707108 0.5 -0.499999 0.707108 0.5 -0.499999 0.707108 0.5 0.499766 0.70711 0.500229 0.499766 0.70711 0.500229 0.499766 0.70711 0.500229 0.499766 0.70711 0.500229 0.499999 0.707108 -0.5 0.499999 0.707108 -0.5 0.499999 0.707108 -0.5 0.499999 0.707108 -0.5 0.499766 0.70711 0.500229 0.499766 0.70711 0.500229 0.499766 0.70711 0.500229 0.499766 0.70711 0.500229 0.525734 0.706625 -0.473586 0.525734 0.706625 -0.473586 0.525734 0.706625 -0.473586 0.525734 0.706625 -0.473586 -0.499767 0.70711 -0.500229 -0.499767 0.70711 -0.500229 -0.499767 0.70711 -0.500229 -0.499767 0.70711 -0.500229 -0.483022 0.706895 0.51671 -0.483022 0.706895 0.51671 -0.483022 0.706895 0.51671 -0.483022 0.706895 0.51671 0.70678 0 0.707434 0.70678 0 0.707434 0.70678 0 0.707434 0.70678 0 0.707434 0 1 0 0 1 0 -0.00966999 0.999907 -0.009668 -0.009654 0.999907 -0.009652 -0.70678 0 -0.707433 -0.70678 0 -0.707433 -0.70678 0 -0.707433 -0.70678 0 -0.707433 -0.707108 7e-06 0.707106 -0.707108 7e-06 0.707106 -0.707108 7e-06 0.707106 -0.707108 7e-06 0.707106 -0.028935 0.999163 -0.02893 -0.028935 0.999163 -0.02893 0.707107 -4e-06 -0.707106 0.707107 -4e-06 -0.707106 0.707107 -4e-06 -0.707106 0.707107 -4e-06 -0.707106 0.70678 0 0.707434 0.70678 0 0.707434 0.70678 0 0.707434 0.70678 0 0.707434 0 1 0 0 1 0 0 1 0 0 1 0 -0.70678 0 -0.707433 -0.70678 0 -0.707433 -0.70678 0 -0.707433 -0.70678 0 -0.707433 -0.707107 0 0.707107 -0.707107 0 0.707107 -0.707107 0 0.707107 -0.707107 0 0.707107 0.707106 0 -0.707107 0.707106 0 -0.707107 0.707106 0 -0.707107 0.707106 0 -0.707107 0.70678 0 0.707434 0.70678 0 0.707434 0.70678 0 0.707434 0.70678 0 0.707434 0 1 0 0 1 0 0 1 0 0 1 0 -0.70678 0 -0.707433 -0.70678 0 -0.707433 -0.70678 0 -0.707433 -0.70678 0 -0.707433 -0.707107 0 0.707107 -0.707107 0 0.707107 -0.707107 0 0.707107 -0.707107 0 0.707107 0.707106 0 -0.707107 0.707106 0 -0.707107 0.707106 0 -0.707107 0.707106 0 -0.707107 0.70678 0 0.707434 0.70678 0 0.707434 0.70678 0 0.707434 0.70678 0 0.707434 0 1 0 0 1 0 0 1 0 0 1 0 -0.70678 0 -0.707433 -0.70678 0 -0.707433 -0.70678 0 -0.707433 -0.70678 0 -0.707433 -0.707107 0 0.707107 -0.707107 0 0.707107 -0.707107 0 0.707107 -0.707107 0 0.707107 0.707107 0 -0.707107 0.707107 0 -0.707107 0.707107 0 -0.707107 0.707107 0 -0.707107 0.70678 0 0.707434 0.70678 0 0.707434 0.70678 0 0.707434 0.70678 0 0.707434 0.707107 0 -0.707107 0.707107 0 -0.707107 0.707107 0 -0.707106 0.707107 0 -0.707106 0.00966999 0.999907 0.009668 0.009654 0.999907 0.009652 0 1 0 0 1 0 0.028935 0.999163 0.028929 0.028935 0.999163 0.028929 -0.70678 0 -0.707433 -0.70678 0 -0.707433 -0.70678 0 -0.707433 -0.70678 0 -0.707433 -0.707107 2e-06 0.707106 -0.707107 2e-06 0.707106 -0.707107 2e-06 0.707106 -0.707107 2e-06 0.707106 -0.707107 0 0.707107 -0.707107 0 0.707107 -0.707107 0 0.707107 -0.707107 0 0.707107 0.707106 0 -0.707107 0.707106 0 -0.707107 0.707106 0 -0.707107 0.707106 0 -0.707107 </float_array>
          <technique_common>
            <accessor count="200" offset="0" source="#meshId13-normals-array" stride="3">
              <param name="X" type="float" />
              <param name="Y" type="float" />
              <param name="Z" type="float" />
            </accessor>
          </technique_common>
        </source>
        <source id="meshId13-tangents" name="meshId13-tangents">
          <float_array id="meshId13-tangents-array" count="600"> 0.818262 0.572256 0.0545111 0.812332 0.58226 0.0330011 0.70008 0.675671 -0.230991 0.70484 0.673553 -0.222547 0.797847 0.600621 0.0519033 0.798032 0.600416 0.0514281 0.811879 0.583661 0.0139102 0.811713 0.58388 0.0143861 0.820996 0.570767 0.0138068 0.820949 0.570838 0.0136601 0.819285 0.573323 0.00848043 0.819333 0.573254 0.00862771 0.836796 -0.546414 0.0346871 0.835786 -0.548159 0.0313556 0.810978 -0.583678 -0.0404278 0.811566 -0.582965 -0.0389036 0.802115 -0.595774 0.0407953 0.802223 -0.595649 0.0405105 0.81043 -0.585558 0.0180465 0.810329 -0.585688 0.0183315 0.822326 -0.568732 0.0180148 0.822191 -0.56894 0.0175868 0.817324 -0.576173 0.00248892 0.817465 -0.575971 0.00291767 0.813744 0.581161 0.00852128 0.813754 0.581148 0.00849227 0.814535 0.580081 0.00620436 0.814525 0.580095 0.00623338 0.818533 0.574426 0.00616941 0.818494 0.574483 0.00605123 0.817124 0.576459 0.00188536 0.817163 0.576403 0.00200355 0.815794 -0.578337 0.00248136 0.815772 -0.578368 0.00254569 0.814053 -0.580741 0.0076179 0.814075 -0.580711 0.00755357 0.81899 -0.573758 0.00757018 0.818887 -0.573908 0.00725632 0.815217 -0.579143 -0.00381839 0.815323 -0.578996 -0.00350391 0.815993 0.578059 0.00188847 0.815999 0.57805 0.00187099 0.81646 0.577401 0.000492548 0.816454 0.57741 0.000510034 0.816656 0.577124 0.000477894 0.816612 0.577187 0.000343621 0.815024 0.579411 -0.0043891 0.815069 0.579348 -0.00425484 0.817873 -0.575386 -0.00376848 0.817852 -0.575416 -0.00370461 0.81618 -0.577796 0.00133092 0.816201 -0.577766 0.00126706 0.816939 -0.576722 0.00132953 0.816839 -0.576864 0.00102831 0.813251 -0.581834 -0.00958894 0.813354 -0.581695 -0.00928773 0.818073 0.575097 -0.00437588 0.818077 0.575092 -0.00438658 0.818354 0.574691 -0.00523077 0.81835 0.574696 -0.00522007 0.814732 0.579814 -0.00525259 0.814748 0.579792 -0.0052049 0.815316 0.579005 -0.00352408 0.8153 0.579028 -0.00357177 0.819731 -0.57267 -0.0094621 0.819713 -0.572697 -0.00940547 0.818259 -0.574828 -0.00494006 0.818278 -0.574801 -0.00499669 0.814835 -0.579672 -0.00494821 0.814775 -0.579754 -0.00512345 0.812662 -0.582626 -0.0112988 0.812722 -0.582545 -0.0111236 0.809032 -0.587353 0.0219826 0.80918 -0.587164 0.0215682 0.820268 -0.571871 -0.0111276 0.820135 -0.57207 -0.010713 0.811258 -0.583954 0.0292862 0.804873 -0.593392 0.00811649 0.688774 -0.68033 -0.250485 0.693611 -0.6784 -0.242235 0.808808 0.587638 0.0226089 0.808925 0.58749 0.0222822 0.817778 0.575523 -0.0034795 0.81767 0.575678 -0.00315281 0.830974 0.55608 0.0160412 0.829583 0.558259 0.0117601 0.794632 0.601744 -0.0804033 0.795471 0.600892 -0.0784522 -0.00795173 -0.999937 0.00794438 -0.00397255 -0.999984 0.00396888 0.0302157 -0.999087 -0.0301877 0.0262395 -0.999312 -0.0262153 0.999978 0 0.00662871 0.999968 0 0.00796533 0.997497 0.0103231 0.0699531 0.998536 0.0101537 0.053139 0.0218611 0.999522 -0.021841 0.00162043 0.999997 -0.00161894 -0.000735834 0.999999 0.000735155 0.0195059 0.99962 -0.0194879 0.328985 0.885179 0.328977 0.0632059 0.995998 0.0631962 -0.0205569 0.999577 -0.0205668 0.243832 0.938667 0.243823 0.936069 0.0169331 -0.351408 0.964824 0.0203515 -0.262106 0.391924 -0.832339 0.391929 0.0341029 -0.998836 0.0341086 -0.0282002 -0.999205 -0.0281946 0.331766 -0.883096 0.331771 -0.00244105 -0.999994 0.00243879 -0.00252346 -0.999994 0.00252113 -0.00323146 -0.99999 0.00322848 -0.00314905 -0.99999 0.00314614 1 0 -0.000321755 1 0 -0.000168889 0.999981 0 0.0062025 0.999982 0 0.00607739 -0.0255552 0.999347 0.0255317 0.00354073 0.999988 -0.00353747 0.00692735 0.999952 -0.00692096 -0.0221705 0.999509 0.02215 0.000742927 0.999999 0.000742927 0.022984 0.999472 0.022984 0.0255702 0.999346 0.0255702 0.00333069 0.999989 0.00333069 0.00817624 -0.999933 0.00817623 0.00376762 -0.999986 0.00376761 0.00325467 -0.999989 0.00325466 0.00766332 -0.999941 0.0076633 0.0043828 -0.999981 -0.00437875 0.00425219 -0.999982 -0.00424826 0.0031302 -0.99999 -0.0031273 0.0032608 -0.999989 -0.00325779 0.999984 0 -0.00572042 0.999984 0 -0.00557287 1 0 0.000576922 1 0 0.00042945 -0.0187072 0.99965 0.0186899 0.0102441 0.999895 -0.0102346 0.0136132 0.999815 -0.0136006 -0.0153386 0.999765 0.0153245 -0.00691533 0.999952 -0.00691533 0.0159273 0.999746 0.0159273 0.0185839 0.999655 0.0185839 -0.00425798 0.999982 -0.00425798 0.00245237 -0.999994 0.00245237 -0.00254909 -0.999994 -0.00254909 -0.003131 -0.99999 -0.003131 0.00187046 -0.999996 0.00187046 0.0110195 -0.999879 -0.0110093 0.0108941 -0.999881 -0.0108841 0.00981731 -0.999904 -0.00980823 0.00994266 -0.999901 -0.00993347 0.999943 0 -0.0106681 0.999945 0 -0.0104774 0.999988 0 -0.00483035 0.999988 0 -0.00496781 -0.0117454 0.999862 0.0117346 0.0170972 0.999708 -0.0170814 0.0204528 0.999582 -0.0204339 -0.0083889 0.99993 0.00838116 -0.0135016 0.999818 -0.0135016 0.00897706 0.999919 0.00897706 0.0115919 0.999866 0.0115919 -0.0108869 0.999882 -0.0108869 -0.00437396 -0.999981 -0.00437395 -0.00919471 -0.999915 -0.00919471 -0.00975557 -0.999905 -0.00975557 -0.00493486 -0.999976 -0.00493485 0.0701903 -0.995066 -0.0701254 0.0645783 -0.995825 -0.0645186 0.0161992 -0.999738 -0.0161842 0.0218348 -0.999524 -0.0218146 0.28651 -0.914234 0.28651 0.0187829 -0.999647 0.0187829 -0.0642066 -0.995869 -0.0642067 0.199848 -0.95923 0.199848 0.998948 -0.0100933 0.0447383 0.999568 -0.00991791 0.0276788 0.999974 0 -0.00720788 0.999981 0 -0.00619331 0.922002 -0.0154992 -0.386875 0.955038 -0.0190908 -0.295869 -0.00354418 0.999987 0.00354091 0.0543739 0.997042 -0.0543237 0.0610923 0.996264 -0.0610359 0.00319671 0.99999 -0.00319376 0.369473 0.852631 0.369472 0.00652993 0.999957 0.0065271 -0.0558748 0.996873 -0.0558777 0.307865 0.900244 0.307863 -0.0201658 0.999593 -0.0201658 0.00104466 0.999999 0.00104466 0.00351241 0.999988 0.00351241 -0.0176989 0.999687 -0.0176989 -0.010939 -0.99988 -0.0109389 -0.0157408 -0.999752 -0.0157407 -0.0162994 -0.999734 -0.0162994 -0.0114977 -0.999868 -0.0114977 </float_array>
          <technique_common>
            <accessor count="200" offset="0" source="#meshId13-tangents-array" stride="3">
              <param name="X" type="float" />
              <param name="Y" type="float" />
              <param name="Z" type="float" />
            </accessor>
          </technique_common>
        </source>
        <source id="meshId13-bitangents" name="meshId13-bitangents">
          <float_array id="meshId13-bitangents-array" count="600"> -0.23249 0.416172 -0.879062 -0.252428 0.402055 -0.880131 -0.48321 0.210105 -0.84992 -0.476241 0.216798 -0.85217 0.337151 -0.373169 -0.864334 0.336712 -0.373499 -0.864363 0.301802 -0.399176 -0.86578 0.302248 -0.398855 -0.865772 -0.275621 0.417401 -0.865916 -0.27576 0.417305 -0.865918 -0.280665 0.413883 -0.865984 -0.280526 0.41398 -0.865982 -0.257813 -0.449128 -0.855463 -0.261069 -0.446997 -0.855591 -0.330166 -0.399506 -0.855211 -0.32872 -0.400546 -0.855281 0.32687 0.380853 -0.864932 0.326606 0.381049 -0.864946 0.305674 0.396381 -0.865705 0.30594 0.396188 -0.8657 -0.271627 -0.42017 -0.865838 -0.272034 -0.419889 -0.865847 -0.286327 -0.409906 -0.866022 -0.285922 -0.410192 -0.86602 0.296739 -0.402799 -0.865851 0.296712 -0.402819 -0.865852 0.294561 -0.404353 -0.865871 0.294588 -0.404334 -0.865871 -0.282851 0.412351 -0.866003 -0.282963 0.412273 -0.866004 -0.286897 0.409505 -0.866023 -0.286785 0.409583 -0.866023 0.291055 0.406843 -0.86589 0.291116 0.4068 -0.86589 0.295889 0.403405 -0.86586 0.295829 0.403448 -0.865861 -0.281526 -0.41328 -0.865992 -0.281823 -0.413072 -0.865995 -0.292272 -0.405699 -0.866017 -0.291976 -0.405909 -0.866018 0.290497 -0.407239 -0.865891 0.29048 -0.407251 -0.865891 0.289181 -0.408171 -0.865893 0.289198 -0.408159 -0.865893 -0.288224 0.408567 -0.866025 -0.288351 0.408478 -0.866025 -0.292809 0.405317 -0.866014 -0.292683 0.405407 -0.866015 0.285159 0.411007 -0.865886 0.28522 0.410964 -0.865886 0.289971 0.407611 -0.865893 0.289911 0.407654 -0.865893 -0.287421 -0.409135 -0.866024 -0.287705 -0.408934 -0.866025 -0.297698 -0.401831 -0.865972 -0.297415 -0.402034 -0.865976 0.284586 -0.411411 -0.865882 0.284576 -0.411418 -0.865882 0.283778 -0.411978 -0.865877 0.283788 -0.411971 -0.865878 -0.293621 0.404739 -0.86601 -0.293576 0.404771 -0.86601 -0.291994 0.405896 -0.866018 -0.292039 0.405864 -0.866018 0.279775 0.414782 -0.865841 0.279829 0.414745 -0.865842 0.284053 0.411786 -0.865879 0.283999 0.411823 -0.865879 -0.293335 -0.404943 -0.866011 -0.2935 -0.404826 -0.86601 -0.299302 -0.400681 -0.865952 -0.299138 -0.400799 -0.865954 0.309355 0.393715 -0.865614 0.308968 0.393996 -0.865624 0.278198 0.415883 -0.865822 0.278591 0.415609 -0.865827 -0.255858 -0.399598 -0.88026 -0.275287 -0.385444 -0.88071 -0.499193 -0.194505 -0.844378 -0.49245 -0.201133 -0.846781 0.309941 -0.39329 -0.865598 0.309635 -0.393511 -0.865606 0.285433 -0.410815 -0.865886 0.285741 -0.410598 -0.865888 -0.275993 0.437121 -0.85601 -0.280145 0.434334 -0.85608 -0.367764 0.371758 -0.852377 -0.365944 0.373134 -0.852558 0.707389 -0.0112403 -0.706735 0.707422 -0.00561544 -0.706769 0.706788 0.0427117 -0.706135 0.706947 0.0370911 -0.706293 0.00662871 0 -0.999978 0.00796533 0 -0.999968 0.0700463 -0.00896735 -0.997504 0.0532321 -0.00912486 -0.998541 0.707095 -0.030902 -0.706443 0.707431 -0.00229058 -0.706778 0.707433 0.00104015 -0.70678 0.707164 -0.0275727 -0.706511 -0.625913 0.46525 -0.62592 -0.704275 0.0893798 -0.704278 -0.706807 -0.0290788 -0.706809 -0.663736 0.344824 -0.663741 -0.350624 -0.0372485 -0.935775 -0.261298 -0.0354964 -0.964605 -0.588553 -0.554267 -0.588551 -0.706283 -0.0482328 -0.706284 -0.706544 0.0398772 -0.706545 -0.624444 -0.469192 -0.624443 0.707429 -0.00345057 -0.706775 0.707429 -0.00356707 -0.706775 0.707426 -0.00456787 -0.706772 0.707427 -0.00445137 -0.706773 -0.000321755 0 -1 -0.000168889 0 -1 0.0062025 0 -0.999981 0.00607739 0 -0.999982 0.706971 0.0361239 -0.706319 0.707424 -0.00500504 -0.706771 0.707399 -0.00979223 -0.706746 0.707086 0.0313393 -0.706433 -0.707106 0.00105066 -0.707106 -0.706733 0.0325043 -0.706733 -0.706644 0.0361618 -0.706644 -0.707099 0.00471031 -0.707099 -0.70706 -0.0115629 -0.707059 -0.707097 -0.00532821 -0.707096 -0.7071 -0.00460279 -0.707099 -0.707066 -0.0108376 -0.707065 0.70742 0.00619535 -0.706766 0.707421 0.00601073 -0.706767 0.707427 0.00442472 -0.706773 0.707426 0.00460934 -0.706772 -0.00572042 0 -0.999984 -0.00557287 0 -0.999984 0.000576922 0 -1 0.00042945 0 -1 0.707186 0.0264437 -0.706533 0.707359 -0.0144807 -0.706706 0.707302 -0.019243 -0.706649 0.707267 0.0216821 -0.706614 -0.707073 -0.00977976 -0.707073 -0.706927 0.0225246 -0.706927 -0.706863 0.0262816 -0.706863 -0.707094 -0.00602169 -0.707094 -0.707103 -0.00346818 -0.707102 -0.707103 0.00360496 -0.707102 -0.7071 0.0044279 -0.707099 -0.707105 -0.00264523 -0.707104 0.707348 0.0155767 -0.706694 0.70735 0.0153995 -0.706696 0.707366 0.0138774 -0.706712 0.707364 0.0140545 -0.70671 -0.0106681 0 -0.999943 -0.0104774 0 -0.999945 -0.00483035 0 -0.999988 -0.00496781 0 -0.999988 0.707336 0.0166028 -0.706683 0.707227 -0.0241679 -0.706574 0.707137 -0.0289113 -0.706485 0.707383 0.0118582 -0.70673 -0.706978 -0.0190942 -0.706978 -0.70705 0.0126955 -0.70705 -0.707012 0.0163934 -0.707012 -0.707023 -0.0153965 -0.707023 -0.707093 0.00618571 -0.707093 -0.707047 0.0130033 -0.707047 -0.707039 0.0137965 -0.707039 -0.70709 0.00697894 -0.70709 0.703943 0.0992182 -0.703292 0.70448 0.0912853 -0.703829 0.707248 0.0228985 -0.706594 0.707097 0.0308648 -0.706443 -0.646461 -0.405186 -0.646461 -0.706857 -0.0265631 -0.706857 -0.704185 0.0908019 -0.704186 -0.678277 -0.282628 -0.678278 0.0448317 0.0092252 -0.998952 0.0277719 0.00938062 -0.99957 -0.00720788 0 -0.999974 -0.00619331 0 -0.999981 -0.386103 0.0378668 -0.921678 -0.295069 0.0361893 -0.95479 0.707424 0.00500991 -0.706771 0.70534 -0.0768608 -0.704689 0.70479 -0.0863577 -0.70414 0.707426 -0.00451875 -0.706773 -0.6029 0.522513 -0.602903 -0.707076 0.00923272 -0.707077 -0.704895 -0.0790209 -0.704896 -0.636568 0.435385 -0.63657 -0.706819 -0.0285187 -0.706819 -0.707106 0.00147737 -0.707106 -0.707098 0.0049673 -0.707098 -0.706885 -0.02503 -0.706885 -0.707023 0.01547 -0.707022 -0.706932 0.0222608 -0.706931 -0.706919 0.0230508 -0.706918 -0.707014 0.0162601 -0.707013 </float_array>
          <technique_common>
            <accessor count="200" offset="0" source="#meshId13-bitangents-array" stride="3">
              <param name="X" type="float" />
              <param name="Y" type="float" />
              <param name="Z" type="float" />
            </accessor>
          </technique_common>
        </source>
        <source id="meshId13-tex0" name="meshId13-tex0">
          <float_array id="meshId13-tex0-array" count="400"> 0.232906 0.864068 0.23554 0.864244 0.220654 0.896691 0.219276 0.894422 0.23554 0.864244 0.232906 0.864068 0.205281 0.788133 0.207685 0.788181 0.207685 0.788181 0.205281 0.788133 0.2353 0.713357 0.237902 0.713386 0.244261 0.865164 0.246684 0.865305 0.225548 0.909366 0.224105 0.906842 0.246684 0.865305 0.244261 0.865164 0.21603 0.788271 0.21864 0.788334 0.21864 0.788334 0.21603 0.788271 0.24637 0.71347 0.248765 0.713478 0.237902 0.713386 0.2353 0.713357 0.206543 0.637968 0.208953 0.637989 0.208953 0.637989 0.206543 0.637968 0.235947 0.562896 0.23855 0.562902 0.248765 0.713478 0.24637 0.71347 0.217325 0.637986 0.219938 0.638012 0.219938 0.638012 0.217325 0.637986 0.247021 0.562911 0.249416 0.562897 0.23855 0.562902 0.235947 0.562896 0.206549 0.487754 0.208959 0.487755 0.208959 0.487755 0.206549 0.487754 0.235311 0.412434 0.237913 0.412418 0.249416 0.562897 0.247021 0.562911 0.217331 0.48768 0.219943 0.487684 0.219943 0.487684 0.217331 0.48768 0.246384 0.412355 0.248778 0.412321 0.237913 0.412418 0.235311 0.412434 0.205272 0.337537 0.207681 0.337518 0.207681 0.337518 0.205272 0.337537 0.233409 0.261993 0.23601 0.26198 0.248778 0.412321 0.246384 0.412355 0.216051 0.337377 0.218663 0.337359 0.218663 0.337359 0.216051 0.337377 0.244451 0.261885 0.246841 0.261845 0.214237 0.186643 0.216879 0.186718 0.246841 0.261845 0.244451 0.261885 0.216879 0.186718 0.214237 0.186643 0.227829 0.153624 0.229255 0.155875 0.203139 0.185975 0.205575 0.186053 0.23601 0.26198 0.233409 0.261993 0.205575 0.186053 0.203139 0.185975 0.222495 0.141168 0.224035 0.143616 0.21864 0.788334 0.232804 0.788477 0.260196 0.864766 0.246684 0.865305 0.207685 0.788181 0.21603 0.788271 0.244261 0.865164 0.23554 0.864244 0.218678 0.864458 0.19174 0.78812 0.205281 0.788133 0.232906 0.864068 0.206146 0.889351 0.218678 0.864458 0.232906 0.864068 0.219276 0.894422 0.220654 0.896691 0.224105 0.906842 0.225548 0.909366 0.246684 0.865305 0.260196 0.864766 0.238848 0.915998 0.219938 0.638012 0.234106 0.638055 0.26239 0.713535 0.248765 0.713478 0.208953 0.637989 0.217325 0.637986 0.24637 0.71347 0.237902 0.713386 0.221056 0.71291 0.192992 0.63809 0.206543 0.637968 0.2353 0.713357 0.19174 0.78812 0.221056 0.71291 0.2353 0.713357 0.205281 0.788133 0.21864 0.788334 0.248765 0.713478 0.26239 0.713535 0.232804 0.788477 0.219943 0.487684 0.234112 0.487607 0.263042 0.562842 0.249416 0.562897 0.208959 0.487755 0.217331 0.48768 0.247021 0.562911 0.23855 0.562902 0.221697 0.56257 0.192999 0.487993 0.206549 0.487754 0.235947 0.562896 0.192992 0.63809 0.221697 0.56257 0.235947 0.562896 0.206543 0.637968 0.219938 0.638012 0.249416 0.562897 0.263042 0.562842 0.234106 0.638055 0.218663 0.337359 0.232829 0.337166 0.262403 0.412149 0.248778 0.412321 0.207681 0.337518 0.216051 0.337377 0.246384 0.412355 0.237913 0.412418 0.221058 0.41223 0.191726 0.337895 0.205272 0.337537 0.235311 0.412434 0.192999 0.487993 0.221058 0.41223 0.235311 0.412434 0.206549 0.487754 0.219943 0.487684 0.248778 0.412321 0.262403 0.412149 0.234112 0.487607 0.216879 0.186718 0.230939 0.18548 0.260474 0.261557 0.246841 0.261845 0.242554 0.160215 0.230939 0.18548 0.216879 0.186718 0.229255 0.155875 0.205575 0.186053 0.214237 0.186643 0.244451 0.261885 0.23601 0.26198 0.227829 0.153624 0.224035 0.143616 0.219168 0.261931 0.189731 0.187064 0.203139 0.185975 0.233409 0.261993 0.222495 0.141168 0.203139 0.185975 0.189731 0.187064 0.209016 0.134951 0.191726 0.337895 0.219168 0.261931 0.233409 0.261993 0.205272 0.337537 0.218663 0.337359 0.246841 0.261845 0.260474 0.261557 0.232829 0.337166 </float_array>
          <technique_common>
            <accessor count="200" offset="0" source="#meshId13-tex0-array" stride="2">
              <param name="S" type="float" />
              <param name="T" type="float" />
            </accessor>
          </technique_common>
        </source>
        <vertices id="meshId13-vertices">
          <input semantic="POSITION" source="#meshId13-positions" />
        </vertices>
        <polylist count="110" material="defaultMaterial">
          <input offset="0" semantic="VERTEX" source="#meshId13-vertices" />
          <input offset="0" semantic="NORMAL" source="#meshId13-normals" />
          <input offset="0" semantic="TANGENT" source="#meshId13-tangents" />
          <input offset="0" semantic="BINORMAL" source="#meshId13-bitangents" />
          <input offset="0" semantic="TEXCOORD" source="#meshId13-tex0" set="0" />
          <vcount>3 3 3 3 3 3 3 3 3 3 3 3 3 3 3 3 3 3 3 3 3 3 3 3 3 3 3 3 3 3 3 3 3 3 3 3 3 3 3 3 3 3 3 3 3 3 3 3 3 3 3 3 3 3 3 3 3 3 3 3 3 3 3 3 3 3 3 3 3 3 3 3 3 3 3 3 3 3 3 3 3 3 3 3 3 3 3 3 3 3 3 3 3 3 3 3 3 3 3 3 3 3 3 3 3 3 3 3 3 3 </vcount>
          <p>3 0 1 1 2 3 7 4 5 5 6 7 11 8 9 9 10 11 15 12 13 13 14 15 19 16 17 17 18 19 23 20 21 21 22 23 27 24 25 25 26 27 31 28 29 29 30 31 35 32 33 33 34 35 39 36 37 37 38 39 43 40 41 41 42 43 47 44 45 45 46 47 51 48 49 49 50 51 55 52 53 53 54 55 59 56 57 57 58 59 63 60 61 61 62 63 67 64 65 65 66 67 71 68 69 69 70 71 75 72 73 73 74 75 79 76 77 77 78 79 83 80 81 81 82 83 87 84 85 85 86 87 91 88 89 89 90 91 95 92 93 93 94 95 99 96 97 97 98 99 103 100 101 101 102 103 105 104 95 95 94 105 109 106 107 107 108 109 113 110 111 111 112 113 117 114 115 115 116 117 121 118 119 119 120 121 125 122 123 123 124 125 93 92 117 117 116 93 129 126 127 127 128 129 133 130 131 131 132 133 137 134 135 135 136 137 141 138 139 139 140 141 145 142 143 143 144 145 115 114 137 137 136 115 149 146 147 147 148 149 153 150 151 151 152 153 157 154 155 155 156 157 161 158 159 159 160 161 165 162 163 163 164 165 135 134 157 157 156 135 169 166 167 167 168 169 173 170 171 171 172 173 177 174 175 175 176 177 181 178 179 179 180 181 183 182 179 179 178 183 187 184 185 185 186 187 191 188 189 189 190 191 195 192 193 193 194 195 155 154 181 181 180 155 199 196 197 197 198 199 </p>
        </polylist>
      </mesh>
    </geometry>
    <geometry id="meshId14" name="meshId14_name" >
      <mesh>
        <source id="meshId14-positions" name="meshId14-positions">
          <float_array id="meshId14-positions-array" count="75"> -0.888859 0.0101755 -0.744643 -0.859895 0.0101755 -0.744643 -0.859895 0.0515971 -0.744643 -0.888859 0.0515971 -0.744643 -0.888859 0.0515971 -0.744643 -0.859895 0.0515971 -0.744643 -0.744098 0.0515971 -0.860441 -0.744098 0.0515971 -0.889404 -0.888859 0.0515971 -0.889404 -0.888859 0.0515971 -0.889404 -0.744098 0.0515971 -0.889404 -0.744098 0.0101755 -0.889404 -0.888859 0.0101755 -0.889404 -0.744098 0.0515971 -0.860441 -0.744098 0.0101755 -0.860441 -0.744098 0.0101755 -0.889404 -0.744098 0.0515971 -0.889404 -0.888859 0.0101755 -0.889404 -0.888859 0.0101755 -0.744643 -0.888859 0.0515971 -0.744643 -0.888859 0.0515971 -0.889404 -0.859895 0.0101755 -0.744643 -0.744098 0.0101755 -0.860441 -0.744098 0.0515971 -0.860441 -0.859895 0.0515971 -0.744643 </float_array>
          <technique_common>
            <accessor count="25" offset="0" source="#meshId14-positions-array" stride="3">
              <param name="X" type="float" />
              <param name="Y" type="float" />
              <param name="Z" type="float" />
            </accessor>
          </technique_common>
        </source>
        <source id="meshId14-normals" name="meshId14-normals">
          <float_array id="meshId14-normals-array" count="75"> 0 0 1 0 0 1 0 0 1 0 0 1 0 1 0 0 1 0 0 1 0 0 1 0 0 1 0 0 0 -1 0 0 -1 0 0 -1 0 0 -1 1 0 0 1 0 0 1 0 0 1 0 0 -1 0 0 -1 0 0 -1 0 0 -1 0 0 0.707107 0 0.707107 0.707107 0 0.707107 0.707107 0 0.707107 0.707107 0 0.707107 </float_array>
          <technique_common>
            <accessor count="25" offset="0" source="#meshId14-normals-array" stride="3">
              <param name="X" type="float" />
              <param name="Y" type="float" />
              <param name="Z" type="float" />
            </accessor>
          </technique_common>
        </source>
        <source id="meshId14-tangents" name="meshId14-tangents">
          <float_array id="meshId14-tangents-array" count="75"> -0.039531 0.999218 0 0.224297 0.974521 0 0.607143 0.794593 0 0.377131 0.92616 0 0.638926 0 -0.769268 0.67786 0 -0.735191 0.723463 0 -0.690363 0.719311 0 -0.694689 0.717218 0 -0.696849 0.825424 -0.564513 0 0.124474 -0.992223 0 -0.0373969 -0.9993 0 0.723424 -0.690404 0 0 -0.637187 -0.770709 0 -0.940148 -0.340767 0 -0.99981 -0.0195085 0 -0.851619 -0.524162 0 0.692262 -0.721646 0 0.97499 -0.222251 0 0.994464 -0.105076 0 0.772946 -0.634471 0.706627 0.036817 -0.706627 0.706881 -0.025259 -0.706881 0.706626 -0.0368719 -0.706626 0.706882 0.0252041 -0.706882 </float_array>
          <technique_common>
            <accessor count="25" offset="0" source="#meshId14-tangents-array" stride="3">
              <param name="X" type="float" />
              <param name="Y" type="float" />
              <param name="Z" type="float" />
            </accessor>
          </technique_common>
        </source>
        <source id="meshId14-bitangents" name="meshId14-bitangents">
          <float_array id="meshId14-bitangents-array" count="75"> -0.999218 -0.039531 0 -0.974521 0.224297 0 -0.794593 0.607143 0 -0.92616 0.377131 0 -0.769268 0 -0.638926 -0.735191 0 -0.67786 -0.690363 0 -0.723463 -0.694689 0 -0.719311 -0.696849 0 -0.717218 -0.564513 -0.825424 -0 -0.992223 -0.124474 -0 -0.9993 0.0373969 0 -0.690404 -0.723424 -0 0 0.770709 -0.637187 0 0.340767 -0.940148 0 0.0195085 -0.99981 0 0.524162 -0.851619 -0 -0.721646 -0.692262 -0 -0.222251 -0.97499 -0 -0.105076 -0.994464 -0 -0.634471 -0.772946 -0.0260336 0.999322 0.0260336 0.0178608 0.999681 -0.0178608 0.0260724 0.99932 -0.0260724 -0.017822 0.999682 0.017822 </float_array>
          <technique_common>
            <accessor count="25" offset="0" source="#meshId14-bitangents-array" stride="3">
              <param name="X" type="float" />
              <param name="Y" type="float" />
              <param name="Z" type="float" />
            </accessor>
          </technique_common>
        </source>
        <source id="meshId14-tex0" name="meshId14-tex0">
          <float_array id="meshId14-tex0-array" count="50"> 0.414304 0.290412 0.427336 0.263458 0.441664 0.276736 0.434937 0.288887 0.434937 0.288887 0.441664 0.276736 0.520532 0.279334 0.530487 0.28963 0.479228 0.339328 0.479228 0.339328 0.530487 0.28963 0.547465 0.288867 0.481651 0.360121 0.520532 0.279334 0.534518 0.261524 0.547465 0.288867 0.530487 0.28963 0.481651 0.360121 0.414304 0.290412 0.434937 0.288887 0.479228 0.339328 0.427336 0.263458 0.534518 0.261524 0.520532 0.279334 0.441664 0.276736 </float_array>
          <technique_common>
            <accessor count="25" offset="0" source="#meshId14-tex0-array" stride="2">
              <param name="S" type="float" />
              <param name="T" type="float" />
            </accessor>
          </technique_common>
        </source>
        <vertices id="meshId14-vertices">
          <input semantic="POSITION" source="#meshId14-positions" />
        </vertices>
        <polylist count="13" material="defaultMaterial">
          <input offset="0" semantic="VERTEX" source="#meshId14-vertices" />
          <input offset="0" semantic="NORMAL" source="#meshId14-normals" />
          <input offset="0" semantic="TANGENT" source="#meshId14-tangents" />
          <input offset="0" semantic="BINORMAL" source="#meshId14-bitangents" />
          <input offset="0" semantic="TEXCOORD" source="#meshId14-tex0" set="0" />
          <vcount>3 3 3 3 3 3 3 3 3 3 3 3 3 </vcount>
          <p>3 0 1 1 2 3 8 4 5 8 5 6 6 7 8 12 9 10 10 11 12 16 13 14 14 15 16 20 17 18 18 19 20 24 21 22 22 23 24 </p>
        </polylist>
      </mesh>
    </geometry>
    <geometry id="meshId15" name="meshId15_name" >
      <mesh>
        <source id="meshId15-positions" name="meshId15-positions">
          <float_array id="meshId15-positions-array" count="75"> 0.744644 0.0101755 -0.888859 0.744644 0.0101755 -0.859895 0.744644 0.0515971 -0.859895 0.744644 0.0515971 -0.888859 0.744644 0.0515971 -0.888859 0.744644 0.0515971 -0.859895 0.860441 0.0515971 -0.744098 0.889404 0.0515971 -0.744098 0.889404 0.0515971 -0.888859 0.889404 0.0515971 -0.888859 0.889404 0.0515971 -0.744098 0.889404 0.0101755 -0.744098 0.889404 0.0101755 -0.888859 0.860441 0.0515971 -0.744098 0.860441 0.0101755 -0.744098 0.889404 0.0101755 -0.744098 0.889404 0.0515971 -0.744098 0.889404 0.0101755 -0.888859 0.744644 0.0101755 -0.888859 0.744644 0.0515971 -0.888859 0.889404 0.0515971 -0.888859 0.744644 0.0101755 -0.859895 0.860441 0.0101755 -0.744098 0.860441 0.0515971 -0.744098 0.744644 0.0515971 -0.859895 </float_array>
          <technique_common>
            <accessor count="25" offset="0" source="#meshId15-positions-array" stride="3">
              <param name="X" type="float" />
              <param name="Y" type="float" />
              <param name="Z" type="float" />
            </accessor>
          </technique_common>
        </source>
        <source id="meshId15-normals" name="meshId15-normals">
          <float_array id="meshId15-normals-array" count="75"> -1 0 0 -1 0 0 -1 0 0 -1 0 0 0 1 0 0 1 0 0 1 0 0 1 0 0 1 0 1 0 0 1 0 0 1 0 0 1 0 0 0 0 1 0 0 1 0 0 1 0 0 1 0 0 -1 0 0 -1 0 0 -1 0 0 -1 -0.707107 0 0.707107 -0.707107 0 0.707107 -0.707107 0 0.707107 -0.707107 0 0.707107 </float_array>
          <technique_common>
            <accessor count="25" offset="0" source="#meshId15-normals-array" stride="3">
              <param name="X" type="float" />
              <param name="Y" type="float" />
              <param name="Z" type="float" />
            </accessor>
          </technique_common>
        </source>
        <source id="meshId15-tangents" name="meshId15-tangents">
          <float_array id="meshId15-tangents-array" count="75"> 0 -0.999218 0.0395321 0 -0.974524 -0.224284 0 -0.794614 -0.607115 0 -0.926168 -0.37711 -0.769267 0 -0.638927 -0.73519 0 -0.677861 -0.690362 0 -0.723464 -0.694687 0 -0.719312 -0.696849 0 -0.717218 0 0.564495 -0.825436 0 0.992222 -0.124478 0 0.9993 0.0373963 0 0.69039 -0.723437 -0.770689 0.637211 0 -0.340755 0.940152 0 -0.0195091 0.99981 0 -0.524146 0.851628 0 -0.721657 -0.692251 0 -0.222252 -0.974989 0 -0.105075 -0.994464 0 -0.634482 -0.772938 0 -0.706627 -0.0368191 -0.706627 -0.706881 0.0252601 -0.706881 -0.706626 0.0368736 -0.706626 -0.706882 -0.0252056 -0.706882 </float_array>
          <technique_common>
            <accessor count="25" offset="0" source="#meshId15-tangents-array" stride="3">
              <param name="X" type="float" />
              <param name="Y" type="float" />
              <param name="Z" type="float" />
            </accessor>
          </technique_common>
        </source>
        <source id="meshId15-bitangents" name="meshId15-bitangents">
          <float_array id="meshId15-bitangents-array" count="75"> 0 0.0395321 0.999218 0 -0.224284 0.974524 0 -0.607115 0.794614 0 -0.37711 0.926168 -0.638927 0 0.769267 -0.677861 0 0.73519 -0.723464 0 0.690362 -0.719312 0 0.694687 -0.717218 0 0.696849 -0 0.825436 0.564495 -0 0.124478 0.992222 0 -0.0373963 0.9993 -0 0.723437 0.69039 -0.637211 -0.770689 0 -0.940152 -0.340755 0 -0.99981 -0.0195091 0 -0.851628 -0.524146 0 -0.692251 0.721657 0 -0.974989 0.222252 0 -0.994464 0.105075 0 -0.772938 0.634482 0 0.0260351 -0.999322 0.0260351 -0.0178616 -0.999681 -0.0178616 -0.0260736 -0.99932 -0.0260736 0.017823 -0.999682 0.017823 </float_array>
          <technique_common>
            <accessor count="25" offset="0" source="#meshId15-bitangents-array" stride="3">
              <param name="X" type="float" />
              <param name="Y" type="float" />
              <param name="Z" type="float" />
            </accessor>
          </technique_common>
        </source>
        <source id="meshId15-tex0" name="meshId15-tex0">
          <float_array id="meshId15-tex0-array" count="50"> 0.845849 0.208651 0.832817 0.235604 0.818489 0.222327 0.825216 0.210176 0.825216 0.210176 0.818489 0.222327 0.739621 0.219729 0.729666 0.209433 0.780925 0.159735 0.780925 0.159735 0.729666 0.209433 0.712688 0.210196 0.778502 0.138941 0.739621 0.219729 0.725635 0.237538 0.712688 0.210196 0.729666 0.209433 0.778502 0.138941 0.845849 0.208651 0.825216 0.210176 0.780925 0.159735 0.832817 0.235604 0.725635 0.237538 0.739621 0.219729 0.818489 0.222327 </float_array>
          <technique_common>
            <accessor count="25" offset="0" source="#meshId15-tex0-array" stride="2">
              <param name="S" type="float" />
              <param name="T" type="float" />
            </accessor>
          </technique_common>
        </source>
        <vertices id="meshId15-vertices">
          <input semantic="POSITION" source="#meshId15-positions" />
        </vertices>
        <polylist count="13" material="defaultMaterial">
          <input offset="0" semantic="VERTEX" source="#meshId15-vertices" />
          <input offset="0" semantic="NORMAL" source="#meshId15-normals" />
          <input offset="0" semantic="TANGENT" source="#meshId15-tangents" />
          <input offset="0" semantic="BINORMAL" source="#meshId15-bitangents" />
          <input offset="0" semantic="TEXCOORD" source="#meshId15-tex0" set="0" />
          <vcount>3 3 3 3 3 3 3 3 3 3 3 3 3 </vcount>
          <p>3 0 1 1 2 3 8 4 5 8 5 6 6 7 8 12 9 10 10 11 12 16 13 14 14 15 16 20 17 18 18 19 20 24 21 22 22 23 24 </p>
        </polylist>
      </mesh>
    </geometry>
    <geometry id="meshId16" name="meshId16_name" >
      <mesh>
        <source id="meshId16-positions" name="meshId16-positions">
          <float_array id="meshId16-positions-array" count="75"> 0.888859 0.0101755 0.744643 0.859895 0.0101755 0.744643 0.859895 0.0515971 0.744643 0.888859 0.0515971 0.744643 0.888859 0.0515971 0.744643 0.859895 0.0515971 0.744643 0.744098 0.0515971 0.860441 0.744098 0.0515971 0.889404 0.888859 0.0515971 0.889404 0.888859 0.0515971 0.889404 0.744098 0.0515971 0.889404 0.744098 0.0101755 0.889404 0.888859 0.0101755 0.889404 0.744098 0.0515971 0.860441 0.744098 0.0101755 0.860441 0.744098 0.0101755 0.889404 0.744098 0.0515971 0.889404 0.888859 0.0101755 0.889404 0.888859 0.0101755 0.744643 0.888859 0.0515971 0.744643 0.888859 0.0515971 0.889404 0.859895 0.0101755 0.744643 0.744098 0.0101755 0.860441 0.744098 0.0515971 0.860441 0.859895 0.0515971 0.744643 </float_array>
          <technique_common>
            <accessor count="25" offset="0" source="#meshId16-positions-array" stride="3">
              <param name="X" type="float" />
              <param name="Y" type="float" />
              <param name="Z" type="float" />
            </accessor>
          </technique_common>
        </source>
        <source id="meshId16-normals" name="meshId16-normals">
          <float_array id="meshId16-normals-array" count="75"> 0 0 -1 0 0 -1 0 0 -1 0 0 -1 0 1 0 0 1 0 0 1 0 0 1 0 0 1 0 0 0 1 0 0 1 0 0 1 0 0 1 -1 0 0 -1 0 0 -1 0 0 -1 0 0 1 0 0 1 0 0 1 0 0 1 0 0 -0.707107 0 -0.707107 -0.707107 0 -0.707107 -0.707107 0 -0.707107 -0.707107 0 -0.707107 </float_array>
          <technique_common>
            <accessor count="25" offset="0" source="#meshId16-normals-array" stride="3">
              <param name="X" type="float" />
              <param name="Y" type="float" />
              <param name="Z" type="float" />
            </accessor>
          </technique_common>
        </source>
        <source id="meshId16-tangents" name="meshId16-tangents">
          <float_array id="meshId16-tangents-array" count="75"> 0.0395321 0.999218 0 -0.224312 0.974517 0 -0.607175 0.794568 0 -0.377154 0.926151 0 -0.638965 0 0.769236 -0.677878 0 0.735174 -0.723479 0 0.690346 -0.719345 0 0.694653 -0.71722 0 0.696847 -0.825424 -0.564514 0 -0.124474 -0.992223 0 0.037397 -0.9993 0 -0.723424 -0.690404 0 0 -0.637246 0.77066 0 -0.940157 0.34074 0 -0.99981 0.0195086 0 -0.851644 0.524121 0 0.692268 0.72164 0 0.97499 0.222247 0 0.994465 0.105073 0 0.772951 0.634466 -0.706627 0.0368165 0.706627 -0.706881 -0.0252487 0.706881 -0.706626 -0.0368596 0.706626 -0.706882 0.0252056 0.706882 </float_array>
          <technique_common>
            <accessor count="25" offset="0" source="#meshId16-tangents-array" stride="3">
              <param name="X" type="float" />
              <param name="Y" type="float" />
              <param name="Z" type="float" />
            </accessor>
          </technique_common>
        </source>
        <source id="meshId16-bitangents" name="meshId16-bitangents">
          <float_array id="meshId16-bitangents-array" count="75"> 0.999218 -0.0395321 0 0.974517 0.224312 0 0.794568 0.607175 0 0.926151 0.377154 0 0.769236 -0 0.638965 0.735174 -0 0.677878 0.690346 -0 0.723479 0.694653 -0 0.719345 0.696847 -0 0.71722 0.564514 -0.825424 0 0.992223 -0.124474 0 0.9993 0.037397 -0 0.690404 -0.723424 0 0 0.77066 0.637246 0 0.34074 0.940157 0 0.0195086 0.99981 0 0.524121 0.851644 0 -0.72164 0.692268 0 -0.222247 0.97499 0 -0.105073 0.994465 0 -0.634466 0.772951 0.0260332 0.999322 -0.0260332 -0.0178535 0.999681 0.0178535 -0.0260637 0.99932 0.0260637 0.0178231 0.999682 -0.0178231 </float_array>
          <technique_common>
            <accessor count="25" offset="0" source="#meshId16-bitangents-array" stride="3">
              <param name="X" type="float" />
              <param name="Y" type="float" />
              <param name="Z" type="float" />
            </accessor>
          </technique_common>
        </source>
        <source id="meshId16-tex0" name="meshId16-tex0">
          <float_array id="meshId16-tex0-array" count="50"> 0.355268 0.035036 0.3683 0.008083 0.382628 0.021361 0.375901 0.033511 0.375901 0.033511 0.382628 0.021361 0.461495 0.023958 0.471451 0.034255 0.420192 0.083953 0.420192 0.083953 0.471451 0.034255 0.488429 0.033492 0.422615 0.104746 0.461495 0.023958 0.475482 0.006149 0.488429 0.033492 0.471451 0.034255 0.422615 0.104746 0.355268 0.035036 0.375901 0.033511 0.420192 0.083953 0.3683 0.008083 0.475482 0.006149 0.461495 0.023958 0.382628 0.021361 </float_array>
          <technique_common>
            <accessor count="25" offset="0" source="#meshId16-tex0-array" stride="2">
              <param name="S" type="float" />
              <param name="T" type="float" />
            </accessor>
          </technique_common>
        </source>
        <vertices id="meshId16-vertices">
          <input semantic="POSITION" source="#meshId16-positions" />
        </vertices>
        <polylist count="13" material="defaultMaterial">
          <input offset="0" semantic="VERTEX" source="#meshId16-vertices" />
          <input offset="0" semantic="NORMAL" source="#meshId16-normals" />
          <input offset="0" semantic="TANGENT" source="#meshId16-tangents" />
          <input offset="0" semantic="BINORMAL" source="#meshId16-bitangents" />
          <input offset="0" semantic="TEXCOORD" source="#meshId16-tex0" set="0" />
          <vcount>3 3 3 3 3 3 3 3 3 3 3 3 3 </vcount>
          <p>3 0 1 1 2 3 8 4 5 8 5 6 6 7 8 12 9 10 10 11 12 16 13 14 14 15 16 20 17 18 18 19 20 24 21 22 22 23 24 </p>
        </polylist>
      </mesh>
    </geometry>
    <geometry id="meshId17" name="meshId17_name" >
      <mesh>
        <source id="meshId17-positions" name="meshId17-positions">
          <float_array id="meshId17-positions-array" count="75"> -0.744643 0.0101755 0.888859 -0.744643 0.0101755 0.859895 -0.744643 0.0515971 0.859895 -0.744643 0.0515971 0.888859 -0.744643 0.0515971 0.888859 -0.744643 0.0515971 0.859895 -0.860441 0.0515971 0.744098 -0.889404 0.0515971 0.744098 -0.889404 0.0515971 0.888859 -0.889404 0.0515971 0.888859 -0.889404 0.0515971 0.744098 -0.889404 0.0101755 0.744098 -0.889404 0.0101755 0.888859 -0.860441 0.0515971 0.744098 -0.860441 0.0101755 0.744098 -0.889404 0.0101755 0.744098 -0.889404 0.0515971 0.744098 -0.889404 0.0101755 0.888859 -0.744643 0.0101755 0.888859 -0.744643 0.0515971 0.888859 -0.889404 0.0515971 0.888859 -0.744643 0.0101755 0.859895 -0.860441 0.0101755 0.744098 -0.860441 0.0515971 0.744098 -0.744643 0.0515971 0.859895 </float_array>
          <technique_common>
            <accessor count="25" offset="0" source="#meshId17-positions-array" stride="3">
              <param name="X" type="float" />
              <param name="Y" type="float" />
              <param name="Z" type="float" />
            </accessor>
          </technique_common>
        </source>
        <source id="meshId17-normals" name="meshId17-normals">
          <float_array id="meshId17-normals-array" count="75"> 1 0 0 1 0 0 1 0 0 1 0 0 0 1 0 0 1 0 0 1 0 0 1 0 0 1 0 -1 0 0 -1 0 0 -1 0 0 -1 0 0 2e-06 0 -1 2e-06 0 -1 2e-06 0 -1 2e-06 0 -1 0 0 1 0 0 1 0 0 1 0 0 1 0.707107 0 -0.707107 0.707107 0 -0.707107 0.707107 0 -0.707107 0.707107 0 -0.707107 </float_array>
          <technique_common>
            <accessor count="25" offset="0" source="#meshId17-normals-array" stride="3">
              <param name="X" type="float" />
              <param name="Y" type="float" />
              <param name="Z" type="float" />
            </accessor>
          </technique_common>
        </source>
        <source id="meshId17-tangents" name="meshId17-tangents">
          <float_array id="meshId17-tangents-array" count="75"> 0 -0.999218 -0.0395319 0 -0.974517 0.224314 0 -0.794567 0.607177 0 -0.92615 0.377155 0.769234 0 0.638967 0.735173 0 0.677879 0.690346 0 0.723479 0.694653 0 0.719345 0.696847 0 0.71722 0 0.564513 0.825424 0 0.992223 0.124475 0 0.9993 -0.0373969 0 0.690404 0.723424 0.77066 0.637246 1.54132e-06 0.34074 0.940157 6.81481e-07 0.0195085 0.99981 3.90169e-08 0.52412 0.851644 1.04824e-06 0.721641 -0.692268 0 0.222247 -0.974991 0 0.105072 -0.994465 0 0.634466 -0.772951 0 0.706627 -0.0368164 0.706627 0.706881 0.0252485 0.706881 0.706626 0.0368593 0.706626 0.706882 -0.0252055 0.706882 </float_array>
          <technique_common>
            <accessor count="25" offset="0" source="#meshId17-tangents-array" stride="3">
              <param name="X" type="float" />
              <param name="Y" type="float" />
              <param name="Z" type="float" />
            </accessor>
          </technique_common>
        </source>
        <source id="meshId17-bitangents" name="meshId17-bitangents">
          <float_array id="meshId17-bitangents-array" count="75"> 0 0.0395319 -0.999218 0 -0.224314 -0.974517 0 -0.607177 -0.794567 0 -0.377155 -0.92615 0.638967 0 -0.769234 0.677879 0 -0.735173 0.723479 0 -0.690346 0.719345 0 -0.694653 0.71722 0 -0.696847 0 0.825424 -0.564513 0 0.124475 -0.992223 -0 -0.0373969 -0.9993 0 0.723424 -0.690404 0.637246 -0.77066 1.27449e-06 0.940157 -0.34074 1.88031e-06 0.99981 -0.0195085 1.99962e-06 0.851644 -0.52412 1.70329e-06 0.692268 0.721641 -0 0.974991 0.222247 -0 0.994465 0.105072 -0 0.772951 0.634466 -0 -0.0260331 -0.999322 -0.0260331 0.0178534 -0.999681 0.0178534 0.0260635 -0.99932 0.0260635 -0.017823 -0.999682 -0.017823 </float_array>
          <technique_common>
            <accessor count="25" offset="0" source="#meshId17-bitangents-array" stride="3">
              <param name="X" type="float" />
              <param name="Y" type="float" />
              <param name="Z" type="float" />
            </accessor>
          </technique_common>
        </source>
        <source id="meshId17-tex0" name="meshId17-tex0">
          <float_array id="meshId17-tex0-array" count="50"> 0.394825 0.950532 0.381793 0.977485 0.367465 0.964207 0.374192 0.952057 0.374192 0.952057 0.367465 0.964207 0.288598 0.96161 0.278642 0.951313 0.329901 0.901615 0.329901 0.901615 0.278642 0.951313 0.261664 0.952076 0.327478 0.880822 0.288598 0.96161 0.274611 0.979419 0.261664 0.952076 0.278642 0.951313 0.327478 0.880822 0.394825 0.950532 0.374192 0.952057 0.329901 0.901615 0.381793 0.977485 0.274611 0.979419 0.288598 0.96161 0.367465 0.964207 </float_array>
          <technique_common>
            <accessor count="25" offset="0" source="#meshId17-tex0-array" stride="2">
              <param name="S" type="float" />
              <param name="T" type="float" />
            </accessor>
          </technique_common>
        </source>
        <vertices id="meshId17-vertices">
          <input semantic="POSITION" source="#meshId17-positions" />
        </vertices>
        <polylist count="13" material="defaultMaterial">
          <input offset="0" semantic="VERTEX" source="#meshId17-vertices" />
          <input offset="0" semantic="NORMAL" source="#meshId17-normals" />
          <input offset="0" semantic="TANGENT" source="#meshId17-tangents" />
          <input offset="0" semantic="BINORMAL" source="#meshId17-bitangents" />
          <input offset="0" semantic="TEXCOORD" source="#meshId17-tex0" set="0" />
          <vcount>3 3 3 3 3 3 3 3 3 3 3 3 3 </vcount>
          <p>3 0 1 1 2 3 8 4 5 8 5 6 6 7 8 12 9 10 10 11 12 16 13 14 14 15 16 20 17 18 18 19 20 24 21 22 22 23 24 </p>
        </polylist>
      </mesh>
    </geometry>
  </library_geometries>
  <library_visual_scenes>
    <visual_scene id="root" name="root">
      <node id="pCube1" name="pCube1">
        <matrix>1 0 0 0 0 1 0 0 0 0 1 0 0 0 0 1</matrix>
        <instance_geometry url="#meshId0">
          <bind_material>
            <technique_common>
              <instance_material symbol="defaultMaterial" target="#initialShadingGroup2" />
            </technique_common>
          </bind_material>
        </instance_geometry>
      </node>
      <node id="pCube2" name="pCube2">
        <matrix>1 0 0 0 0 1 0 0 0 0 1 0 0 0 0 1</matrix>
        <instance_geometry url="#meshId1">
          <bind_material>
            <technique_common>
              <instance_material symbol="defaultMaterial" target="#initialShadingGroup2" />
            </technique_common>
          </bind_material>
        </instance_geometry>
      </node>
      <node id="pCube3" name="pCube3">
        <matrix>1 0 0 0 0 1 0 0 0 0 1 0 0 0 0 1</matrix>
        <instance_geometry url="#meshId2">
          <bind_material>
            <technique_common>
              <instance_material symbol="defaultMaterial" target="#initialShadingGroup2" />
            </technique_common>
          </bind_material>
        </instance_geometry>
      </node>
      <node id="pCube4" name="pCube4">
        <matrix>1 0 0 0 0 1 0 0 0 0 1 0 0 0 0 1</matrix>
        <instance_geometry url="#meshId3">
          <bind_material>
            <technique_common>
              <instance_material symbol="defaultMaterial" target="#initialShadingGroup2" />
            </technique_common>
          </bind_material>
        </instance_geometry>
      </node>
      <node id="pCube5" name="pCube5">
        <matrix>1 0 0 0 0 1 0 0 0 0 1 0 0 0 0 1</matrix>
        <instance_geometry url="#meshId4">
          <bind_material>
            <technique_common>
              <instance_material symbol="defaultMaterial" target="#initialShadingGroup2" />
            </technique_common>
          </bind_material>
        </instance_geometry>
      </node>
      <node id="pCube8" name="pCube8">
        <matrix>1 0 0 0 0 1 0 0 0 0 1 0 0 0 0 1</matrix>
        <instance_geometry url="#meshId5">
          <bind_material>
            <technique_common>
              <instance_material symbol="defaultMaterial" target="#initialShadingGroup2" />
            </technique_common>
          </bind_material>
        </instance_geometry>
      </node>
      <node id="polySurface8" name="polySurface8">
        <matrix>1 0 0 0 0 1 0 0 0 0 1 0 0 0 0 1</matrix>
        <instance_geometry url="#meshId6">
          <bind_material>
            <technique_common>
              <instance_material symbol="defaultMaterial" target="#initialShadingGroup2" />
            </technique_common>
          </bind_material>
        </instance_geometry>
      </node>
      <node id="polySurface7" name="polySurface7">
        <matrix>1 0 0 0 0 1 0 0 0 0 1 0 0 0 0 1</matrix>
        <instance_geometry url="#meshId7">
          <bind_material>
            <technique_common>
              <instance_material symbol="defaultMaterial" target="#initialShadingGroup2" />
            </technique_common>
          </bind_material>
        </instance_geometry>
      </node>
      <node id="polySurface10" name="polySurface10">
        <matrix>1 0 0 0 0 1 0 0 0 0 1 0 0 0 0 1</matrix>
        <instance_geometry url="#meshId8">
          <bind_material>
            <technique_common>
              <instance_material symbol="defaultMaterial" target="#initialShadingGroup2" />
            </technique_common>
          </bind_material>
        </instance_geometry>
      </node>
      <node id="polySurface9" name="polySurface9">
        <matrix>1 0 0 0 0 1 0 0 0 0 1 0 0 0 0 1</matrix>
        <instance_geometry url="#meshId9">
          <bind_material>
            <technique_common>
              <instance_material symbol="defaultMaterial" target="#initialShadingGroup2" />
            </technique_common>
          </bind_material>
        </instance_geometry>
      </node>
      <node id="polySurface12" name="polySurface12">
        <matrix>1 0 0 0 0 1 0 0 0 0 1 0 0 0 0 1</matrix>
        <instance_geometry url="#meshId10">
          <bind_material>
            <technique_common>
              <instance_material symbol="defaultMaterial" target="#initialShadingGroup2" />
            </technique_common>
          </bind_material>
        </instance_geometry>
      </node>
      <node id="polySurface11" name="polySurface11">
        <matrix>1 0 0 0 0 1 0 0 0 0 1 0 0 0 0 1</matrix>
        <instance_geometry url="#meshId11">
          <bind_material>
            <technique_common>
              <instance_material symbol="defaultMaterial" target="#initialShadingGroup2" />
            </technique_common>
          </bind_material>
        </instance_geometry>
      </node>
      <node id="polySurface14" name="polySurface14">
        <matrix>1 0 0 0 0 1 0 0 0 0 1 0 0 0 0 1</matrix>
        <instance_geometry url="#meshId12">
          <bind_material>
            <technique_common>
              <instance_material symbol="defaultMaterial" target="#initialShadingGroup2" />
            </technique_common>
          </bind_material>
        </instance_geometry>
      </node>
      <node id="polySurface13" name="polySurface13">
        <matrix>1 0 0 0 0 1 0 0 0 0 1 0 0 0 0 1</matrix>
        <instance_geometry url="#meshId13">
          <bind_material>
            <technique_common>
              <instance_material symbol="defaultMaterial" target="#initialShadingGroup2" />
            </technique_common>
          </bind_material>
        </instance_geometry>
      </node>
      <node id="pCube9" name="pCube9">
        <matrix>1 0 0 0 0 1 0 0 0 0 1 0 0 0 0 1</matrix>
        <instance_geometry url="#meshId14">
          <bind_material>
            <technique_common>
              <instance_material symbol="defaultMaterial" target="#initialShadingGroup2" />
            </technique_common>
          </bind_material>
        </instance_geometry>
      </node>
      <node id="pCube10" name="pCube10">
        <matrix>1 0 0 0 0 1 0 0 0 0 1 0 0 0 0 1</matrix>
        <instance_geometry url="#meshId15">
          <bind_material>
            <technique_common>
              <instance_material symbol="defaultMaterial" target="#initialShadingGroup2" />
            </technique_common>
          </bind_material>
        </instance_geometry>
      </node>
      <node id="pCube11" name="pCube11">
        <matrix>1 0 0 0 0 1 0 0 0 0 1 0 0 0 0 1</matrix>
        <instance_geometry url="#meshId16">
          <bind_material>
            <technique_common>
              <instance_material symbol="defaultMaterial" target="#initialShadingGroup2" />
            </technique_common>
          </bind_material>
        </instance_geometry>
      </node>
      <node id="pCube12" name="pCube12">
        <matrix>1 0 0 0 0 1 0 0 0 0 1 0 0 0 0 1</matrix>
        <instance_geometry url="#meshId17">
          <bind_material>
            <technique_common>
              <instance_material symbol="defaultMaterial" target="#initialShadingGroup2" />
            </technique_common>
          </bind_material>
        </instance_geometry>
      </node>
    </visual_scene>
  </library_visual_scenes>
  <scene>
    <instance_visual_scene url="#root" />
  </scene>
</COLLADA>
