Unity Editor version:    2021.3.39f1 (fb3b7b32f191)
Branch:                  2021.3/staging
Build type:              Release
Batch mode:              YES
macOS version:           Version 15.3.1 (Build 24D70)
Darwin version:          24.3.0
Architecture:            arm64
Running under Rosetta:   NO
Available memory:        16384 MB
Using pre-set license
Pro License: YES

COMMAND LINE ARGUMENTS:
/Applications/Unity/Unity.app/Contents/MacOS/Unity
-adb2
-batchMode
-noUpm
-name
AssetImportWorker1
-projectPath
/Users/manaralsatrawi/GameDev/Blackwoods-Curse/BlackwoodsCurse
-logFile
Logs/AssetImportWorker1.log
-srvPort
54662
Successfully changed project path to: /Users/manaralsatrawi/GameDev/Blackwoods-Curse/BlackwoodsCurse
/Users/manaralsatrawi/GameDev/Blackwoods-Curse/BlackwoodsCurse
[UnityMemory] Configuration Parameters - Can be set up in boot.config
    "memorysetup-bucket-allocator-granularity=16"
    "memorysetup-bucket-allocator-bucket-count=8"
    "memorysetup-bucket-allocator-block-size=33554432"
    "memorysetup-bucket-allocator-block-count=8"
    "memorysetup-main-allocator-block-size=16777216"
    "memorysetup-thread-allocator-block-size=16777216"
    "memorysetup-gfx-main-allocator-block-size=16777216"
    "memorysetup-gfx-thread-allocator-block-size=16777216"
    "memorysetup-cache-allocator-block-size=4194304"
    "memorysetup-typetree-allocator-block-size=2097152"
    "memorysetup-profiler-bucket-allocator-granularity=16"
    "memorysetup-profiler-bucket-allocator-bucket-count=8"
    "memorysetup-profiler-bucket-allocator-block-size=33554432"
    "memorysetup-profiler-bucket-allocator-block-count=8"
    "memorysetup-profiler-allocator-block-size=16777216"
    "memorysetup-profiler-editor-allocator-block-size=1048576"
    "memorysetup-temp-allocator-size-main=16777216"
    "memorysetup-job-temp-allocator-block-size=2097152"
    "memorysetup-job-temp-allocator-block-size-background=1048576"
    "memorysetup-job-temp-allocator-reduction-small-platforms=262144"
    "memorysetup-temp-allocator-size-background-worker=32768"
    "memorysetup-temp-allocator-size-job-worker=262144"
    "memorysetup-temp-allocator-size-preload-manager=33554432"
    "memorysetup-temp-allocator-size-nav-mesh-worker=65536"
    "memorysetup-temp-allocator-size-audio-worker=65536"
    "memorysetup-temp-allocator-size-cloud-worker=32768"
    "memorysetup-temp-allocator-size-gi-baking-worker=262144"
    "memorysetup-temp-allocator-size-gfx=262144"
Player connection [8512391232] Host "[IP] 192.168.100.244 [Port] 0 [Flags] 2 [Guid] 4074207197 [EditorId] 4074207197 [Version] 1048832 [Id] OSXEditor(0,Manars-MacBook-Air.local) [Debug] 1 [PackageName] OSXEditor [ProjectName] Editor" joined multi-casting on [225.0.0.222:54997]...

Player connection [8512391232] Host "[IP] 192.168.100.244 [Port] 0 [Flags] 2 [Guid] 4074207197 [EditorId] 4074207197 [Version] 1048832 [Id] OSXEditor(0,Manars-MacBook-Air.local) [Debug] 1 [PackageName] OSXEditor [ProjectName] Editor" joined alternative multi-casting on [225.0.0.222:34997]...

[Physics::Module] Initialized MultithreadedJobDispatcher with {0} workers.
Refreshing native plugins compatible for Editor in 75.41 ms, found 2 plugins.
Preloading 0 native plugins for Editor in 0.00 ms.
Initialize engine version: 2021.3.39f1 (fb3b7b32f191)
[Subsystems] Discovering subsystems at path /Applications/Unity/Unity.app/Contents/Resources/UnitySubsystems
[Subsystems] Discovering subsystems at path /Users/manaralsatrawi/GameDev/Blackwoods-Curse/BlackwoodsCurse/Assets
GfxDevice: creating device client; threaded=0; jobified=0
 preferred device: Apple M1 (high power)
Metal devices available: 1
0: Apple M1 (high power)
Using device Apple M1 (high power)
Initializing Metal device caps: Apple M1
Initialize mono
Mono path[0] = '/Applications/Unity/Unity.app/Contents/Managed'
Mono path[1] = '/Applications/Unity/Unity.app/Contents/MonoBleedingEdge/lib/mono/unityjit-macos'
Mono config path = '/Applications/Unity/Unity.app/Contents/MonoBleedingEdge/etc'
Using monoOptions --debugger-agent=transport=dt_socket,embedding=1,server=y,suspend=n,address=127.0.0.1:56226
Begin MonoManager ReloadAssembly
Registering precompiled unity dll's ...
Register platform support module: /Applications/Unity/Unity.app/Contents/PlaybackEngines/MacStandaloneSupport/UnityEditor.OSXStandalone.Extensions.dll
Registered in 0.000399 seconds.
Native extension for OSXStandalone target not found
Refreshing native plugins compatible for Editor in 77.38 ms, found 2 plugins.
Preloading 0 native plugins for Editor in 0.00 ms.
Mono: successfully reloaded assembly
- Completed reload, in  0.529 seconds
Domain Reload Profiling:
	ReloadAssembly (533ms)
		BeginReloadAssembly (84ms)
			ExecutionOrderSort (0ms)
			DisableScriptedObjects (0ms)
			BackupInstance (0ms)
			ReleaseScriptingObjects (0ms)
			CreateAndSetChildDomain (1ms)
		EndReloadAssembly (381ms)
			LoadAssemblies (83ms)
			RebuildTransferFunctionScriptingTraits (0ms)
			SetupTypeCache (91ms)
			ReleaseScriptCaches (0ms)
			RebuildScriptCaches (28ms)
			SetupLoadedEditorAssemblies (225ms)
				LogAssemblyErrors (0ms)
				InitializePlatformSupportModulesInManaged (4ms)
				SetLoadedEditorAssemblies (0ms)
				RefreshPlugins (77ms)
				BeforeProcessingInitializeOnLoad (1ms)
				ProcessInitializeOnLoadAttributes (111ms)
				ProcessInitializeOnLoadMethodAttributes (31ms)
				AfterProcessingInitializeOnLoad (0ms)
				EditorAssembliesLoaded (0ms)
			ExecutionOrderSort2 (0ms)
			AwakeInstancesAfterBackupRestoration (0ms)
Platform modules already initialized, skipping
Registering precompiled user dll's ...
Registered in 0.003169 seconds.
Begin MonoManager ReloadAssembly
Symbol file data-0x1201d0000 doesn't match image /Users/manaralsatrawi/GameDev/Blackwoods-Curse/BlackwoodsCurse/Library/ScriptAssemblies/Unity.VisualScripting.Flow.Editor.dll
Symbol file LoadedFromMemory is not a mono symbol file
Symbol file data-0x138888e00 doesn't match image /Users/manaralsatrawi/GameDev/Blackwoods-Curse/BlackwoodsCurse/Library/ScriptAssemblies/Unity.VSCode.Editor.dll
Symbol file LoadedFromMemory is not a mono symbol file
Symbol file data-0x138892c00 doesn't match image /Users/manaralsatrawi/GameDev/Blackwoods-Curse/BlackwoodsCurse/Library/ScriptAssemblies/Unity.VisualScripting.Shared.Editor.dll
Symbol file LoadedFromMemory is not a mono symbol file
Symbol file data-0x120238000 doesn't match image /Users/manaralsatrawi/GameDev/Blackwoods-Curse/BlackwoodsCurse/Library/ScriptAssemblies/Unity.TextMeshPro.Editor.dll
Symbol file LoadedFromMemory is not a mono symbol file
Symbol file data-0x120250000 doesn't match image /Users/manaralsatrawi/GameDev/Blackwoods-Curse/BlackwoodsCurse/Library/ScriptAssemblies/Unity.VisualStudio.Editor.dll
Symbol file LoadedFromMemory is not a mono symbol file
Symbol file data-0x1202a0000 doesn't match image /Users/manaralsatrawi/GameDev/Blackwoods-Curse/BlackwoodsCurse/Library/ScriptAssemblies/Unity.Performance.Profile-Analyzer.Editor.dll
Symbol file LoadedFromMemory is not a mono symbol file
Symbol file data-0x138898800 doesn't match image /Users/manaralsatrawi/GameDev/Blackwoods-Curse/BlackwoodsCurse/Library/ScriptAssemblies/Unity.TestTools.CodeCoverage.Editor.OpenCover.Model.dll
Symbol file LoadedFromMemory is not a mono symbol file
Symbol file data-0x13889e800 doesn't match image /Users/manaralsatrawi/GameDev/Blackwoods-Curse/BlackwoodsCurse/Library/ScriptAssemblies/Unity.Settings.Editor.dll
Symbol file LoadedFromMemory is not a mono symbol file
Symbol file data-0x120368000 doesn't match image /Users/manaralsatrawi/GameDev/Blackwoods-Curse/BlackwoodsCurse/Library/ScriptAssemblies/Unity.Timeline.Editor.dll
Symbol file LoadedFromMemory is not a mono symbol file
Symbol file data-0x1203d8000 doesn't match image /Users/manaralsatrawi/GameDev/Blackwoods-Curse/BlackwoodsCurse/Library/ScriptAssemblies/Unity.Timeline.dll
Symbol file LoadedFromMemory is not a mono symbol file
Symbol file data-0x1203f0000 doesn't match image /Users/manaralsatrawi/GameDev/Blackwoods-Curse/BlackwoodsCurse/Library/ScriptAssemblies/Unity.VisualScripting.Core.Editor.dll
Symbol file LoadedFromMemory is not a mono symbol file
Symbol file data-0x120368000 doesn't match image /Users/manaralsatrawi/GameDev/Blackwoods-Curse/BlackwoodsCurse/Library/ScriptAssemblies/Unity.TextMeshPro.dll
Symbol file LoadedFromMemory is not a mono symbol file
Symbol file data-0x1204a8000 doesn't match image /Users/manaralsatrawi/GameDev/Blackwoods-Curse/BlackwoodsCurse/Library/ScriptAssemblies/Unity.VisualScripting.State.Editor.dll
Symbol file LoadedFromMemory is not a mono symbol file
Symbol file data-0x1204a8000 doesn't match image /Users/manaralsatrawi/GameDev/Blackwoods-Curse/BlackwoodsCurse/Library/ScriptAssemblies/MerryYellow.CodeAssist.Editor.dll
Symbol file LoadedFromMemory is not a mono symbol file
Symbol file data-0x13889bc00 doesn't match image /Users/manaralsatrawi/GameDev/Blackwoods-Curse/BlackwoodsCurse/Library/ScriptAssemblies/Unity.CollabProxy.Editor.dll
Symbol file LoadedFromMemory is not a mono symbol file
Symbol file data-0x1388a1600 doesn't match image /Users/manaralsatrawi/GameDev/Blackwoods-Curse/BlackwoodsCurse/Library/ScriptAssemblies/Unity.InputSystem.ForUI.dll
Symbol file LoadedFromMemory is not a mono symbol file
Symbol file data-0x1388a5600 doesn't match image /Users/manaralsatrawi/GameDev/Blackwoods-Curse/BlackwoodsCurse/Library/ScriptAssemblies/Unity.VisualScripting.SettingsProvider.Editor.dll
Symbol file LoadedFromMemory is not a mono symbol file
Symbol file data-0x1388a1600 doesn't match image /Users/manaralsatrawi/GameDev/Blackwoods-Curse/BlackwoodsCurse/Library/ScriptAssemblies/Unity.TestTools.CodeCoverage.Editor.OpenCover.Mono.Reflection.dll
Symbol file LoadedFromMemory is not a mono symbol file
Symbol file data-0x120610000 doesn't match image /Users/manaralsatrawi/GameDev/Blackwoods-Curse/BlackwoodsCurse/Library/ScriptAssemblies/Unity.VisualScripting.Flow.dll
Symbol file LoadedFromMemory is not a mono symbol file
Symbol file data-0x130398000 doesn't match image /Users/manaralsatrawi/GameDev/Blackwoods-Curse/BlackwoodsCurse/Library/ScriptAssemblies/UnityEditor.UI.dll
Symbol file LoadedFromMemory is not a mono symbol file
Symbol file data-0x1787a0000 doesn't match image /Users/manaralsatrawi/GameDev/Blackwoods-Curse/BlackwoodsCurse/Library/ScriptAssemblies/Unity.InputSystem.dll
Symbol file LoadedFromMemory is not a mono symbol file
Symbol file data-0x178820000 doesn't match image /Users/manaralsatrawi/GameDev/Blackwoods-Curse/BlackwoodsCurse/Library/ScriptAssemblies/Unity.Rider.Editor.dll
Symbol file LoadedFromMemory is not a mono symbol file
Symbol file data-0x1207b0000 doesn't match image /Users/manaralsatrawi/GameDev/Blackwoods-Curse/BlackwoodsCurse/Library/ScriptAssemblies/Unity.PlasticSCM.Editor.dll
Symbol file LoadedFromMemory is not a mono symbol file
Symbol file data-0x120438000 doesn't match image /Users/manaralsatrawi/GameDev/Blackwoods-Curse/BlackwoodsCurse/Library/ScriptAssemblies/Unity.TestTools.CodeCoverage.Editor.dll
Symbol file LoadedFromMemory is not a mono symbol file
Symbol file data-0x120610000 doesn't match image /Users/manaralsatrawi/GameDev/Blackwoods-Curse/BlackwoodsCurse/Library/ScriptAssemblies/UnityEngine.UI.dll
Symbol file LoadedFromMemory is not a mono symbol file
Symbol file data-0x30a29ca00 doesn't match image /Users/manaralsatrawi/GameDev/Blackwoods-Curse/BlackwoodsCurse/Library/ScriptAssemblies/Unity.InputSystem.TestFramework.dll
Symbol file LoadedFromMemory is not a mono symbol file
Symbol file data-0x3091a0c00 doesn't match image /Users/manaralsatrawi/GameDev/Blackwoods-Curse/BlackwoodsCurse/Library/ScriptAssemblies/Unity.VisualScripting.State.dll
Symbol file LoadedFromMemory is not a mono symbol file
Symbol file data-0x118790000 doesn't match image /Users/manaralsatrawi/GameDev/Blackwoods-Curse/BlackwoodsCurse/Library/ScriptAssemblies/Unity.VisualScripting.Core.dll
Symbol file LoadedFromMemory is not a mono symbol file
Symbol file data-0x30a54c800 doesn't match image /Users/manaralsatrawi/GameDev/Blackwoods-Curse/BlackwoodsCurse/Library/ScriptAssemblies/Unity.EditorCoroutines.Editor.dll
Symbol file LoadedFromMemory is not a mono symbol file
Native extension for OSXStandalone target not found
Refreshing native plugins compatible for Editor in 104.86 ms, found 2 plugins.
Preloading 0 native plugins for Editor in 0.00 ms.
Package Manager log level set to [2]
[Package Manager] Server::EnsureServerProcessIsRunning -- launch failed, reason: Unity was launched with the -noUpm command-line argument
[Package Manager] Cannot connect to Unity Package Manager local server
Mono: successfully reloaded assembly
- Completed reload, in  1.314 seconds
Domain Reload Profiling:
	ReloadAssembly (1315ms)
		BeginReloadAssembly (95ms)
			ExecutionOrderSort (0ms)
			DisableScriptedObjects (5ms)
			BackupInstance (0ms)
			ReleaseScriptingObjects (0ms)
			CreateAndSetChildDomain (22ms)
		EndReloadAssembly (1143ms)
			LoadAssemblies (65ms)
			RebuildTransferFunctionScriptingTraits (0ms)
			SetupTypeCache (251ms)
			ReleaseScriptCaches (0ms)
			RebuildScriptCaches (54ms)
			SetupLoadedEditorAssemblies (727ms)
				LogAssemblyErrors (0ms)
				InitializePlatformSupportModulesInManaged (2ms)
				SetLoadedEditorAssemblies (0ms)
				RefreshPlugins (105ms)
				BeforeProcessingInitializeOnLoad (68ms)
				ProcessInitializeOnLoadAttributes (540ms)
				ProcessInitializeOnLoadMethodAttributes (10ms)
				AfterProcessingInitializeOnLoad (1ms)
				EditorAssembliesLoaded (0ms)
			ExecutionOrderSort2 (0ms)
			AwakeInstancesAfterBackupRestoration (2ms)
Platform modules already initialized, skipping
========================================================================
Worker process is ready to serve import requests
Launching external process: /Applications/Unity/Unity.app/Contents/Tools/UnityShaderCompiler
Launched and connected shader compiler UnityShaderCompiler after 0.07 seconds
Refreshing native plugins compatible for Editor in 0.64 ms, found 2 plugins.
Preloading 0 native plugins for Editor in 0.00 ms.
Unloading 3520 Unused Serialized files (Serialized files now loaded: 0)
Unloading 41 unused Assets / (40.9 KB). Loaded Objects now: 3993.
Memory consumption went from 208.9 MB to 208.8 MB.
Total: 2.339750 ms (FindLiveObjects: 0.129459 ms CreateObjectMapping: 0.043041 ms MarkObjects: 2.102042 ms  DeleteObjects: 0.064375 ms)

AssetImportParameters requested are different than current active one (requested -> active):
  custom:video-decoder-ogg-theora: a1e56fd34408186e4bbccfd4996cb3dc -> 
  custom:container-muxer-webm: aa71ff27fc2769a1b78a27578f13a17b -> 
  custom:container-demuxer-webm: 4f35f7cbe854078d1ac9338744f61a02 -> 
  custom:video-encoder-webm-vp8: eb34c28f22e8b96e1ab97ce403110664 -> 
  custom:framework-osx-AVFoundation: e770b220cccbd017edd2c1fefb359320 -> 
  custom:CustomObjectIndexerAttribute: bc11b3a6c3213fcdd17b65e7da85e133 -> 
  custom:audio-encoder-webm-vorbis: bf7c407c2cedff20999df2af8eb42d56 -> 
  custom:SearchIndexIgnoredProperties: e643bd26f0fe6173181afceb89e7c659 -> 
  custom:container-demuxer-ogg: 62fdf1f143b41e24485cea50d1cbac27 -> 
  custom:video-decoder-webm-vp8: 9c59270c3fd7afecdb556c50c9e8de78 -> 
  custom:audio-decoder-ogg-vorbis: bf7c407c2cedff20999df2af8eb42d56 -> 
========================================================================
Received Prepare
Registering precompiled user dll's ...
Registered in 0.002777 seconds.
Begin MonoManager ReloadAssembly
Thread 0x323cc7000 may have been prematurely finalized
Symbol file data-0x118c20000 doesn't match image /Users/manaralsatrawi/GameDev/Blackwoods-Curse/BlackwoodsCurse/Library/ScriptAssemblies/Unity.VisualScripting.Flow.Editor.dll
Symbol file LoadedFromMemory is not a mono symbol file
Symbol file data-0x321cddc00 doesn't match image /Users/manaralsatrawi/GameDev/Blackwoods-Curse/BlackwoodsCurse/Library/ScriptAssemblies/Unity.VSCode.Editor.dll
Symbol file LoadedFromMemory is not a mono symbol file
Symbol file data-0x321ce4200 doesn't match image /Users/manaralsatrawi/GameDev/Blackwoods-Curse/BlackwoodsCurse/Library/ScriptAssemblies/Unity.VisualScripting.Shared.Editor.dll
Symbol file LoadedFromMemory is not a mono symbol file
Symbol file data-0x178670000 doesn't match image /Users/manaralsatrawi/GameDev/Blackwoods-Curse/BlackwoodsCurse/Library/ScriptAssemblies/Unity.TextMeshPro.Editor.dll
Symbol file LoadedFromMemory is not a mono symbol file
Symbol file data-0x178688000 doesn't match image /Users/manaralsatrawi/GameDev/Blackwoods-Curse/BlackwoodsCurse/Library/ScriptAssemblies/Unity.VisualStudio.Editor.dll
Symbol file LoadedFromMemory is not a mono symbol file
Symbol file data-0x1786d8000 doesn't match image /Users/manaralsatrawi/GameDev/Blackwoods-Curse/BlackwoodsCurse/Library/ScriptAssemblies/Unity.Performance.Profile-Analyzer.Editor.dll
Symbol file LoadedFromMemory is not a mono symbol file
Symbol file data-0x321ce3800 doesn't match image /Users/manaralsatrawi/GameDev/Blackwoods-Curse/BlackwoodsCurse/Library/ScriptAssemblies/Unity.TestTools.CodeCoverage.Editor.OpenCover.Model.dll
Symbol file LoadedFromMemory is not a mono symbol file
Symbol file data-0x321d5a400 doesn't match image /Users/manaralsatrawi/GameDev/Blackwoods-Curse/BlackwoodsCurse/Library/ScriptAssemblies/Unity.Settings.Editor.dll
Symbol file LoadedFromMemory is not a mono symbol file
Symbol file data-0x1787a0000 doesn't match image /Users/manaralsatrawi/GameDev/Blackwoods-Curse/BlackwoodsCurse/Library/ScriptAssemblies/Unity.Timeline.Editor.dll
Symbol file LoadedFromMemory is not a mono symbol file
Symbol file data-0x178810000 doesn't match image /Users/manaralsatrawi/GameDev/Blackwoods-Curse/BlackwoodsCurse/Library/ScriptAssemblies/Unity.Timeline.dll
Symbol file LoadedFromMemory is not a mono symbol file
Symbol file data-0x178828000 doesn't match image /Users/manaralsatrawi/GameDev/Blackwoods-Curse/BlackwoodsCurse/Library/ScriptAssemblies/Unity.VisualScripting.Core.Editor.dll
Symbol file LoadedFromMemory is not a mono symbol file
Symbol file data-0x1787a0000 doesn't match image /Users/manaralsatrawi/GameDev/Blackwoods-Curse/BlackwoodsCurse/Library/ScriptAssemblies/Unity.TextMeshPro.dll
Symbol file LoadedFromMemory is not a mono symbol file
Symbol file data-0x178810000 doesn't match image /Users/manaralsatrawi/GameDev/Blackwoods-Curse/BlackwoodsCurse/Library/ScriptAssemblies/Unity.VisualScripting.State.Editor.dll
Symbol file LoadedFromMemory is not a mono symbol file
Symbol file data-0x178810000 doesn't match image /Users/manaralsatrawi/GameDev/Blackwoods-Curse/BlackwoodsCurse/Library/ScriptAssemblies/MerryYellow.CodeAssist.Editor.dll
Symbol file LoadedFromMemory is not a mono symbol file
Symbol file data-0x321d5e800 doesn't match image /Users/manaralsatrawi/GameDev/Blackwoods-Curse/BlackwoodsCurse/Library/ScriptAssemblies/Unity.CollabProxy.Editor.dll
Symbol file LoadedFromMemory is not a mono symbol file
Symbol file data-0x321d64200 doesn't match image /Users/manaralsatrawi/GameDev/Blackwoods-Curse/BlackwoodsCurse/Library/ScriptAssemblies/Unity.InputSystem.ForUI.dll
Symbol file LoadedFromMemory is not a mono symbol file
Symbol file data-0x321d68200 doesn't match image /Users/manaralsatrawi/GameDev/Blackwoods-Curse/BlackwoodsCurse/Library/ScriptAssemblies/Unity.VisualScripting.SettingsProvider.Editor.dll
Symbol file LoadedFromMemory is not a mono symbol file
Symbol file data-0x321d64200 doesn't match image /Users/manaralsatrawi/GameDev/Blackwoods-Curse/BlackwoodsCurse/Library/ScriptAssemblies/Unity.TestTools.CodeCoverage.Editor.OpenCover.Mono.Reflection.dll
Symbol file LoadedFromMemory is not a mono symbol file
Symbol file data-0x178868000 doesn't match image /Users/manaralsatrawi/GameDev/Blackwoods-Curse/BlackwoodsCurse/Library/ScriptAssemblies/Unity.VisualScripting.Flow.dll
Symbol file LoadedFromMemory is not a mono symbol file
Symbol file data-0x178810000 doesn't match image /Users/manaralsatrawi/GameDev/Blackwoods-Curse/BlackwoodsCurse/Library/ScriptAssemblies/UnityEditor.UI.dll
Symbol file LoadedFromMemory is not a mono symbol file
Symbol file data-0x178cc0000 doesn't match image /Users/manaralsatrawi/GameDev/Blackwoods-Curse/BlackwoodsCurse/Library/ScriptAssemblies/Unity.InputSystem.dll
Symbol file LoadedFromMemory is not a mono symbol file
Symbol file data-0x178810000 doesn't match image /Users/manaralsatrawi/GameDev/Blackwoods-Curse/BlackwoodsCurse/Library/ScriptAssemblies/Unity.Rider.Editor.dll
Symbol file LoadedFromMemory is not a mono symbol file
Symbol file data-0x178d48000 doesn't match image /Users/manaralsatrawi/GameDev/Blackwoods-Curse/BlackwoodsCurse/Library/ScriptAssemblies/Unity.PlasticSCM.Editor.dll
Symbol file LoadedFromMemory is not a mono symbol file
Symbol file data-0x178810000 doesn't match image /Users/manaralsatrawi/GameDev/Blackwoods-Curse/BlackwoodsCurse/Library/ScriptAssemblies/Unity.TestTools.CodeCoverage.Editor.dll
Symbol file LoadedFromMemory is not a mono symbol file
Symbol file data-0x178d88000 doesn't match image /Users/manaralsatrawi/GameDev/Blackwoods-Curse/BlackwoodsCurse/Library/ScriptAssemblies/UnityEngine.UI.dll
Symbol file LoadedFromMemory is not a mono symbol file
Symbol file data-0x322166200 doesn't match image /Users/manaralsatrawi/GameDev/Blackwoods-Curse/BlackwoodsCurse/Library/ScriptAssemblies/Unity.InputSystem.TestFramework.dll
Symbol file LoadedFromMemory is not a mono symbol file
Symbol file data-0x322172a00 doesn't match image /Users/manaralsatrawi/GameDev/Blackwoods-Curse/BlackwoodsCurse/Library/ScriptAssemblies/Unity.VisualScripting.State.dll
Symbol file LoadedFromMemory is not a mono symbol file
Symbol file data-0x119178000 doesn't match image /Users/manaralsatrawi/GameDev/Blackwoods-Curse/BlackwoodsCurse/Library/ScriptAssemblies/Unity.VisualScripting.Core.dll
Symbol file LoadedFromMemory is not a mono symbol file
Symbol file data-0x322166200 doesn't match image /Users/manaralsatrawi/GameDev/Blackwoods-Curse/BlackwoodsCurse/Library/ScriptAssemblies/Unity.EditorCoroutines.Editor.dll
Symbol file LoadedFromMemory is not a mono symbol file
Native extension for OSXStandalone target not found
Refreshing native plugins compatible for Editor in 0.51 ms, found 2 plugins.
Preloading 0 native plugins for Editor in 0.00 ms.
[Package Manager] Server::EnsureServerProcessIsRunning -- launch failed, reason: Unity was launched with the -noUpm command-line argument
[Package Manager] Cannot connect to Unity Package Manager local server
Mono: successfully reloaded assembly
- Completed reload, in  1.034 seconds
Domain Reload Profiling:
	ReloadAssembly (1034ms)
		BeginReloadAssembly (92ms)
			ExecutionOrderSort (0ms)
			DisableScriptedObjects (3ms)
			BackupInstance (0ms)
			ReleaseScriptingObjects (0ms)
			CreateAndSetChildDomain (31ms)
		EndReloadAssembly (870ms)
			LoadAssemblies (50ms)
			RebuildTransferFunctionScriptingTraits (0ms)
			SetupTypeCache (219ms)
			ReleaseScriptCaches (1ms)
			RebuildScriptCaches (31ms)
			SetupLoadedEditorAssemblies (546ms)
				LogAssemblyErrors (0ms)
				InitializePlatformSupportModulesInManaged (2ms)
				SetLoadedEditorAssemblies (0ms)
				RefreshPlugins (1ms)
				BeforeProcessingInitializeOnLoad (37ms)
				ProcessInitializeOnLoadAttributes (495ms)
				ProcessInitializeOnLoadMethodAttributes (11ms)
				AfterProcessingInitializeOnLoad (1ms)
				EditorAssembliesLoaded (0ms)
			ExecutionOrderSort2 (0ms)
			AwakeInstancesAfterBackupRestoration (2ms)
Platform modules already initialized, skipping
Refreshing native plugins compatible for Editor in 0.46 ms, found 2 plugins.
Preloading 0 native plugins for Editor in 0.00 ms.
Unloading 3510 Unused Serialized files (Serialized files now loaded: 0)
Unloading 34 unused Assets / (21.9 KB). Loaded Objects now: 3996.
Memory consumption went from 208.0 MB to 208.0 MB.
Total: 2.058000 ms (FindLiveObjects: 0.097792 ms CreateObjectMapping: 0.040833 ms MarkObjects: 1.901750 ms  DeleteObjects: 0.017083 ms)

AssetImportParameters requested are different than current active one (requested -> active):
  custom:video-decoder-ogg-theora: a1e56fd34408186e4bbccfd4996cb3dc -> 
  custom:container-muxer-webm: aa71ff27fc2769a1b78a27578f13a17b -> 
  custom:container-demuxer-webm: 4f35f7cbe854078d1ac9338744f61a02 -> 
  custom:video-encoder-webm-vp8: eb34c28f22e8b96e1ab97ce403110664 -> 
  custom:framework-osx-AVFoundation: e770b220cccbd017edd2c1fefb359320 -> 
  custom:CustomObjectIndexerAttribute: bc11b3a6c3213fcdd17b65e7da85e133 -> 
  custom:audio-encoder-webm-vorbis: bf7c407c2cedff20999df2af8eb42d56 -> 
  custom:SearchIndexIgnoredProperties: e643bd26f0fe6173181afceb89e7c659 -> 
  custom:container-demuxer-ogg: 62fdf1f143b41e24485cea50d1cbac27 -> 
  custom:video-decoder-webm-vp8: 9c59270c3fd7afecdb556c50c9e8de78 -> 
  custom:audio-decoder-ogg-vorbis: bf7c407c2cedff20999df2af8eb42d56 -> 
========================================================================
Received Prepare
Registering precompiled user dll's ...
Registered in 0.002440 seconds.
Begin MonoManager ReloadAssembly
Thread 0x309f17000 may have been prematurely finalized
Symbol file data-0x120a70000 doesn't match image /Users/manaralsatrawi/GameDev/Blackwoods-Curse/BlackwoodsCurse/Library/ScriptAssemblies/Unity.VisualScripting.Flow.Editor.dll
Symbol file LoadedFromMemory is not a mono symbol file
Symbol file data-0x3224ef000 doesn't match image /Users/manaralsatrawi/GameDev/Blackwoods-Curse/BlackwoodsCurse/Library/ScriptAssemblies/Unity.VSCode.Editor.dll
Symbol file LoadedFromMemory is not a mono symbol file
Symbol file data-0x3224bc800 doesn't match image /Users/manaralsatrawi/GameDev/Blackwoods-Curse/BlackwoodsCurse/Library/ScriptAssemblies/Unity.VisualScripting.Shared.Editor.dll
Symbol file LoadedFromMemory is not a mono symbol file
Symbol file data-0x120ac8000 doesn't match image /Users/manaralsatrawi/GameDev/Blackwoods-Curse/BlackwoodsCurse/Library/ScriptAssemblies/Unity.TextMeshPro.Editor.dll
Symbol file LoadedFromMemory is not a mono symbol file
Symbol file data-0x120940000 doesn't match image /Users/manaralsatrawi/GameDev/Blackwoods-Curse/BlackwoodsCurse/Library/ScriptAssemblies/Unity.VisualStudio.Editor.dll
Symbol file LoadedFromMemory is not a mono symbol file
Symbol file data-0x120b20000 doesn't match image /Users/manaralsatrawi/GameDev/Blackwoods-Curse/BlackwoodsCurse/Library/ScriptAssemblies/Unity.Performance.Profile-Analyzer.Editor.dll
Symbol file LoadedFromMemory is not a mono symbol file
Symbol file data-0x12e269400 doesn't match image /Users/manaralsatrawi/GameDev/Blackwoods-Curse/BlackwoodsCurse/Library/ScriptAssemblies/Unity.TestTools.CodeCoverage.Editor.OpenCover.Model.dll
Symbol file LoadedFromMemory is not a mono symbol file
Symbol file data-0x12e2a5e00 doesn't match image /Users/manaralsatrawi/GameDev/Blackwoods-Curse/BlackwoodsCurse/Library/ScriptAssemblies/Unity.Settings.Editor.dll
Symbol file LoadedFromMemory is not a mono symbol file
Symbol file data-0x130118000 doesn't match image /Users/manaralsatrawi/GameDev/Blackwoods-Curse/BlackwoodsCurse/Library/ScriptAssemblies/Unity.Timeline.Editor.dll
Symbol file LoadedFromMemory is not a mono symbol file
Symbol file data-0x130160000 doesn't match image /Users/manaralsatrawi/GameDev/Blackwoods-Curse/BlackwoodsCurse/Library/ScriptAssemblies/Unity.Timeline.dll
Symbol file LoadedFromMemory is not a mono symbol file
Symbol file data-0x130278000 doesn't match image /Users/manaralsatrawi/GameDev/Blackwoods-Curse/BlackwoodsCurse/Library/ScriptAssemblies/Unity.VisualScripting.Core.Editor.dll
Symbol file LoadedFromMemory is not a mono symbol file
Symbol file data-0x1302d0000 doesn't match image /Users/manaralsatrawi/GameDev/Blackwoods-Curse/BlackwoodsCurse/Library/ScriptAssemblies/Unity.TextMeshPro.dll
Symbol file LoadedFromMemory is not a mono symbol file
Symbol file data-0x130290000 doesn't match image /Users/manaralsatrawi/GameDev/Blackwoods-Curse/BlackwoodsCurse/Library/ScriptAssemblies/Unity.VisualScripting.State.Editor.dll
Symbol file LoadedFromMemory is not a mono symbol file
Symbol file data-0x130290000 doesn't match image /Users/manaralsatrawi/GameDev/Blackwoods-Curse/BlackwoodsCurse/Library/ScriptAssemblies/MerryYellow.CodeAssist.Editor.dll
Symbol file LoadedFromMemory is not a mono symbol file
Symbol file data-0x12e1a4c00 doesn't match image /Users/manaralsatrawi/GameDev/Blackwoods-Curse/BlackwoodsCurse/Library/ScriptAssemblies/Unity.CollabProxy.Editor.dll
Symbol file LoadedFromMemory is not a mono symbol file
Symbol file data-0x12e22c000 doesn't match image /Users/manaralsatrawi/GameDev/Blackwoods-Curse/BlackwoodsCurse/Library/ScriptAssemblies/Unity.InputSystem.ForUI.dll
Symbol file LoadedFromMemory is not a mono symbol file
Symbol file data-0x12e261e00 doesn't match image /Users/manaralsatrawi/GameDev/Blackwoods-Curse/BlackwoodsCurse/Library/ScriptAssemblies/Unity.VisualScripting.SettingsProvider.Editor.dll
Symbol file LoadedFromMemory is not a mono symbol file
Symbol file data-0x12e261e00 doesn't match image /Users/manaralsatrawi/GameDev/Blackwoods-Curse/BlackwoodsCurse/Library/ScriptAssemblies/Unity.TestTools.CodeCoverage.Editor.OpenCover.Mono.Reflection.dll
Symbol file LoadedFromMemory is not a mono symbol file
Symbol file data-0x130360000 doesn't match image /Users/manaralsatrawi/GameDev/Blackwoods-Curse/BlackwoodsCurse/Library/ScriptAssemblies/Unity.VisualScripting.Flow.dll
Symbol file LoadedFromMemory is not a mono symbol file
Symbol file data-0x130290000 doesn't match image /Users/manaralsatrawi/GameDev/Blackwoods-Curse/BlackwoodsCurse/Library/ScriptAssemblies/UnityEditor.UI.dll
Symbol file LoadedFromMemory is not a mono symbol file
Symbol file data-0x130690000 doesn't match image /Users/manaralsatrawi/GameDev/Blackwoods-Curse/BlackwoodsCurse/Library/ScriptAssemblies/Unity.InputSystem.dll
Symbol file LoadedFromMemory is not a mono symbol file
Symbol file data-0x130290000 doesn't match image /Users/manaralsatrawi/GameDev/Blackwoods-Curse/BlackwoodsCurse/Library/ScriptAssemblies/Unity.Rider.Editor.dll
Symbol file LoadedFromMemory is not a mono symbol file
Symbol file data-0x130518000 doesn't match image /Users/manaralsatrawi/GameDev/Blackwoods-Curse/BlackwoodsCurse/Library/ScriptAssemblies/Unity.PlasticSCM.Editor.dll
Symbol file LoadedFromMemory is not a mono symbol file
Symbol file data-0x130290000 doesn't match image /Users/manaralsatrawi/GameDev/Blackwoods-Curse/BlackwoodsCurse/Library/ScriptAssemblies/Unity.TestTools.CodeCoverage.Editor.dll
Symbol file LoadedFromMemory is not a mono symbol file
Symbol file data-0x130738000 doesn't match image /Users/manaralsatrawi/GameDev/Blackwoods-Curse/BlackwoodsCurse/Library/ScriptAssemblies/UnityEngine.UI.dll
Symbol file LoadedFromMemory is not a mono symbol file
Symbol file data-0x12e269400 doesn't match image /Users/manaralsatrawi/GameDev/Blackwoods-Curse/BlackwoodsCurse/Library/ScriptAssemblies/Unity.InputSystem.TestFramework.dll
Symbol file LoadedFromMemory is not a mono symbol file
Symbol file data-0x12e46e800 doesn't match image /Users/manaralsatrawi/GameDev/Blackwoods-Curse/BlackwoodsCurse/Library/ScriptAssemblies/Unity.VisualScripting.State.dll
Symbol file LoadedFromMemory is not a mono symbol file
Symbol file data-0x1307e8000 doesn't match image /Users/manaralsatrawi/GameDev/Blackwoods-Curse/BlackwoodsCurse/Library/ScriptAssemblies/Unity.VisualScripting.Core.dll
Symbol file LoadedFromMemory is not a mono symbol file
Symbol file data-0x12e261e00 doesn't match image /Users/manaralsatrawi/GameDev/Blackwoods-Curse/BlackwoodsCurse/Library/ScriptAssemblies/Unity.EditorCoroutines.Editor.dll
Symbol file LoadedFromMemory is not a mono symbol file
Native extension for OSXStandalone target not found
Refreshing native plugins compatible for Editor in 0.50 ms, found 2 plugins.
Preloading 0 native plugins for Editor in 0.00 ms.
[Package Manager] Server::EnsureServerProcessIsRunning -- launch failed, reason: Unity was launched with the -noUpm command-line argument
[Package Manager] Cannot connect to Unity Package Manager local server
Mono: successfully reloaded assembly
- Completed reload, in  1.106 seconds
Domain Reload Profiling:
	ReloadAssembly (1106ms)
		BeginReloadAssembly (172ms)
			ExecutionOrderSort (0ms)
			DisableScriptedObjects (7ms)
			BackupInstance (0ms)
			ReleaseScriptingObjects (0ms)
			CreateAndSetChildDomain (70ms)
		EndReloadAssembly (874ms)
			LoadAssemblies (54ms)
			RebuildTransferFunctionScriptingTraits (0ms)
			SetupTypeCache (226ms)
			ReleaseScriptCaches (1ms)
			RebuildScriptCaches (32ms)
			SetupLoadedEditorAssemblies (544ms)
				LogAssemblyErrors (0ms)
				InitializePlatformSupportModulesInManaged (2ms)
				SetLoadedEditorAssemblies (0ms)
				RefreshPlugins (1ms)
				BeforeProcessingInitializeOnLoad (38ms)
				ProcessInitializeOnLoadAttributes (491ms)
				ProcessInitializeOnLoadMethodAttributes (11ms)
				AfterProcessingInitializeOnLoad (1ms)
				EditorAssembliesLoaded (0ms)
			ExecutionOrderSort2 (0ms)
			AwakeInstancesAfterBackupRestoration (2ms)
Platform modules already initialized, skipping
Refreshing native plugins compatible for Editor in 0.53 ms, found 2 plugins.
Preloading 0 native plugins for Editor in 0.00 ms.
Unloading 3510 Unused Serialized files (Serialized files now loaded: 0)
Unloading 34 unused Assets / (23.0 KB). Loaded Objects now: 3999.
Memory consumption went from 208.0 MB to 208.0 MB.
Total: 2.416791 ms (FindLiveObjects: 0.145583 ms CreateObjectMapping: 0.044708 ms MarkObjects: 2.183000 ms  DeleteObjects: 0.042917 ms)

AssetImportParameters requested are different than current active one (requested -> active):
  custom:video-decoder-ogg-theora: a1e56fd34408186e4bbccfd4996cb3dc -> 
  custom:container-muxer-webm: aa71ff27fc2769a1b78a27578f13a17b -> 
  custom:container-demuxer-webm: 4f35f7cbe854078d1ac9338744f61a02 -> 
  custom:video-encoder-webm-vp8: eb34c28f22e8b96e1ab97ce403110664 -> 
  custom:framework-osx-AVFoundation: e770b220cccbd017edd2c1fefb359320 -> 
  custom:CustomObjectIndexerAttribute: bc11b3a6c3213fcdd17b65e7da85e133 -> 
  custom:audio-encoder-webm-vorbis: bf7c407c2cedff20999df2af8eb42d56 -> 
  custom:SearchIndexIgnoredProperties: e643bd26f0fe6173181afceb89e7c659 -> 
  custom:container-demuxer-ogg: 62fdf1f143b41e24485cea50d1cbac27 -> 
  custom:video-decoder-webm-vp8: 9c59270c3fd7afecdb556c50c9e8de78 -> 
  custom:audio-decoder-ogg-vorbis: bf7c407c2cedff20999df2af8eb42d56 -> 
========================================================================
Received Import Request.
  Time since last request: 250311.407879 seconds.
  path: Assets/Scripts/ResetDiningState.cs
  artifactKey: Guid(6904ec01d51b94bb1b3f4b1ef321ecc7) Importer(815301076,1909f56bfc062723c751e8b465ee728b)
Number of updated assets reloaded before import = 0
Start importing Assets/Scripts/ResetDiningState.cs using Guid(6904ec01d51b94bb1b3f4b1ef321ecc7) Importer(815301076,1909f56bfc062723c751e8b465ee728b)  -> (artifact id: '04d72ac98e603daf1e09ed8ca8f9f40c') in 0.065294 seconds 
Number of asset objects unloaded after import = 0
========================================================================
Received Prepare
Registering precompiled user dll's ...
Registered in 0.002218 seconds.
Begin MonoManager ReloadAssembly
Thread 0x309ea3000 may have been prematurely finalized
Symbol file data-0x120040000 doesn't match image /Users/manaralsatrawi/GameDev/Blackwoods-Curse/BlackwoodsCurse/Library/ScriptAssemblies/Unity.VisualScripting.Flow.Editor.dll
Symbol file LoadedFromMemory is not a mono symbol file
Symbol file data-0x321d2a000 doesn't match image /Users/manaralsatrawi/GameDev/Blackwoods-Curse/BlackwoodsCurse/Library/ScriptAssemblies/Unity.VSCode.Editor.dll
Symbol file LoadedFromMemory is not a mono symbol file
Symbol file data-0x322767600 doesn't match image /Users/manaralsatrawi/GameDev/Blackwoods-Curse/BlackwoodsCurse/Library/ScriptAssemblies/Unity.VisualScripting.Shared.Editor.dll
Symbol file LoadedFromMemory is not a mono symbol file
Symbol file data-0x120098000 doesn't match image /Users/manaralsatrawi/GameDev/Blackwoods-Curse/BlackwoodsCurse/Library/ScriptAssemblies/Unity.TextMeshPro.Editor.dll
Symbol file LoadedFromMemory is not a mono symbol file
Symbol file data-0x120b40000 doesn't match image /Users/manaralsatrawi/GameDev/Blackwoods-Curse/BlackwoodsCurse/Library/ScriptAssemblies/Unity.VisualStudio.Editor.dll
Symbol file LoadedFromMemory is not a mono symbol file
Symbol file data-0x1200d8000 doesn't match image /Users/manaralsatrawi/GameDev/Blackwoods-Curse/BlackwoodsCurse/Library/ScriptAssemblies/Unity.Performance.Profile-Analyzer.Editor.dll
Symbol file LoadedFromMemory is not a mono symbol file
Symbol file data-0x138f7ee00 doesn't match image /Users/manaralsatrawi/GameDev/Blackwoods-Curse/BlackwoodsCurse/Library/ScriptAssemblies/Unity.TestTools.CodeCoverage.Editor.OpenCover.Model.dll
Symbol file LoadedFromMemory is not a mono symbol file
Symbol file data-0x138f89600 doesn't match image /Users/manaralsatrawi/GameDev/Blackwoods-Curse/BlackwoodsCurse/Library/ScriptAssemblies/Unity.Settings.Editor.dll
Symbol file LoadedFromMemory is not a mono symbol file
Symbol file data-0x1301d0000 doesn't match image /Users/manaralsatrawi/GameDev/Blackwoods-Curse/BlackwoodsCurse/Library/ScriptAssemblies/Unity.Timeline.Editor.dll
Symbol file LoadedFromMemory is not a mono symbol file
Symbol file data-0x1786c8000 doesn't match image /Users/manaralsatrawi/GameDev/Blackwoods-Curse/BlackwoodsCurse/Library/ScriptAssemblies/Unity.Timeline.dll
Symbol file LoadedFromMemory is not a mono symbol file
Symbol file data-0x130218000 doesn't match image /Users/manaralsatrawi/GameDev/Blackwoods-Curse/BlackwoodsCurse/Library/ScriptAssemblies/Unity.VisualScripting.Core.Editor.dll
Symbol file LoadedFromMemory is not a mono symbol file
Symbol file data-0x1202a0000 doesn't match image /Users/manaralsatrawi/GameDev/Blackwoods-Curse/BlackwoodsCurse/Library/ScriptAssemblies/Unity.TextMeshPro.dll
Symbol file LoadedFromMemory is not a mono symbol file
Symbol file data-0x1786c8000 doesn't match image /Users/manaralsatrawi/GameDev/Blackwoods-Curse/BlackwoodsCurse/Library/ScriptAssemblies/Unity.VisualScripting.State.Editor.dll
Symbol file LoadedFromMemory is not a mono symbol file
Symbol file data-0x130dc8000 doesn't match image /Users/manaralsatrawi/GameDev/Blackwoods-Curse/BlackwoodsCurse/Library/ScriptAssemblies/MerryYellow.CodeAssist.Editor.dll
Symbol file LoadedFromMemory is not a mono symbol file
Symbol file data-0x116823000 doesn't match image /Users/manaralsatrawi/GameDev/Blackwoods-Curse/BlackwoodsCurse/Library/ScriptAssemblies/Unity.CollabProxy.Editor.dll
Symbol file LoadedFromMemory is not a mono symbol file
Symbol file data-0x138f89600 doesn't match image /Users/manaralsatrawi/GameDev/Blackwoods-Curse/BlackwoodsCurse/Library/ScriptAssemblies/Unity.InputSystem.ForUI.dll
Symbol file LoadedFromMemory is not a mono symbol file
Symbol file data-0x321d2a000 doesn't match image /Users/manaralsatrawi/GameDev/Blackwoods-Curse/BlackwoodsCurse/Library/ScriptAssemblies/Unity.VisualScripting.SettingsProvider.Editor.dll
Symbol file LoadedFromMemory is not a mono symbol file
Symbol file data-0x32276ba00 doesn't match image /Users/manaralsatrawi/GameDev/Blackwoods-Curse/BlackwoodsCurse/Library/ScriptAssemblies/Unity.TestTools.CodeCoverage.Editor.OpenCover.Mono.Reflection.dll
Symbol file LoadedFromMemory is not a mono symbol file
Symbol file data-0x178a70000 doesn't match image /Users/manaralsatrawi/GameDev/Blackwoods-Curse/BlackwoodsCurse/Library/ScriptAssemblies/Unity.VisualScripting.Flow.dll
Symbol file LoadedFromMemory is not a mono symbol file
Symbol file data-0x310008000 doesn't match image /Users/manaralsatrawi/GameDev/Blackwoods-Curse/BlackwoodsCurse/Library/ScriptAssemblies/UnityEditor.UI.dll
Symbol file LoadedFromMemory is not a mono symbol file
Symbol file data-0x1202d0000 doesn't match image /Users/manaralsatrawi/GameDev/Blackwoods-Curse/BlackwoodsCurse/Library/ScriptAssemblies/Unity.InputSystem.dll
Symbol file LoadedFromMemory is not a mono symbol file
Symbol file data-0x1183c0000 doesn't match image /Users/manaralsatrawi/GameDev/Blackwoods-Curse/BlackwoodsCurse/Library/ScriptAssemblies/Unity.Rider.Editor.dll
Symbol file LoadedFromMemory is not a mono symbol file
Symbol file data-0x1183e8000 doesn't match image /Users/manaralsatrawi/GameDev/Blackwoods-Curse/BlackwoodsCurse/Library/ScriptAssemblies/Unity.PlasticSCM.Editor.dll
Symbol file LoadedFromMemory is not a mono symbol file
Symbol file data-0x1183c0000 doesn't match image /Users/manaralsatrawi/GameDev/Blackwoods-Curse/BlackwoodsCurse/Library/ScriptAssemblies/Unity.TestTools.CodeCoverage.Editor.dll
Symbol file LoadedFromMemory is not a mono symbol file
Symbol file data-0x130220000 doesn't match image /Users/manaralsatrawi/GameDev/Blackwoods-Curse/BlackwoodsCurse/Library/ScriptAssemblies/UnityEngine.UI.dll
Symbol file LoadedFromMemory is not a mono symbol file
Symbol file data-0x138f92200 doesn't match image /Users/manaralsatrawi/GameDev/Blackwoods-Curse/BlackwoodsCurse/Library/ScriptAssemblies/Unity.InputSystem.TestFramework.dll
Symbol file LoadedFromMemory is not a mono symbol file
Symbol file data-0x3363d3600 doesn't match image /Users/manaralsatrawi/GameDev/Blackwoods-Curse/BlackwoodsCurse/Library/ScriptAssemblies/Unity.VisualScripting.State.dll
Symbol file LoadedFromMemory is not a mono symbol file
Symbol file data-0x1183e8000 doesn't match image /Users/manaralsatrawi/GameDev/Blackwoods-Curse/BlackwoodsCurse/Library/ScriptAssemblies/Unity.VisualScripting.Core.dll
Symbol file LoadedFromMemory is not a mono symbol file
Symbol file data-0x3363d5200 doesn't match image /Users/manaralsatrawi/GameDev/Blackwoods-Curse/BlackwoodsCurse/Library/ScriptAssemblies/Unity.EditorCoroutines.Editor.dll
Symbol file LoadedFromMemory is not a mono symbol file
Native extension for OSXStandalone target not found
Refreshing native plugins compatible for Editor in 0.47 ms, found 2 plugins.
Preloading 0 native plugins for Editor in 0.00 ms.
[Package Manager] Server::EnsureServerProcessIsRunning -- launch failed, reason: Unity was launched with the -noUpm command-line argument
[Package Manager] Cannot connect to Unity Package Manager local server
Mono: successfully reloaded assembly
- Completed reload, in  1.110 seconds
Domain Reload Profiling:
	ReloadAssembly (1111ms)
		BeginReloadAssembly (116ms)
			ExecutionOrderSort (0ms)
			DisableScriptedObjects (3ms)
			BackupInstance (0ms)
			ReleaseScriptingObjects (0ms)
			CreateAndSetChildDomain (43ms)
		EndReloadAssembly (907ms)
			LoadAssemblies (73ms)
			RebuildTransferFunctionScriptingTraits (0ms)
			SetupTypeCache (239ms)
			ReleaseScriptCaches (1ms)
			RebuildScriptCaches (31ms)
			SetupLoadedEditorAssemblies (547ms)
				LogAssemblyErrors (0ms)
				InitializePlatformSupportModulesInManaged (2ms)
				SetLoadedEditorAssemblies (0ms)
				RefreshPlugins (0ms)
				BeforeProcessingInitializeOnLoad (37ms)
				ProcessInitializeOnLoadAttributes (496ms)
				ProcessInitializeOnLoadMethodAttributes (11ms)
				AfterProcessingInitializeOnLoad (1ms)
				EditorAssembliesLoaded (0ms)
			ExecutionOrderSort2 (0ms)
			AwakeInstancesAfterBackupRestoration (2ms)
Platform modules already initialized, skipping
Refreshing native plugins compatible for Editor in 0.50 ms, found 2 plugins.
Preloading 0 native plugins for Editor in 0.00 ms.
Unloading 3510 Unused Serialized files (Serialized files now loaded: 0)
Unloading 34 unused Assets / (21.9 KB). Loaded Objects now: 4002.
Memory consumption went from 212.1 MB to 212.1 MB.
Total: 2.224584 ms (FindLiveObjects: 0.122292 ms CreateObjectMapping: 0.042375 ms MarkObjects: 2.031583 ms  DeleteObjects: 0.027834 ms)

AssetImportParameters requested are different than current active one (requested -> active):
  custom:video-decoder-ogg-theora: a1e56fd34408186e4bbccfd4996cb3dc -> 
  custom:container-muxer-webm: aa71ff27fc2769a1b78a27578f13a17b -> 
  custom:container-demuxer-webm: 4f35f7cbe854078d1ac9338744f61a02 -> 
  custom:video-encoder-webm-vp8: eb34c28f22e8b96e1ab97ce403110664 -> 
  custom:framework-osx-AVFoundation: e770b220cccbd017edd2c1fefb359320 -> 
  custom:CustomObjectIndexerAttribute: bc11b3a6c3213fcdd17b65e7da85e133 -> 
  custom:audio-encoder-webm-vorbis: bf7c407c2cedff20999df2af8eb42d56 -> 
  custom:SearchIndexIgnoredProperties: e643bd26f0fe6173181afceb89e7c659 -> 
  custom:container-demuxer-ogg: 62fdf1f143b41e24485cea50d1cbac27 -> 
  custom:video-decoder-webm-vp8: 9c59270c3fd7afecdb556c50c9e8de78 -> 
  custom:audio-decoder-ogg-vorbis: bf7c407c2cedff20999df2af8eb42d56 -> 
========================================================================
Received Prepare
Registering precompiled user dll's ...
Registered in 0.002359 seconds.
Begin MonoManager ReloadAssembly
Thread 0x309e2b000 may have been prematurely finalized
Symbol file data-0x179748000 doesn't match image /Users/manaralsatrawi/GameDev/Blackwoods-Curse/BlackwoodsCurse/Library/ScriptAssemblies/Unity.VisualScripting.Flow.Editor.dll
Symbol file LoadedFromMemory is not a mono symbol file
Symbol file data-0x138f79200 doesn't match image /Users/manaralsatrawi/GameDev/Blackwoods-Curse/BlackwoodsCurse/Library/ScriptAssemblies/Unity.VSCode.Editor.dll
Symbol file LoadedFromMemory is not a mono symbol file
Symbol file data-0x138f82800 doesn't match image /Users/manaralsatrawi/GameDev/Blackwoods-Curse/BlackwoodsCurse/Library/ScriptAssemblies/Unity.VisualScripting.Shared.Editor.dll
Symbol file LoadedFromMemory is not a mono symbol file
Symbol file data-0x178cd8000 doesn't match image /Users/manaralsatrawi/GameDev/Blackwoods-Curse/BlackwoodsCurse/Library/ScriptAssemblies/Unity.TextMeshPro.Editor.dll
Symbol file LoadedFromMemory is not a mono symbol file
Symbol file data-0x179768000 doesn't match image /Users/manaralsatrawi/GameDev/Blackwoods-Curse/BlackwoodsCurse/Library/ScriptAssemblies/Unity.VisualStudio.Editor.dll
Symbol file LoadedFromMemory is not a mono symbol file
Symbol file data-0x178d18000 doesn't match image /Users/manaralsatrawi/GameDev/Blackwoods-Curse/BlackwoodsCurse/Library/ScriptAssemblies/Unity.Performance.Profile-Analyzer.Editor.dll
Symbol file LoadedFromMemory is not a mono symbol file
Symbol file data-0x138f82800 doesn't match image /Users/manaralsatrawi/GameDev/Blackwoods-Curse/BlackwoodsCurse/Library/ScriptAssemblies/Unity.TestTools.CodeCoverage.Editor.OpenCover.Model.dll
Symbol file LoadedFromMemory is not a mono symbol file
Symbol file data-0x138f88800 doesn't match image /Users/manaralsatrawi/GameDev/Blackwoods-Curse/BlackwoodsCurse/Library/ScriptAssemblies/Unity.Settings.Editor.dll
Symbol file LoadedFromMemory is not a mono symbol file
Symbol file data-0x178df0000 doesn't match image /Users/manaralsatrawi/GameDev/Blackwoods-Curse/BlackwoodsCurse/Library/ScriptAssemblies/Unity.Timeline.Editor.dll
Symbol file LoadedFromMemory is not a mono symbol file
Symbol file data-0x178e60000 doesn't match image /Users/manaralsatrawi/GameDev/Blackwoods-Curse/BlackwoodsCurse/Library/ScriptAssemblies/Unity.Timeline.dll
Symbol file LoadedFromMemory is not a mono symbol file
Symbol file data-0x178f78000 doesn't match image /Users/manaralsatrawi/GameDev/Blackwoods-Curse/BlackwoodsCurse/Library/ScriptAssemblies/Unity.VisualScripting.Core.Editor.dll
Symbol file LoadedFromMemory is not a mono symbol file
Symbol file data-0x178df0000 doesn't match image /Users/manaralsatrawi/GameDev/Blackwoods-Curse/BlackwoodsCurse/Library/ScriptAssemblies/Unity.TextMeshPro.dll
Symbol file LoadedFromMemory is not a mono symbol file
Symbol file data-0x178e60000 doesn't match image /Users/manaralsatrawi/GameDev/Blackwoods-Curse/BlackwoodsCurse/Library/ScriptAssemblies/Unity.VisualScripting.State.Editor.dll
Symbol file LoadedFromMemory is not a mono symbol file
Symbol file data-0x178e60000 doesn't match image /Users/manaralsatrawi/GameDev/Blackwoods-Curse/BlackwoodsCurse/Library/ScriptAssemblies/MerryYellow.CodeAssist.Editor.dll
Symbol file LoadedFromMemory is not a mono symbol file
Symbol file data-0x138f82800 doesn't match image /Users/manaralsatrawi/GameDev/Blackwoods-Curse/BlackwoodsCurse/Library/ScriptAssemblies/Unity.CollabProxy.Editor.dll
Symbol file LoadedFromMemory is not a mono symbol file
Symbol file data-0x138f86c00 doesn't match image /Users/manaralsatrawi/GameDev/Blackwoods-Curse/BlackwoodsCurse/Library/ScriptAssemblies/Unity.InputSystem.ForUI.dll
Symbol file LoadedFromMemory is not a mono symbol file
Symbol file data-0x138f8ac00 doesn't match image /Users/manaralsatrawi/GameDev/Blackwoods-Curse/BlackwoodsCurse/Library/ScriptAssemblies/Unity.VisualScripting.SettingsProvider.Editor.dll
Symbol file LoadedFromMemory is not a mono symbol file
Symbol file data-0x138f8ac00 doesn't match image /Users/manaralsatrawi/GameDev/Blackwoods-Curse/BlackwoodsCurse/Library/ScriptAssemblies/Unity.TestTools.CodeCoverage.Editor.OpenCover.Mono.Reflection.dll
Symbol file LoadedFromMemory is not a mono symbol file
Symbol file data-0x179088000 doesn't match image /Users/manaralsatrawi/GameDev/Blackwoods-Curse/BlackwoodsCurse/Library/ScriptAssemblies/Unity.VisualScripting.Flow.dll
Symbol file LoadedFromMemory is not a mono symbol file
Symbol file data-0x178fc0000 doesn't match image /Users/manaralsatrawi/GameDev/Blackwoods-Curse/BlackwoodsCurse/Library/ScriptAssemblies/UnityEditor.UI.dll
Symbol file LoadedFromMemory is not a mono symbol file
Symbol file data-0x179778000 doesn't match image /Users/manaralsatrawi/GameDev/Blackwoods-Curse/BlackwoodsCurse/Library/ScriptAssemblies/Unity.InputSystem.dll
Symbol file LoadedFromMemory is not a mono symbol file
Symbol file data-0x178fc0000 doesn't match image /Users/manaralsatrawi/GameDev/Blackwoods-Curse/BlackwoodsCurse/Library/ScriptAssemblies/Unity.Rider.Editor.dll
Symbol file LoadedFromMemory is not a mono symbol file
Symbol file data-0x179778000 doesn't match image /Users/manaralsatrawi/GameDev/Blackwoods-Curse/BlackwoodsCurse/Library/ScriptAssemblies/Unity.PlasticSCM.Editor.dll
Symbol file LoadedFromMemory is not a mono symbol file
Symbol file data-0x178fc0000 doesn't match image /Users/manaralsatrawi/GameDev/Blackwoods-Curse/BlackwoodsCurse/Library/ScriptAssemblies/Unity.TestTools.CodeCoverage.Editor.dll
Symbol file LoadedFromMemory is not a mono symbol file
Symbol file data-0x1797b8000 doesn't match image /Users/manaralsatrawi/GameDev/Blackwoods-Curse/BlackwoodsCurse/Library/ScriptAssemblies/UnityEngine.UI.dll
Symbol file LoadedFromMemory is not a mono symbol file
Symbol file data-0x138f90200 doesn't match image /Users/manaralsatrawi/GameDev/Blackwoods-Curse/BlackwoodsCurse/Library/ScriptAssemblies/Unity.InputSystem.TestFramework.dll
Symbol file LoadedFromMemory is not a mono symbol file
Symbol file data-0x138f48e00 doesn't match image /Users/manaralsatrawi/GameDev/Blackwoods-Curse/BlackwoodsCurse/Library/ScriptAssemblies/Unity.VisualScripting.State.dll
Symbol file LoadedFromMemory is not a mono symbol file
Symbol file data-0x179908000 doesn't match image /Users/manaralsatrawi/GameDev/Blackwoods-Curse/BlackwoodsCurse/Library/ScriptAssemblies/Unity.VisualScripting.Core.dll
Symbol file LoadedFromMemory is not a mono symbol file
Symbol file data-0x138f90200 doesn't match image /Users/manaralsatrawi/GameDev/Blackwoods-Curse/BlackwoodsCurse/Library/ScriptAssemblies/Unity.EditorCoroutines.Editor.dll
Symbol file LoadedFromMemory is not a mono symbol file
Native extension for OSXStandalone target not found
Refreshing native plugins compatible for Editor in 0.51 ms, found 2 plugins.
Preloading 0 native plugins for Editor in 0.00 ms.
[Package Manager] Server::EnsureServerProcessIsRunning -- launch failed, reason: Unity was launched with the -noUpm command-line argument
[Package Manager] Cannot connect to Unity Package Manager local server
Mono: successfully reloaded assembly
- Completed reload, in  1.153 seconds
Domain Reload Profiling:
	ReloadAssembly (1154ms)
		BeginReloadAssembly (132ms)
			ExecutionOrderSort (0ms)
			DisableScriptedObjects (4ms)
			BackupInstance (0ms)
			ReleaseScriptingObjects (1ms)
			CreateAndSetChildDomain (57ms)
		EndReloadAssembly (952ms)
			LoadAssemblies (52ms)
			RebuildTransferFunctionScriptingTraits (0ms)
			SetupTypeCache (263ms)
			ReleaseScriptCaches (2ms)
			RebuildScriptCaches (38ms)
			SetupLoadedEditorAssemblies (569ms)
				LogAssemblyErrors (0ms)
				InitializePlatformSupportModulesInManaged (2ms)
				SetLoadedEditorAssemblies (0ms)
				RefreshPlugins (1ms)
				BeforeProcessingInitializeOnLoad (39ms)
				ProcessInitializeOnLoadAttributes (515ms)
				ProcessInitializeOnLoadMethodAttributes (11ms)
				AfterProcessingInitializeOnLoad (1ms)
				EditorAssembliesLoaded (0ms)
			ExecutionOrderSort2 (0ms)
			AwakeInstancesAfterBackupRestoration (2ms)
Platform modules already initialized, skipping
Refreshing native plugins compatible for Editor in 0.50 ms, found 2 plugins.
Preloading 0 native plugins for Editor in 0.00 ms.
Unloading 3510 Unused Serialized files (Serialized files now loaded: 0)
Unloading 34 unused Assets / (21.9 KB). Loaded Objects now: 4005.
Memory consumption went from 212.1 MB to 212.1 MB.
Total: 2.233042 ms (FindLiveObjects: 0.110750 ms CreateObjectMapping: 0.045208 ms MarkObjects: 2.057083 ms  DeleteObjects: 0.019625 ms)

AssetImportParameters requested are different than current active one (requested -> active):
  custom:video-decoder-ogg-theora: a1e56fd34408186e4bbccfd4996cb3dc -> 
  custom:container-muxer-webm: aa71ff27fc2769a1b78a27578f13a17b -> 
  custom:container-demuxer-webm: 4f35f7cbe854078d1ac9338744f61a02 -> 
  custom:video-encoder-webm-vp8: eb34c28f22e8b96e1ab97ce403110664 -> 
  custom:framework-osx-AVFoundation: e770b220cccbd017edd2c1fefb359320 -> 
  custom:CustomObjectIndexerAttribute: bc11b3a6c3213fcdd17b65e7da85e133 -> 
  custom:audio-encoder-webm-vorbis: bf7c407c2cedff20999df2af8eb42d56 -> 
  custom:SearchIndexIgnoredProperties: e643bd26f0fe6173181afceb89e7c659 -> 
  custom:container-demuxer-ogg: 62fdf1f143b41e24485cea50d1cbac27 -> 
  custom:video-decoder-webm-vp8: 9c59270c3fd7afecdb556c50c9e8de78 -> 
  custom:audio-decoder-ogg-vorbis: bf7c407c2cedff20999df2af8eb42d56 -> 
========================================================================
Received Prepare
Registering precompiled user dll's ...
Registered in 0.003041 seconds.
Begin MonoManager ReloadAssembly
Thread 0x309e2b000 may have been prematurely finalized
Symbol file data-0x130150000 doesn't match image /Users/manaralsatrawi/GameDev/Blackwoods-Curse/BlackwoodsCurse/Library/ScriptAssemblies/Unity.VisualScripting.Flow.Editor.dll
Symbol file LoadedFromMemory is not a mono symbol file
Symbol file data-0x1167ad200 doesn't match image /Users/manaralsatrawi/GameDev/Blackwoods-Curse/BlackwoodsCurse/Library/ScriptAssemblies/Unity.VSCode.Editor.dll
Symbol file LoadedFromMemory is not a mono symbol file
Symbol file data-0x116751600 doesn't match image /Users/manaralsatrawi/GameDev/Blackwoods-Curse/BlackwoodsCurse/Library/ScriptAssemblies/Unity.VisualScripting.Shared.Editor.dll
Symbol file LoadedFromMemory is not a mono symbol file
Symbol file data-0x1301b8000 doesn't match image /Users/manaralsatrawi/GameDev/Blackwoods-Curse/BlackwoodsCurse/Library/ScriptAssemblies/Unity.TextMeshPro.Editor.dll
Symbol file LoadedFromMemory is not a mono symbol file
Symbol file data-0x1301d0000 doesn't match image /Users/manaralsatrawi/GameDev/Blackwoods-Curse/BlackwoodsCurse/Library/ScriptAssemblies/Unity.VisualStudio.Editor.dll
Symbol file LoadedFromMemory is not a mono symbol file
Symbol file data-0x130240000 doesn't match image /Users/manaralsatrawi/GameDev/Blackwoods-Curse/BlackwoodsCurse/Library/ScriptAssemblies/Unity.Performance.Profile-Analyzer.Editor.dll
Symbol file LoadedFromMemory is not a mono symbol file
Symbol file data-0x116751600 doesn't match image /Users/manaralsatrawi/GameDev/Blackwoods-Curse/BlackwoodsCurse/Library/ScriptAssemblies/Unity.TestTools.CodeCoverage.Editor.OpenCover.Model.dll
Symbol file LoadedFromMemory is not a mono symbol file
Symbol file data-0x116757600 doesn't match image /Users/manaralsatrawi/GameDev/Blackwoods-Curse/BlackwoodsCurse/Library/ScriptAssemblies/Unity.Settings.Editor.dll
Symbol file LoadedFromMemory is not a mono symbol file
Symbol file data-0x130308000 doesn't match image /Users/manaralsatrawi/GameDev/Blackwoods-Curse/BlackwoodsCurse/Library/ScriptAssemblies/Unity.Timeline.Editor.dll
Symbol file LoadedFromMemory is not a mono symbol file
Symbol file data-0x130378000 doesn't match image /Users/manaralsatrawi/GameDev/Blackwoods-Curse/BlackwoodsCurse/Library/ScriptAssemblies/Unity.Timeline.dll
Symbol file LoadedFromMemory is not a mono symbol file
Symbol file data-0x130490000 doesn't match image /Users/manaralsatrawi/GameDev/Blackwoods-Curse/BlackwoodsCurse/Library/ScriptAssemblies/Unity.VisualScripting.Core.Editor.dll
Symbol file LoadedFromMemory is not a mono symbol file
Symbol file data-0x130308000 doesn't match image /Users/manaralsatrawi/GameDev/Blackwoods-Curse/BlackwoodsCurse/Library/ScriptAssemblies/Unity.TextMeshPro.dll
Symbol file LoadedFromMemory is not a mono symbol file
Symbol file data-0x1301d8000 doesn't match image /Users/manaralsatrawi/GameDev/Blackwoods-Curse/BlackwoodsCurse/Library/ScriptAssemblies/Unity.VisualScripting.State.Editor.dll
Symbol file LoadedFromMemory is not a mono symbol file
Symbol file data-0x1301d8000 doesn't match image /Users/manaralsatrawi/GameDev/Blackwoods-Curse/BlackwoodsCurse/Library/ScriptAssemblies/MerryYellow.CodeAssist.Editor.dll
Symbol file LoadedFromMemory is not a mono symbol file
Symbol file data-0x116670e00 doesn't match image /Users/manaralsatrawi/GameDev/Blackwoods-Curse/BlackwoodsCurse/Library/ScriptAssemblies/Unity.CollabProxy.Editor.dll
Symbol file LoadedFromMemory is not a mono symbol file
Symbol file data-0x11603ca00 doesn't match image /Users/manaralsatrawi/GameDev/Blackwoods-Curse/BlackwoodsCurse/Library/ScriptAssemblies/Unity.InputSystem.ForUI.dll
Symbol file LoadedFromMemory is not a mono symbol file
Symbol file data-0x116751600 doesn't match image /Users/manaralsatrawi/GameDev/Blackwoods-Curse/BlackwoodsCurse/Library/ScriptAssemblies/Unity.VisualScripting.SettingsProvider.Editor.dll
Symbol file LoadedFromMemory is not a mono symbol file
Symbol file data-0x116751600 doesn't match image /Users/manaralsatrawi/GameDev/Blackwoods-Curse/BlackwoodsCurse/Library/ScriptAssemblies/Unity.TestTools.CodeCoverage.Editor.OpenCover.Mono.Reflection.dll
Symbol file LoadedFromMemory is not a mono symbol file
Symbol file data-0x1305a0000 doesn't match image /Users/manaralsatrawi/GameDev/Blackwoods-Curse/BlackwoodsCurse/Library/ScriptAssemblies/Unity.VisualScripting.Flow.dll
Symbol file LoadedFromMemory is not a mono symbol file
Symbol file data-0x1304d8000 doesn't match image /Users/manaralsatrawi/GameDev/Blackwoods-Curse/BlackwoodsCurse/Library/ScriptAssemblies/UnityEditor.UI.dll
Symbol file LoadedFromMemory is not a mono symbol file
Symbol file data-0x1200a0000 doesn't match image /Users/manaralsatrawi/GameDev/Blackwoods-Curse/BlackwoodsCurse/Library/ScriptAssemblies/Unity.InputSystem.dll
Symbol file LoadedFromMemory is not a mono symbol file
Symbol file data-0x1186e0000 doesn't match image /Users/manaralsatrawi/GameDev/Blackwoods-Curse/BlackwoodsCurse/Library/ScriptAssemblies/Unity.Rider.Editor.dll
Symbol file LoadedFromMemory is not a mono symbol file
Symbol file data-0x120058000 doesn't match image /Users/manaralsatrawi/GameDev/Blackwoods-Curse/BlackwoodsCurse/Library/ScriptAssemblies/Unity.PlasticSCM.Editor.dll
Symbol file LoadedFromMemory is not a mono symbol file
Symbol file data-0x1186e0000 doesn't match image /Users/manaralsatrawi/GameDev/Blackwoods-Curse/BlackwoodsCurse/Library/ScriptAssemblies/Unity.TestTools.CodeCoverage.Editor.dll
Symbol file LoadedFromMemory is not a mono symbol file
Symbol file data-0x118808000 doesn't match image /Users/manaralsatrawi/GameDev/Blackwoods-Curse/BlackwoodsCurse/Library/ScriptAssemblies/UnityEngine.UI.dll
Symbol file LoadedFromMemory is not a mono symbol file
Symbol file data-0x3363ad400 doesn't match image /Users/manaralsatrawi/GameDev/Blackwoods-Curse/BlackwoodsCurse/Library/ScriptAssemblies/Unity.InputSystem.TestFramework.dll
Symbol file LoadedFromMemory is not a mono symbol file
Symbol file data-0x3363bf000 doesn't match image /Users/manaralsatrawi/GameDev/Blackwoods-Curse/BlackwoodsCurse/Library/ScriptAssemblies/Unity.VisualScripting.State.dll
Symbol file LoadedFromMemory is not a mono symbol file
Symbol file data-0x1188b8000 doesn't match image /Users/manaralsatrawi/GameDev/Blackwoods-Curse/BlackwoodsCurse/Library/ScriptAssemblies/Unity.VisualScripting.Core.dll
Symbol file LoadedFromMemory is not a mono symbol file
Symbol file data-0x3363ad400 doesn't match image /Users/manaralsatrawi/GameDev/Blackwoods-Curse/BlackwoodsCurse/Library/ScriptAssemblies/Unity.EditorCoroutines.Editor.dll
Symbol file LoadedFromMemory is not a mono symbol file
Native extension for OSXStandalone target not found
Refreshing native plugins compatible for Editor in 0.97 ms, found 2 plugins.
Preloading 0 native plugins for Editor in 0.00 ms.
[Package Manager] Server::EnsureServerProcessIsRunning -- launch failed, reason: Unity was launched with the -noUpm command-line argument
[Package Manager] Cannot connect to Unity Package Manager local server
Mono: successfully reloaded assembly
- Completed reload, in  1.175 seconds
Domain Reload Profiling:
	ReloadAssembly (1175ms)
		BeginReloadAssembly (178ms)
			ExecutionOrderSort (0ms)
			DisableScriptedObjects (5ms)
			BackupInstance (0ms)
			ReleaseScriptingObjects (0ms)
			CreateAndSetChildDomain (103ms)
		EndReloadAssembly (929ms)
			LoadAssemblies (54ms)
			RebuildTransferFunctionScriptingTraits (0ms)
			SetupTypeCache (260ms)
			ReleaseScriptCaches (1ms)
			RebuildScriptCaches (36ms)
			SetupLoadedEditorAssemblies (557ms)
				LogAssemblyErrors (0ms)
				InitializePlatformSupportModulesInManaged (3ms)
				SetLoadedEditorAssemblies (0ms)
				RefreshPlugins (1ms)
				BeforeProcessingInitializeOnLoad (40ms)
				ProcessInitializeOnLoadAttributes (501ms)
				ProcessInitializeOnLoadMethodAttributes (11ms)
				AfterProcessingInitializeOnLoad (1ms)
				EditorAssembliesLoaded (0ms)
			ExecutionOrderSort2 (0ms)
			AwakeInstancesAfterBackupRestoration (2ms)
Platform modules already initialized, skipping
Refreshing native plugins compatible for Editor in 0.48 ms, found 2 plugins.
Preloading 0 native plugins for Editor in 0.00 ms.
Unloading 3510 Unused Serialized files (Serialized files now loaded: 0)
Unloading 34 unused Assets / (23.1 KB). Loaded Objects now: 4008.
Memory consumption went from 212.2 MB to 212.1 MB.
Total: 2.218584 ms (FindLiveObjects: 0.117208 ms CreateObjectMapping: 0.044833 ms MarkObjects: 2.038959 ms  DeleteObjects: 0.017084 ms)

AssetImportParameters requested are different than current active one (requested -> active):
  custom:video-decoder-ogg-theora: a1e56fd34408186e4bbccfd4996cb3dc -> 
  custom:container-muxer-webm: aa71ff27fc2769a1b78a27578f13a17b -> 
  custom:container-demuxer-webm: 4f35f7cbe854078d1ac9338744f61a02 -> 
  custom:video-encoder-webm-vp8: eb34c28f22e8b96e1ab97ce403110664 -> 
  custom:framework-osx-AVFoundation: e770b220cccbd017edd2c1fefb359320 -> 
  custom:CustomObjectIndexerAttribute: bc11b3a6c3213fcdd17b65e7da85e133 -> 
  custom:audio-encoder-webm-vorbis: bf7c407c2cedff20999df2af8eb42d56 -> 
  custom:SearchIndexIgnoredProperties: e643bd26f0fe6173181afceb89e7c659 -> 
  custom:container-demuxer-ogg: 62fdf1f143b41e24485cea50d1cbac27 -> 
  custom:video-decoder-webm-vp8: 9c59270c3fd7afecdb556c50c9e8de78 -> 
  custom:audio-decoder-ogg-vorbis: bf7c407c2cedff20999df2af8eb42d56 -> 
========================================================================
Received Prepare
Registering precompiled user dll's ...
Registered in 0.003163 seconds.
Begin MonoManager ReloadAssembly
Thread 0x309e2b000 may have been prematurely finalized
Symbol file data-0x178aa0000 doesn't match image /Users/manaralsatrawi/GameDev/Blackwoods-Curse/BlackwoodsCurse/Library/ScriptAssemblies/Unity.VisualScripting.Flow.Editor.dll
Symbol file LoadedFromMemory is not a mono symbol file
Symbol file data-0x30a499200 doesn't match image /Users/manaralsatrawi/GameDev/Blackwoods-Curse/BlackwoodsCurse/Library/ScriptAssemblies/Unity.VSCode.Editor.dll
Symbol file LoadedFromMemory is not a mono symbol file
Symbol file data-0x30a49f800 doesn't match image /Users/manaralsatrawi/GameDev/Blackwoods-Curse/BlackwoodsCurse/Library/ScriptAssemblies/Unity.VisualScripting.Shared.Editor.dll
Symbol file LoadedFromMemory is not a mono symbol file
Symbol file data-0x1201a0000 doesn't match image /Users/manaralsatrawi/GameDev/Blackwoods-Curse/BlackwoodsCurse/Library/ScriptAssemblies/Unity.TextMeshPro.Editor.dll
Symbol file LoadedFromMemory is not a mono symbol file
Symbol file data-0x120060000 doesn't match image /Users/manaralsatrawi/GameDev/Blackwoods-Curse/BlackwoodsCurse/Library/ScriptAssemblies/Unity.VisualStudio.Editor.dll
Symbol file LoadedFromMemory is not a mono symbol file
Symbol file data-0x120218000 doesn't match image /Users/manaralsatrawi/GameDev/Blackwoods-Curse/BlackwoodsCurse/Library/ScriptAssemblies/Unity.Performance.Profile-Analyzer.Editor.dll
Symbol file LoadedFromMemory is not a mono symbol file
Symbol file data-0x321881e00 doesn't match image /Users/manaralsatrawi/GameDev/Blackwoods-Curse/BlackwoodsCurse/Library/ScriptAssemblies/Unity.TestTools.CodeCoverage.Editor.OpenCover.Model.dll
Symbol file LoadedFromMemory is not a mono symbol file
Symbol file data-0x321887e00 doesn't match image /Users/manaralsatrawi/GameDev/Blackwoods-Curse/BlackwoodsCurse/Library/ScriptAssemblies/Unity.Settings.Editor.dll
Symbol file LoadedFromMemory is not a mono symbol file
Symbol file data-0x1202e0000 doesn't match image /Users/manaralsatrawi/GameDev/Blackwoods-Curse/BlackwoodsCurse/Library/ScriptAssemblies/Unity.Timeline.Editor.dll
Symbol file LoadedFromMemory is not a mono symbol file
Symbol file data-0x120350000 doesn't match image /Users/manaralsatrawi/GameDev/Blackwoods-Curse/BlackwoodsCurse/Library/ScriptAssemblies/Unity.Timeline.dll
Symbol file LoadedFromMemory is not a mono symbol file
Symbol file data-0x1204b8000 doesn't match image /Users/manaralsatrawi/GameDev/Blackwoods-Curse/BlackwoodsCurse/Library/ScriptAssemblies/Unity.VisualScripting.Core.Editor.dll
Symbol file LoadedFromMemory is not a mono symbol file
Symbol file data-0x120468000 doesn't match image /Users/manaralsatrawi/GameDev/Blackwoods-Curse/BlackwoodsCurse/Library/ScriptAssemblies/Unity.TextMeshPro.dll
Symbol file LoadedFromMemory is not a mono symbol file
Symbol file data-0x120498000 doesn't match image /Users/manaralsatrawi/GameDev/Blackwoods-Curse/BlackwoodsCurse/Library/ScriptAssemblies/Unity.VisualScripting.State.Editor.dll
Symbol file LoadedFromMemory is not a mono symbol file
Symbol file data-0x120498000 doesn't match image /Users/manaralsatrawi/GameDev/Blackwoods-Curse/BlackwoodsCurse/Library/ScriptAssemblies/MerryYellow.CodeAssist.Editor.dll
Symbol file LoadedFromMemory is not a mono symbol file
Symbol file data-0x321883200 doesn't match image /Users/manaralsatrawi/GameDev/Blackwoods-Curse/BlackwoodsCurse/Library/ScriptAssemblies/Unity.CollabProxy.Editor.dll
Symbol file LoadedFromMemory is not a mono symbol file
Symbol file data-0x321888c00 doesn't match image /Users/manaralsatrawi/GameDev/Blackwoods-Curse/BlackwoodsCurse/Library/ScriptAssemblies/Unity.InputSystem.ForUI.dll
Symbol file LoadedFromMemory is not a mono symbol file
Symbol file data-0x32188cc00 doesn't match image /Users/manaralsatrawi/GameDev/Blackwoods-Curse/BlackwoodsCurse/Library/ScriptAssemblies/Unity.VisualScripting.SettingsProvider.Editor.dll
Symbol file LoadedFromMemory is not a mono symbol file
Symbol file data-0x321888c00 doesn't match image /Users/manaralsatrawi/GameDev/Blackwoods-Curse/BlackwoodsCurse/Library/ScriptAssemblies/Unity.TestTools.CodeCoverage.Editor.OpenCover.Mono.Reflection.dll
Symbol file LoadedFromMemory is not a mono symbol file
Symbol file data-0x120570000 doesn't match image /Users/manaralsatrawi/GameDev/Blackwoods-Curse/BlackwoodsCurse/Library/ScriptAssemblies/Unity.VisualScripting.Flow.dll
Symbol file LoadedFromMemory is not a mono symbol file
Symbol file data-0x1205a0000 doesn't match image /Users/manaralsatrawi/GameDev/Blackwoods-Curse/BlackwoodsCurse/Library/ScriptAssemblies/UnityEditor.UI.dll
Symbol file LoadedFromMemory is not a mono symbol file
Symbol file data-0x120720000 doesn't match image /Users/manaralsatrawi/GameDev/Blackwoods-Curse/BlackwoodsCurse/Library/ScriptAssemblies/Unity.InputSystem.dll
Symbol file LoadedFromMemory is not a mono symbol file
Symbol file data-0x120588000 doesn't match image /Users/manaralsatrawi/GameDev/Blackwoods-Curse/BlackwoodsCurse/Library/ScriptAssemblies/Unity.Rider.Editor.dll
Symbol file LoadedFromMemory is not a mono symbol file
Symbol file data-0x1207a8000 doesn't match image /Users/manaralsatrawi/GameDev/Blackwoods-Curse/BlackwoodsCurse/Library/ScriptAssemblies/Unity.PlasticSCM.Editor.dll
Symbol file LoadedFromMemory is not a mono symbol file
Symbol file data-0x1207e8000 doesn't match image /Users/manaralsatrawi/GameDev/Blackwoods-Curse/BlackwoodsCurse/Library/ScriptAssemblies/Unity.TestTools.CodeCoverage.Editor.dll
Symbol file LoadedFromMemory is not a mono symbol file
Symbol file data-0x1207f8000 doesn't match image /Users/manaralsatrawi/GameDev/Blackwoods-Curse/BlackwoodsCurse/Library/ScriptAssemblies/UnityEngine.UI.dll
Symbol file LoadedFromMemory is not a mono symbol file
Symbol file data-0x321891c00 doesn't match image /Users/manaralsatrawi/GameDev/Blackwoods-Curse/BlackwoodsCurse/Library/ScriptAssemblies/Unity.InputSystem.TestFramework.dll
Symbol file LoadedFromMemory is not a mono symbol file
Symbol file data-0x32185c400 doesn't match image /Users/manaralsatrawi/GameDev/Blackwoods-Curse/BlackwoodsCurse/Library/ScriptAssemblies/Unity.VisualScripting.State.dll
Symbol file LoadedFromMemory is not a mono symbol file
Symbol file data-0x1208a8000 doesn't match image /Users/manaralsatrawi/GameDev/Blackwoods-Curse/BlackwoodsCurse/Library/ScriptAssemblies/Unity.VisualScripting.Core.dll
Symbol file LoadedFromMemory is not a mono symbol file
Symbol file data-0x321891c00 doesn't match image /Users/manaralsatrawi/GameDev/Blackwoods-Curse/BlackwoodsCurse/Library/ScriptAssemblies/Unity.EditorCoroutines.Editor.dll
Symbol file LoadedFromMemory is not a mono symbol file
Native extension for OSXStandalone target not found
Refreshing native plugins compatible for Editor in 0.64 ms, found 2 plugins.
Preloading 0 native plugins for Editor in 0.00 ms.
[Package Manager] Server::EnsureServerProcessIsRunning -- launch failed, reason: Unity was launched with the -noUpm command-line argument
[Package Manager] Cannot connect to Unity Package Manager local server
Mono: successfully reloaded assembly
- Completed reload, in  1.100 seconds
Domain Reload Profiling:
	ReloadAssembly (1100ms)
		BeginReloadAssembly (109ms)
			ExecutionOrderSort (0ms)
			DisableScriptedObjects (4ms)
			BackupInstance (0ms)
			ReleaseScriptingObjects (0ms)
			CreateAndSetChildDomain (40ms)
		EndReloadAssembly (924ms)
			LoadAssemblies (55ms)
			RebuildTransferFunctionScriptingTraits (0ms)
			SetupTypeCache (241ms)
			ReleaseScriptCaches (2ms)
			RebuildScriptCaches (39ms)
			SetupLoadedEditorAssemblies (569ms)
				LogAssemblyErrors (0ms)
				InitializePlatformSupportModulesInManaged (2ms)
				SetLoadedEditorAssemblies (0ms)
				RefreshPlugins (1ms)
				BeforeProcessingInitializeOnLoad (40ms)
				ProcessInitializeOnLoadAttributes (515ms)
				ProcessInitializeOnLoadMethodAttributes (11ms)
				AfterProcessingInitializeOnLoad (1ms)
				EditorAssembliesLoaded (0ms)
			ExecutionOrderSort2 (0ms)
			AwakeInstancesAfterBackupRestoration (2ms)
Platform modules already initialized, skipping
Refreshing native plugins compatible for Editor in 0.49 ms, found 2 plugins.
Preloading 0 native plugins for Editor in 0.00 ms.
Unloading 3510 Unused Serialized files (Serialized files now loaded: 0)
Unloading 34 unused Assets / (21.9 KB). Loaded Objects now: 4011.
Memory consumption went from 212.2 MB to 212.1 MB.
Total: 2.145792 ms (FindLiveObjects: 0.109666 ms CreateObjectMapping: 0.051834 ms MarkObjects: 1.951416 ms  DeleteObjects: 0.032333 ms)

AssetImportParameters requested are different than current active one (requested -> active):
  custom:video-decoder-ogg-theora: a1e56fd34408186e4bbccfd4996cb3dc -> 
  custom:container-muxer-webm: aa71ff27fc2769a1b78a27578f13a17b -> 
  custom:container-demuxer-webm: 4f35f7cbe854078d1ac9338744f61a02 -> 
  custom:video-encoder-webm-vp8: eb34c28f22e8b96e1ab97ce403110664 -> 
  custom:framework-osx-AVFoundation: e770b220cccbd017edd2c1fefb359320 -> 
  custom:CustomObjectIndexerAttribute: bc11b3a6c3213fcdd17b65e7da85e133 -> 
  custom:audio-encoder-webm-vorbis: bf7c407c2cedff20999df2af8eb42d56 -> 
  custom:SearchIndexIgnoredProperties: e643bd26f0fe6173181afceb89e7c659 -> 
  custom:container-demuxer-ogg: 62fdf1f143b41e24485cea50d1cbac27 -> 
  custom:video-decoder-webm-vp8: 9c59270c3fd7afecdb556c50c9e8de78 -> 
  custom:audio-decoder-ogg-vorbis: bf7c407c2cedff20999df2af8eb42d56 -> 
========================================================================
Received Prepare
Registering precompiled user dll's ...
Registered in 0.002649 seconds.
Begin MonoManager ReloadAssembly
Thread 0x309e2b000 may have been prematurely finalized
Symbol file data-0x130538000 doesn't match image /Users/manaralsatrawi/GameDev/Blackwoods-Curse/BlackwoodsCurse/Library/ScriptAssemblies/Unity.VisualScripting.Flow.Editor.dll
Symbol file LoadedFromMemory is not a mono symbol file
Symbol file data-0x30958c200 doesn't match image /Users/manaralsatrawi/GameDev/Blackwoods-Curse/BlackwoodsCurse/Library/ScriptAssemblies/Unity.VSCode.Editor.dll
Symbol file LoadedFromMemory is not a mono symbol file
Symbol file data-0x309595800 doesn't match image /Users/manaralsatrawi/GameDev/Blackwoods-Curse/BlackwoodsCurse/Library/ScriptAssemblies/Unity.VisualScripting.Shared.Editor.dll
Symbol file LoadedFromMemory is not a mono symbol file
Symbol file data-0x130590000 doesn't match image /Users/manaralsatrawi/GameDev/Blackwoods-Curse/BlackwoodsCurse/Library/ScriptAssemblies/Unity.TextMeshPro.Editor.dll
Symbol file LoadedFromMemory is not a mono symbol file
Symbol file data-0x118090000 doesn't match image /Users/manaralsatrawi/GameDev/Blackwoods-Curse/BlackwoodsCurse/Library/ScriptAssemblies/Unity.VisualStudio.Editor.dll
Symbol file LoadedFromMemory is not a mono symbol file
Symbol file data-0x178888000 doesn't match image /Users/manaralsatrawi/GameDev/Blackwoods-Curse/BlackwoodsCurse/Library/ScriptAssemblies/Unity.Performance.Profile-Analyzer.Editor.dll
Symbol file LoadedFromMemory is not a mono symbol file
Symbol file data-0x1380cee00 doesn't match image /Users/manaralsatrawi/GameDev/Blackwoods-Curse/BlackwoodsCurse/Library/ScriptAssemblies/Unity.TestTools.CodeCoverage.Editor.OpenCover.Model.dll
Symbol file LoadedFromMemory is not a mono symbol file
Symbol file data-0x1380d4e00 doesn't match image /Users/manaralsatrawi/GameDev/Blackwoods-Curse/BlackwoodsCurse/Library/ScriptAssemblies/Unity.Settings.Editor.dll
Symbol file LoadedFromMemory is not a mono symbol file
Symbol file data-0x118328000 doesn't match image /Users/manaralsatrawi/GameDev/Blackwoods-Curse/BlackwoodsCurse/Library/ScriptAssemblies/Unity.Timeline.Editor.dll
Symbol file LoadedFromMemory is not a mono symbol file
Symbol file data-0x118398000 doesn't match image /Users/manaralsatrawi/GameDev/Blackwoods-Curse/BlackwoodsCurse/Library/ScriptAssemblies/Unity.Timeline.dll
Symbol file LoadedFromMemory is not a mono symbol file
Symbol file data-0x1184b0000 doesn't match image /Users/manaralsatrawi/GameDev/Blackwoods-Curse/BlackwoodsCurse/Library/ScriptAssemblies/Unity.VisualScripting.Core.Editor.dll
Symbol file LoadedFromMemory is not a mono symbol file
Symbol file data-0x178ba8000 doesn't match image /Users/manaralsatrawi/GameDev/Blackwoods-Curse/BlackwoodsCurse/Library/ScriptAssemblies/Unity.TextMeshPro.dll
Symbol file LoadedFromMemory is not a mono symbol file
Symbol file data-0x118328000 doesn't match image /Users/manaralsatrawi/GameDev/Blackwoods-Curse/BlackwoodsCurse/Library/ScriptAssemblies/Unity.VisualScripting.State.Editor.dll
Symbol file LoadedFromMemory is not a mono symbol file
Symbol file data-0x1305c8000 doesn't match image /Users/manaralsatrawi/GameDev/Blackwoods-Curse/BlackwoodsCurse/Library/ScriptAssemblies/MerryYellow.CodeAssist.Editor.dll
Symbol file LoadedFromMemory is not a mono symbol file
Symbol file data-0x12f5df600 doesn't match image /Users/manaralsatrawi/GameDev/Blackwoods-Curse/BlackwoodsCurse/Library/ScriptAssemblies/Unity.CollabProxy.Editor.dll
Symbol file LoadedFromMemory is not a mono symbol file
Symbol file data-0x1380cee00 doesn't match image /Users/manaralsatrawi/GameDev/Blackwoods-Curse/BlackwoodsCurse/Library/ScriptAssemblies/Unity.InputSystem.ForUI.dll
Symbol file LoadedFromMemory is not a mono symbol file
Symbol file data-0x1380d6a00 doesn't match image /Users/manaralsatrawi/GameDev/Blackwoods-Curse/BlackwoodsCurse/Library/ScriptAssemblies/Unity.VisualScripting.SettingsProvider.Editor.dll
Symbol file LoadedFromMemory is not a mono symbol file
Symbol file data-0x12f5e3a00 doesn't match image /Users/manaralsatrawi/GameDev/Blackwoods-Curse/BlackwoodsCurse/Library/ScriptAssemblies/Unity.TestTools.CodeCoverage.Editor.OpenCover.Mono.Reflection.dll
Symbol file LoadedFromMemory is not a mono symbol file
Symbol file data-0x178ba8000 doesn't match image /Users/manaralsatrawi/GameDev/Blackwoods-Curse/BlackwoodsCurse/Library/ScriptAssemblies/Unity.VisualScripting.Flow.dll
Symbol file LoadedFromMemory is not a mono symbol file
Symbol file data-0x118328000 doesn't match image /Users/manaralsatrawi/GameDev/Blackwoods-Curse/BlackwoodsCurse/Library/ScriptAssemblies/UnityEditor.UI.dll
Symbol file LoadedFromMemory is not a mono symbol file
Symbol file data-0x3108f0000 doesn't match image /Users/manaralsatrawi/GameDev/Blackwoods-Curse/BlackwoodsCurse/Library/ScriptAssemblies/Unity.InputSystem.dll
Symbol file LoadedFromMemory is not a mono symbol file
Symbol file data-0x310988000 doesn't match image /Users/manaralsatrawi/GameDev/Blackwoods-Curse/BlackwoodsCurse/Library/ScriptAssemblies/Unity.Rider.Editor.dll
Symbol file LoadedFromMemory is not a mono symbol file
Symbol file data-0x3108f0000 doesn't match image /Users/manaralsatrawi/GameDev/Blackwoods-Curse/BlackwoodsCurse/Library/ScriptAssemblies/Unity.PlasticSCM.Editor.dll
Symbol file LoadedFromMemory is not a mono symbol file
Symbol file data-0x118328000 doesn't match image /Users/manaralsatrawi/GameDev/Blackwoods-Curse/BlackwoodsCurse/Library/ScriptAssemblies/Unity.TestTools.CodeCoverage.Editor.dll
Symbol file LoadedFromMemory is not a mono symbol file
Symbol file data-0x118510000 doesn't match image /Users/manaralsatrawi/GameDev/Blackwoods-Curse/BlackwoodsCurse/Library/ScriptAssemblies/UnityEngine.UI.dll
Symbol file LoadedFromMemory is not a mono symbol file
Symbol file data-0x12f5df600 doesn't match image /Users/manaralsatrawi/GameDev/Blackwoods-Curse/BlackwoodsCurse/Library/ScriptAssemblies/Unity.InputSystem.TestFramework.dll
Symbol file LoadedFromMemory is not a mono symbol file
Symbol file data-0x12f5b2000 doesn't match image /Users/manaralsatrawi/GameDev/Blackwoods-Curse/BlackwoodsCurse/Library/ScriptAssemblies/Unity.VisualScripting.State.dll
Symbol file LoadedFromMemory is not a mono symbol file
Symbol file data-0x1185c0000 doesn't match image /Users/manaralsatrawi/GameDev/Blackwoods-Curse/BlackwoodsCurse/Library/ScriptAssemblies/Unity.VisualScripting.Core.dll
Symbol file LoadedFromMemory is not a mono symbol file
Symbol file data-0x12f5df600 doesn't match image /Users/manaralsatrawi/GameDev/Blackwoods-Curse/BlackwoodsCurse/Library/ScriptAssemblies/Unity.EditorCoroutines.Editor.dll
Symbol file LoadedFromMemory is not a mono symbol file
Native extension for OSXStandalone target not found
Refreshing native plugins compatible for Editor in 3.89 ms, found 2 plugins.
Preloading 0 native plugins for Editor in 0.00 ms.
[Package Manager] Server::EnsureServerProcessIsRunning -- launch failed, reason: Unity was launched with the -noUpm command-line argument
[Package Manager] Cannot connect to Unity Package Manager local server
Mono: successfully reloaded assembly
- Completed reload, in  1.163 seconds
Domain Reload Profiling:
	ReloadAssembly (1164ms)
		BeginReloadAssembly (180ms)
			ExecutionOrderSort (0ms)
			DisableScriptedObjects (4ms)
			BackupInstance (0ms)
			ReleaseScriptingObjects (0ms)
			CreateAndSetChildDomain (101ms)
		EndReloadAssembly (917ms)
			LoadAssemblies (61ms)
			RebuildTransferFunctionScriptingTraits (0ms)
			SetupTypeCache (243ms)
			ReleaseScriptCaches (2ms)
			RebuildScriptCaches (36ms)
			SetupLoadedEditorAssemblies (561ms)
				LogAssemblyErrors (0ms)
				InitializePlatformSupportModulesInManaged (2ms)
				SetLoadedEditorAssemblies (0ms)
				RefreshPlugins (4ms)
				BeforeProcessingInitializeOnLoad (40ms)
				ProcessInitializeOnLoadAttributes (503ms)
				ProcessInitializeOnLoadMethodAttributes (11ms)
				AfterProcessingInitializeOnLoad (1ms)
				EditorAssembliesLoaded (0ms)
			ExecutionOrderSort2 (0ms)
			AwakeInstancesAfterBackupRestoration (2ms)
Platform modules already initialized, skipping
Refreshing native plugins compatible for Editor in 0.50 ms, found 2 plugins.
Preloading 0 native plugins for Editor in 0.00 ms.
Unloading 3510 Unused Serialized files (Serialized files now loaded: 0)
Unloading 34 unused Assets / (21.9 KB). Loaded Objects now: 4014.
Memory consumption went from 212.2 MB to 212.2 MB.
Total: 2.375333 ms (FindLiveObjects: 0.160083 ms CreateObjectMapping: 0.067875 ms MarkObjects: 2.111333 ms  DeleteObjects: 0.035583 ms)

AssetImportParameters requested are different than current active one (requested -> active):
  custom:video-decoder-ogg-theora: a1e56fd34408186e4bbccfd4996cb3dc -> 
  custom:container-muxer-webm: aa71ff27fc2769a1b78a27578f13a17b -> 
  custom:container-demuxer-webm: 4f35f7cbe854078d1ac9338744f61a02 -> 
  custom:video-encoder-webm-vp8: eb34c28f22e8b96e1ab97ce403110664 -> 
  custom:framework-osx-AVFoundation: e770b220cccbd017edd2c1fefb359320 -> 
  custom:CustomObjectIndexerAttribute: bc11b3a6c3213fcdd17b65e7da85e133 -> 
  custom:audio-encoder-webm-vorbis: bf7c407c2cedff20999df2af8eb42d56 -> 
  custom:SearchIndexIgnoredProperties: e643bd26f0fe6173181afceb89e7c659 -> 
  custom:container-demuxer-ogg: 62fdf1f143b41e24485cea50d1cbac27 -> 
  custom:video-decoder-webm-vp8: 9c59270c3fd7afecdb556c50c9e8de78 -> 
  custom:audio-decoder-ogg-vorbis: bf7c407c2cedff20999df2af8eb42d56 -> 
========================================================================
Received Prepare
Registering precompiled user dll's ...
Registered in 0.003100 seconds.
Begin MonoManager ReloadAssembly
Thread 0x309e2b000 may have been prematurely finalized
Symbol file data-0x1793a0000 doesn't match image /Users/manaralsatrawi/GameDev/Blackwoods-Curse/BlackwoodsCurse/Library/ScriptAssemblies/Unity.VisualScripting.Flow.Editor.dll
Symbol file LoadedFromMemory is not a mono symbol file
Symbol file data-0x30a142800 doesn't match image /Users/manaralsatrawi/GameDev/Blackwoods-Curse/BlackwoodsCurse/Library/ScriptAssemblies/Unity.VSCode.Editor.dll
Symbol file LoadedFromMemory is not a mono symbol file
Symbol file data-0x12f4fee00 doesn't match image /Users/manaralsatrawi/GameDev/Blackwoods-Curse/BlackwoodsCurse/Library/ScriptAssemblies/Unity.VisualScripting.Shared.Editor.dll
Symbol file LoadedFromMemory is not a mono symbol file
Symbol file data-0x1793f8000 doesn't match image /Users/manaralsatrawi/GameDev/Blackwoods-Curse/BlackwoodsCurse/Library/ScriptAssemblies/Unity.TextMeshPro.Editor.dll
Symbol file LoadedFromMemory is not a mono symbol file
Symbol file data-0x179410000 doesn't match image /Users/manaralsatrawi/GameDev/Blackwoods-Curse/BlackwoodsCurse/Library/ScriptAssemblies/Unity.VisualStudio.Editor.dll
Symbol file LoadedFromMemory is not a mono symbol file
Symbol file data-0x179460000 doesn't match image /Users/manaralsatrawi/GameDev/Blackwoods-Curse/BlackwoodsCurse/Library/ScriptAssemblies/Unity.Performance.Profile-Analyzer.Editor.dll
Symbol file LoadedFromMemory is not a mono symbol file
Symbol file data-0x12f192000 doesn't match image /Users/manaralsatrawi/GameDev/Blackwoods-Curse/BlackwoodsCurse/Library/ScriptAssemblies/Unity.TestTools.CodeCoverage.Editor.OpenCover.Model.dll
Symbol file LoadedFromMemory is not a mono symbol file
Symbol file data-0x30a142800 doesn't match image /Users/manaralsatrawi/GameDev/Blackwoods-Curse/BlackwoodsCurse/Library/ScriptAssemblies/Unity.Settings.Editor.dll
Symbol file LoadedFromMemory is not a mono symbol file
Symbol file data-0x179528000 doesn't match image /Users/manaralsatrawi/GameDev/Blackwoods-Curse/BlackwoodsCurse/Library/ScriptAssemblies/Unity.Timeline.Editor.dll
Symbol file LoadedFromMemory is not a mono symbol file
Symbol file data-0x179598000 doesn't match image /Users/manaralsatrawi/GameDev/Blackwoods-Curse/BlackwoodsCurse/Library/ScriptAssemblies/Unity.Timeline.dll
Symbol file LoadedFromMemory is not a mono symbol file
Symbol file data-0x1796b0000 doesn't match image /Users/manaralsatrawi/GameDev/Blackwoods-Curse/BlackwoodsCurse/Library/ScriptAssemblies/Unity.VisualScripting.Core.Editor.dll
Symbol file LoadedFromMemory is not a mono symbol file
Symbol file data-0x179528000 doesn't match image /Users/manaralsatrawi/GameDev/Blackwoods-Curse/BlackwoodsCurse/Library/ScriptAssemblies/Unity.TextMeshPro.dll
Symbol file LoadedFromMemory is not a mono symbol file
Symbol file data-0x179598000 doesn't match image /Users/manaralsatrawi/GameDev/Blackwoods-Curse/BlackwoodsCurse/Library/ScriptAssemblies/Unity.VisualScripting.State.Editor.dll
Symbol file LoadedFromMemory is not a mono symbol file
Symbol file data-0x179598000 doesn't match image /Users/manaralsatrawi/GameDev/Blackwoods-Curse/BlackwoodsCurse/Library/ScriptAssemblies/MerryYellow.CodeAssist.Editor.dll
Symbol file LoadedFromMemory is not a mono symbol file
Symbol file data-0x12f192000 doesn't match image /Users/manaralsatrawi/GameDev/Blackwoods-Curse/BlackwoodsCurse/Library/ScriptAssemblies/Unity.CollabProxy.Editor.dll
Symbol file LoadedFromMemory is not a mono symbol file
Symbol file data-0x12f4d4400 doesn't match image /Users/manaralsatrawi/GameDev/Blackwoods-Curse/BlackwoodsCurse/Library/ScriptAssemblies/Unity.InputSystem.ForUI.dll
Symbol file LoadedFromMemory is not a mono symbol file
Symbol file data-0x12f192000 doesn't match image /Users/manaralsatrawi/GameDev/Blackwoods-Curse/BlackwoodsCurse/Library/ScriptAssemblies/Unity.VisualScripting.SettingsProvider.Editor.dll
Symbol file LoadedFromMemory is not a mono symbol file
Symbol file data-0x12f192000 doesn't match image /Users/manaralsatrawi/GameDev/Blackwoods-Curse/BlackwoodsCurse/Library/ScriptAssemblies/Unity.TestTools.CodeCoverage.Editor.OpenCover.Mono.Reflection.dll
Symbol file LoadedFromMemory is not a mono symbol file
Symbol file data-0x1797c0000 doesn't match image /Users/manaralsatrawi/GameDev/Blackwoods-Curse/BlackwoodsCurse/Library/ScriptAssemblies/Unity.VisualScripting.Flow.dll
Symbol file LoadedFromMemory is not a mono symbol file
Symbol file data-0x1796f8000 doesn't match image /Users/manaralsatrawi/GameDev/Blackwoods-Curse/BlackwoodsCurse/Library/ScriptAssemblies/UnityEditor.UI.dll
Symbol file LoadedFromMemory is not a mono symbol file
Symbol file data-0x1184d0000 doesn't match image /Users/manaralsatrawi/GameDev/Blackwoods-Curse/BlackwoodsCurse/Library/ScriptAssemblies/Unity.InputSystem.dll
Symbol file LoadedFromMemory is not a mono symbol file
Symbol file data-0x118550000 doesn't match image /Users/manaralsatrawi/GameDev/Blackwoods-Curse/BlackwoodsCurse/Library/ScriptAssemblies/Unity.Rider.Editor.dll
Symbol file LoadedFromMemory is not a mono symbol file
Symbol file data-0x1184d0000 doesn't match image /Users/manaralsatrawi/GameDev/Blackwoods-Curse/BlackwoodsCurse/Library/ScriptAssemblies/Unity.PlasticSCM.Editor.dll
Symbol file LoadedFromMemory is not a mono symbol file
Symbol file data-0x118530000 doesn't match image /Users/manaralsatrawi/GameDev/Blackwoods-Curse/BlackwoodsCurse/Library/ScriptAssemblies/Unity.TestTools.CodeCoverage.Editor.dll
Symbol file LoadedFromMemory is not a mono symbol file
Symbol file data-0x1185e8000 doesn't match image /Users/manaralsatrawi/GameDev/Blackwoods-Curse/BlackwoodsCurse/Library/ScriptAssemblies/UnityEngine.UI.dll
Symbol file LoadedFromMemory is not a mono symbol file
Symbol file data-0x32268b400 doesn't match image /Users/manaralsatrawi/GameDev/Blackwoods-Curse/BlackwoodsCurse/Library/ScriptAssemblies/Unity.InputSystem.TestFramework.dll
Symbol file LoadedFromMemory is not a mono symbol file
Symbol file data-0x322698400 doesn't match image /Users/manaralsatrawi/GameDev/Blackwoods-Curse/BlackwoodsCurse/Library/ScriptAssemblies/Unity.VisualScripting.State.dll
Symbol file LoadedFromMemory is not a mono symbol file
Symbol file data-0x118698000 doesn't match image /Users/manaralsatrawi/GameDev/Blackwoods-Curse/BlackwoodsCurse/Library/ScriptAssemblies/Unity.VisualScripting.Core.dll
Symbol file LoadedFromMemory is not a mono symbol file
Symbol file data-0x322698400 doesn't match image /Users/manaralsatrawi/GameDev/Blackwoods-Curse/BlackwoodsCurse/Library/ScriptAssemblies/Unity.EditorCoroutines.Editor.dll
Symbol file LoadedFromMemory is not a mono symbol file
Native extension for OSXStandalone target not found
Refreshing native plugins compatible for Editor in 0.49 ms, found 2 plugins.
Preloading 0 native plugins for Editor in 0.00 ms.
[Package Manager] Server::EnsureServerProcessIsRunning -- launch failed, reason: Unity was launched with the -noUpm command-line argument
[Package Manager] Cannot connect to Unity Package Manager local server
Mono: successfully reloaded assembly
- Completed reload, in  1.103 seconds
Domain Reload Profiling:
	ReloadAssembly (1103ms)
		BeginReloadAssembly (117ms)
			ExecutionOrderSort (0ms)
			DisableScriptedObjects (3ms)
			BackupInstance (0ms)
			ReleaseScriptingObjects (0ms)
			CreateAndSetChildDomain (46ms)
		EndReloadAssembly (920ms)
			LoadAssemblies (59ms)
			RebuildTransferFunctionScriptingTraits (0ms)
			SetupTypeCache (244ms)
			ReleaseScriptCaches (1ms)
			RebuildScriptCaches (33ms)
			SetupLoadedEditorAssemblies (566ms)
				LogAssemblyErrors (0ms)
				InitializePlatformSupportModulesInManaged (2ms)
				SetLoadedEditorAssemblies (0ms)
				RefreshPlugins (1ms)
				BeforeProcessingInitializeOnLoad (43ms)
				ProcessInitializeOnLoadAttributes (509ms)
				ProcessInitializeOnLoadMethodAttributes (10ms)
				AfterProcessingInitializeOnLoad (1ms)
				EditorAssembliesLoaded (0ms)
			ExecutionOrderSort2 (0ms)
			AwakeInstancesAfterBackupRestoration (2ms)
Platform modules already initialized, skipping
Refreshing native plugins compatible for Editor in 0.50 ms, found 2 plugins.
Preloading 0 native plugins for Editor in 0.00 ms.
Unloading 3510 Unused Serialized files (Serialized files now loaded: 0)
Unloading 34 unused Assets / (22.9 KB). Loaded Objects now: 4017.
Memory consumption went from 212.2 MB to 212.2 MB.
Total: 2.136500 ms (FindLiveObjects: 0.107000 ms CreateObjectMapping: 0.042375 ms MarkObjects: 1.969375 ms  DeleteObjects: 0.017041 ms)

AssetImportParameters requested are different than current active one (requested -> active):
  custom:video-decoder-ogg-theora: a1e56fd34408186e4bbccfd4996cb3dc -> 
  custom:container-muxer-webm: aa71ff27fc2769a1b78a27578f13a17b -> 
  custom:container-demuxer-webm: 4f35f7cbe854078d1ac9338744f61a02 -> 
  custom:video-encoder-webm-vp8: eb34c28f22e8b96e1ab97ce403110664 -> 
  custom:framework-osx-AVFoundation: e770b220cccbd017edd2c1fefb359320 -> 
  custom:CustomObjectIndexerAttribute: bc11b3a6c3213fcdd17b65e7da85e133 -> 
  custom:audio-encoder-webm-vorbis: bf7c407c2cedff20999df2af8eb42d56 -> 
  custom:SearchIndexIgnoredProperties: e643bd26f0fe6173181afceb89e7c659 -> 
  custom:container-demuxer-ogg: 62fdf1f143b41e24485cea50d1cbac27 -> 
  custom:video-decoder-webm-vp8: 9c59270c3fd7afecdb556c50c9e8de78 -> 
  custom:audio-decoder-ogg-vorbis: bf7c407c2cedff20999df2af8eb42d56 -> 
========================================================================
Received Prepare
Registering precompiled user dll's ...
Registered in 0.003385 seconds.
Begin MonoManager ReloadAssembly
Thread 0x309e2b000 may have been prematurely finalized
Symbol file data-0x179a30000 doesn't match image /Users/manaralsatrawi/GameDev/Blackwoods-Curse/BlackwoodsCurse/Library/ScriptAssemblies/Unity.VisualScripting.Flow.Editor.dll
Symbol file LoadedFromMemory is not a mono symbol file
Symbol file data-0x12f0e7800 doesn't match image /Users/manaralsatrawi/GameDev/Blackwoods-Curse/BlackwoodsCurse/Library/ScriptAssemblies/Unity.VSCode.Editor.dll
Symbol file LoadedFromMemory is not a mono symbol file
Symbol file data-0x30a6df800 doesn't match image /Users/manaralsatrawi/GameDev/Blackwoods-Curse/BlackwoodsCurse/Library/ScriptAssemblies/Unity.VisualScripting.Shared.Editor.dll
Symbol file LoadedFromMemory is not a mono symbol file
Symbol file data-0x3107c8000 doesn't match image /Users/manaralsatrawi/GameDev/Blackwoods-Curse/BlackwoodsCurse/Library/ScriptAssemblies/Unity.TextMeshPro.Editor.dll
Symbol file LoadedFromMemory is not a mono symbol file
Symbol file data-0x310800000 doesn't match image /Users/manaralsatrawi/GameDev/Blackwoods-Curse/BlackwoodsCurse/Library/ScriptAssemblies/Unity.VisualStudio.Editor.dll
Symbol file LoadedFromMemory is not a mono symbol file
Symbol file data-0x310850000 doesn't match image /Users/manaralsatrawi/GameDev/Blackwoods-Curse/BlackwoodsCurse/Library/ScriptAssemblies/Unity.Performance.Profile-Analyzer.Editor.dll
Symbol file LoadedFromMemory is not a mono symbol file
Symbol file data-0x13828a400 doesn't match image /Users/manaralsatrawi/GameDev/Blackwoods-Curse/BlackwoodsCurse/Library/ScriptAssemblies/Unity.TestTools.CodeCoverage.Editor.OpenCover.Model.dll
Symbol file LoadedFromMemory is not a mono symbol file
Symbol file data-0x138290c00 doesn't match image /Users/manaralsatrawi/GameDev/Blackwoods-Curse/BlackwoodsCurse/Library/ScriptAssemblies/Unity.Settings.Editor.dll
Symbol file LoadedFromMemory is not a mono symbol file
Symbol file data-0x310918000 doesn't match image /Users/manaralsatrawi/GameDev/Blackwoods-Curse/BlackwoodsCurse/Library/ScriptAssemblies/Unity.Timeline.Editor.dll
Symbol file LoadedFromMemory is not a mono symbol file
Symbol file data-0x310988000 doesn't match image /Users/manaralsatrawi/GameDev/Blackwoods-Curse/BlackwoodsCurse/Library/ScriptAssemblies/Unity.Timeline.dll
Symbol file LoadedFromMemory is not a mono symbol file
Symbol file data-0x310aa0000 doesn't match image /Users/manaralsatrawi/GameDev/Blackwoods-Curse/BlackwoodsCurse/Library/ScriptAssemblies/Unity.VisualScripting.Core.Editor.dll
Symbol file LoadedFromMemory is not a mono symbol file
Symbol file data-0x310918000 doesn't match image /Users/manaralsatrawi/GameDev/Blackwoods-Curse/BlackwoodsCurse/Library/ScriptAssemblies/Unity.TextMeshPro.dll
Symbol file LoadedFromMemory is not a mono symbol file
Symbol file data-0x310988000 doesn't match image /Users/manaralsatrawi/GameDev/Blackwoods-Curse/BlackwoodsCurse/Library/ScriptAssemblies/Unity.VisualScripting.State.Editor.dll
Symbol file LoadedFromMemory is not a mono symbol file
Symbol file data-0x310988000 doesn't match image /Users/manaralsatrawi/GameDev/Blackwoods-Curse/BlackwoodsCurse/Library/ScriptAssemblies/MerryYellow.CodeAssist.Editor.dll
Symbol file LoadedFromMemory is not a mono symbol file
Symbol file data-0x138292000 doesn't match image /Users/manaralsatrawi/GameDev/Blackwoods-Curse/BlackwoodsCurse/Library/ScriptAssemblies/Unity.CollabProxy.Editor.dll
Symbol file LoadedFromMemory is not a mono symbol file
Symbol file data-0x138297200 doesn't match image /Users/manaralsatrawi/GameDev/Blackwoods-Curse/BlackwoodsCurse/Library/ScriptAssemblies/Unity.InputSystem.ForUI.dll
Symbol file LoadedFromMemory is not a mono symbol file
Symbol file data-0x13829b200 doesn't match image /Users/manaralsatrawi/GameDev/Blackwoods-Curse/BlackwoodsCurse/Library/ScriptAssemblies/Unity.VisualScripting.SettingsProvider.Editor.dll
Symbol file LoadedFromMemory is not a mono symbol file
Symbol file data-0x138297200 doesn't match image /Users/manaralsatrawi/GameDev/Blackwoods-Curse/BlackwoodsCurse/Library/ScriptAssemblies/Unity.TestTools.CodeCoverage.Editor.OpenCover.Mono.Reflection.dll
Symbol file LoadedFromMemory is not a mono symbol file
Symbol file data-0x310bb0000 doesn't match image /Users/manaralsatrawi/GameDev/Blackwoods-Curse/BlackwoodsCurse/Library/ScriptAssemblies/Unity.VisualScripting.Flow.dll
Symbol file LoadedFromMemory is not a mono symbol file
Symbol file data-0x310ae8000 doesn't match image /Users/manaralsatrawi/GameDev/Blackwoods-Curse/BlackwoodsCurse/Library/ScriptAssemblies/UnityEditor.UI.dll
Symbol file LoadedFromMemory is not a mono symbol file
Symbol file data-0x310d20000 doesn't match image /Users/manaralsatrawi/GameDev/Blackwoods-Curse/BlackwoodsCurse/Library/ScriptAssemblies/Unity.InputSystem.dll
Symbol file LoadedFromMemory is not a mono symbol file
Symbol file data-0x310ae8000 doesn't match image /Users/manaralsatrawi/GameDev/Blackwoods-Curse/BlackwoodsCurse/Library/ScriptAssemblies/Unity.Rider.Editor.dll
Symbol file LoadedFromMemory is not a mono symbol file
Symbol file data-0x310d20000 doesn't match image /Users/manaralsatrawi/GameDev/Blackwoods-Curse/BlackwoodsCurse/Library/ScriptAssemblies/Unity.PlasticSCM.Editor.dll
Symbol file LoadedFromMemory is not a mono symbol file
Symbol file data-0x310ae8000 doesn't match image /Users/manaralsatrawi/GameDev/Blackwoods-Curse/BlackwoodsCurse/Library/ScriptAssemblies/Unity.TestTools.CodeCoverage.Editor.dll
Symbol file LoadedFromMemory is not a mono symbol file
Symbol file data-0x310e40000 doesn't match image /Users/manaralsatrawi/GameDev/Blackwoods-Curse/BlackwoodsCurse/Library/ScriptAssemblies/UnityEngine.UI.dll
Symbol file LoadedFromMemory is not a mono symbol file
Symbol file data-0x1382a0200 doesn't match image /Users/manaralsatrawi/GameDev/Blackwoods-Curse/BlackwoodsCurse/Library/ScriptAssemblies/Unity.InputSystem.TestFramework.dll
Symbol file LoadedFromMemory is not a mono symbol file
Symbol file data-0x1382aca00 doesn't match image /Users/manaralsatrawi/GameDev/Blackwoods-Curse/BlackwoodsCurse/Library/ScriptAssemblies/Unity.VisualScripting.State.dll
Symbol file LoadedFromMemory is not a mono symbol file
Symbol file data-0x310ef0000 doesn't match image /Users/manaralsatrawi/GameDev/Blackwoods-Curse/BlackwoodsCurse/Library/ScriptAssemblies/Unity.VisualScripting.Core.dll
Symbol file LoadedFromMemory is not a mono symbol file
Symbol file data-0x1382aca00 doesn't match image /Users/manaralsatrawi/GameDev/Blackwoods-Curse/BlackwoodsCurse/Library/ScriptAssemblies/Unity.EditorCoroutines.Editor.dll
Symbol file LoadedFromMemory is not a mono symbol file
Native extension for OSXStandalone target not found
Refreshing native plugins compatible for Editor in 0.58 ms, found 2 plugins.
Preloading 0 native plugins for Editor in 0.00 ms.
[Package Manager] Server::EnsureServerProcessIsRunning -- launch failed, reason: Unity was launched with the -noUpm command-line argument
[Package Manager] Cannot connect to Unity Package Manager local server
Mono: successfully reloaded assembly
- Completed reload, in  1.179 seconds
Domain Reload Profiling:
	ReloadAssembly (1181ms)
		BeginReloadAssembly (147ms)
			ExecutionOrderSort (0ms)
			DisableScriptedObjects (5ms)
			BackupInstance (0ms)
			ReleaseScriptingObjects (0ms)
			CreateAndSetChildDomain (64ms)
		EndReloadAssembly (968ms)
			LoadAssemblies (55ms)
			RebuildTransferFunctionScriptingTraits (0ms)
			SetupTypeCache (243ms)
			ReleaseScriptCaches (1ms)
			RebuildScriptCaches (35ms)
			SetupLoadedEditorAssemblies (591ms)
				LogAssemblyErrors (0ms)
				InitializePlatformSupportModulesInManaged (4ms)
				SetLoadedEditorAssemblies (1ms)
				RefreshPlugins (1ms)
				BeforeProcessingInitializeOnLoad (62ms)
				ProcessInitializeOnLoadAttributes (512ms)
				ProcessInitializeOnLoadMethodAttributes (11ms)
				AfterProcessingInitializeOnLoad (1ms)
				EditorAssembliesLoaded (0ms)
			ExecutionOrderSort2 (0ms)
			AwakeInstancesAfterBackupRestoration (2ms)
Platform modules already initialized, skipping
Refreshing native plugins compatible for Editor in 0.51 ms, found 2 plugins.
Preloading 0 native plugins for Editor in 0.00 ms.
Unloading 3510 Unused Serialized files (Serialized files now loaded: 0)
Unloading 34 unused Assets / (21.9 KB). Loaded Objects now: 4020.
Memory consumption went from 212.2 MB to 212.2 MB.
Total: 2.252417 ms (FindLiveObjects: 0.119500 ms CreateObjectMapping: 0.050750 ms MarkObjects: 2.049292 ms  DeleteObjects: 0.032125 ms)

AssetImportParameters requested are different than current active one (requested -> active):
  custom:video-decoder-ogg-theora: a1e56fd34408186e4bbccfd4996cb3dc -> 
  custom:container-muxer-webm: aa71ff27fc2769a1b78a27578f13a17b -> 
  custom:container-demuxer-webm: 4f35f7cbe854078d1ac9338744f61a02 -> 
  custom:video-encoder-webm-vp8: eb34c28f22e8b96e1ab97ce403110664 -> 
  custom:framework-osx-AVFoundation: e770b220cccbd017edd2c1fefb359320 -> 
  custom:CustomObjectIndexerAttribute: bc11b3a6c3213fcdd17b65e7da85e133 -> 
  custom:audio-encoder-webm-vorbis: bf7c407c2cedff20999df2af8eb42d56 -> 
  custom:SearchIndexIgnoredProperties: e643bd26f0fe6173181afceb89e7c659 -> 
  custom:container-demuxer-ogg: 62fdf1f143b41e24485cea50d1cbac27 -> 
  custom:video-decoder-webm-vp8: 9c59270c3fd7afecdb556c50c9e8de78 -> 
  custom:audio-decoder-ogg-vorbis: bf7c407c2cedff20999df2af8eb42d56 -> 
========================================================================
Received Prepare
Registering precompiled user dll's ...
Registered in 0.003070 seconds.
Begin MonoManager ReloadAssembly
Thread 0x16db83000 may have been prematurely finalized
Symbol file data-0x179d20000 doesn't match image /Users/manaralsatrawi/GameDev/Blackwoods-Curse/BlackwoodsCurse/Library/ScriptAssemblies/Unity.VisualScripting.Flow.Editor.dll
Symbol file LoadedFromMemory is not a mono symbol file
Symbol file data-0x322073a00 doesn't match image /Users/manaralsatrawi/GameDev/Blackwoods-Curse/BlackwoodsCurse/Library/ScriptAssemblies/Unity.VSCode.Editor.dll
Symbol file LoadedFromMemory is not a mono symbol file
Symbol file data-0x12f4dc600 doesn't match image /Users/manaralsatrawi/GameDev/Blackwoods-Curse/BlackwoodsCurse/Library/ScriptAssemblies/Unity.VisualScripting.Shared.Editor.dll
Symbol file LoadedFromMemory is not a mono symbol file
Symbol file data-0x179d78000 doesn't match image /Users/manaralsatrawi/GameDev/Blackwoods-Curse/BlackwoodsCurse/Library/ScriptAssemblies/Unity.TextMeshPro.Editor.dll
Symbol file LoadedFromMemory is not a mono symbol file
Symbol file data-0x179d90000 doesn't match image /Users/manaralsatrawi/GameDev/Blackwoods-Curse/BlackwoodsCurse/Library/ScriptAssemblies/Unity.VisualStudio.Editor.dll
Symbol file LoadedFromMemory is not a mono symbol file
Symbol file data-0x179de0000 doesn't match image /Users/manaralsatrawi/GameDev/Blackwoods-Curse/BlackwoodsCurse/Library/ScriptAssemblies/Unity.Performance.Profile-Analyzer.Editor.dll
Symbol file LoadedFromMemory is not a mono symbol file
Symbol file data-0x32205ea00 doesn't match image /Users/manaralsatrawi/GameDev/Blackwoods-Curse/BlackwoodsCurse/Library/ScriptAssemblies/Unity.TestTools.CodeCoverage.Editor.OpenCover.Model.dll
Symbol file LoadedFromMemory is not a mono symbol file
Symbol file data-0x322073a00 doesn't match image /Users/manaralsatrawi/GameDev/Blackwoods-Curse/BlackwoodsCurse/Library/ScriptAssemblies/Unity.Settings.Editor.dll
Symbol file LoadedFromMemory is not a mono symbol file
Symbol file data-0x179ea8000 doesn't match image /Users/manaralsatrawi/GameDev/Blackwoods-Curse/BlackwoodsCurse/Library/ScriptAssemblies/Unity.Timeline.Editor.dll
Symbol file LoadedFromMemory is not a mono symbol file
Symbol file data-0x179f18000 doesn't match image /Users/manaralsatrawi/GameDev/Blackwoods-Curse/BlackwoodsCurse/Library/ScriptAssemblies/Unity.Timeline.dll
Symbol file LoadedFromMemory is not a mono symbol file
Symbol file data-0x17a030000 doesn't match image /Users/manaralsatrawi/GameDev/Blackwoods-Curse/BlackwoodsCurse/Library/ScriptAssemblies/Unity.VisualScripting.Core.Editor.dll
Symbol file LoadedFromMemory is not a mono symbol file
Symbol file data-0x179ea8000 doesn't match image /Users/manaralsatrawi/GameDev/Blackwoods-Curse/BlackwoodsCurse/Library/ScriptAssemblies/Unity.TextMeshPro.dll
Symbol file LoadedFromMemory is not a mono symbol file
Symbol file data-0x179f18000 doesn't match image /Users/manaralsatrawi/GameDev/Blackwoods-Curse/BlackwoodsCurse/Library/ScriptAssemblies/Unity.VisualScripting.State.Editor.dll
Symbol file LoadedFromMemory is not a mono symbol file
Symbol file data-0x179f18000 doesn't match image /Users/manaralsatrawi/GameDev/Blackwoods-Curse/BlackwoodsCurse/Library/ScriptAssemblies/MerryYellow.CodeAssist.Editor.dll
Symbol file LoadedFromMemory is not a mono symbol file
Symbol file data-0x32205ea00 doesn't match image /Users/manaralsatrawi/GameDev/Blackwoods-Curse/BlackwoodsCurse/Library/ScriptAssemblies/Unity.CollabProxy.Editor.dll
Symbol file LoadedFromMemory is not a mono symbol file
Symbol file data-0x12f781600 doesn't match image /Users/manaralsatrawi/GameDev/Blackwoods-Curse/BlackwoodsCurse/Library/ScriptAssemblies/Unity.InputSystem.ForUI.dll
Symbol file LoadedFromMemory is not a mono symbol file
Symbol file data-0x32205ea00 doesn't match image /Users/manaralsatrawi/GameDev/Blackwoods-Curse/BlackwoodsCurse/Library/ScriptAssemblies/Unity.VisualScripting.SettingsProvider.Editor.dll
Symbol file LoadedFromMemory is not a mono symbol file
Symbol file data-0x32205ea00 doesn't match image /Users/manaralsatrawi/GameDev/Blackwoods-Curse/BlackwoodsCurse/Library/ScriptAssemblies/Unity.TestTools.CodeCoverage.Editor.OpenCover.Mono.Reflection.dll
Symbol file LoadedFromMemory is not a mono symbol file
Symbol file data-0x17a140000 doesn't match image /Users/manaralsatrawi/GameDev/Blackwoods-Curse/BlackwoodsCurse/Library/ScriptAssemblies/Unity.VisualScripting.Flow.dll
Symbol file LoadedFromMemory is not a mono symbol file
Symbol file data-0x17a078000 doesn't match image /Users/manaralsatrawi/GameDev/Blackwoods-Curse/BlackwoodsCurse/Library/ScriptAssemblies/UnityEditor.UI.dll
Symbol file LoadedFromMemory is not a mono symbol file
Symbol file data-0x1183c0000 doesn't match image /Users/manaralsatrawi/GameDev/Blackwoods-Curse/BlackwoodsCurse/Library/ScriptAssemblies/Unity.InputSystem.dll
Symbol file LoadedFromMemory is not a mono symbol file
Symbol file data-0x1300b8000 doesn't match image /Users/manaralsatrawi/GameDev/Blackwoods-Curse/BlackwoodsCurse/Library/ScriptAssemblies/Unity.Rider.Editor.dll
Symbol file LoadedFromMemory is not a mono symbol file
Symbol file data-0x1300c8000 doesn't match image /Users/manaralsatrawi/GameDev/Blackwoods-Curse/BlackwoodsCurse/Library/ScriptAssemblies/Unity.PlasticSCM.Editor.dll
Symbol file LoadedFromMemory is not a mono symbol file
Symbol file data-0x118440000 doesn't match image /Users/manaralsatrawi/GameDev/Blackwoods-Curse/BlackwoodsCurse/Library/ScriptAssemblies/Unity.TestTools.CodeCoverage.Editor.dll
Symbol file LoadedFromMemory is not a mono symbol file
Symbol file data-0x1183c0000 doesn't match image /Users/manaralsatrawi/GameDev/Blackwoods-Curse/BlackwoodsCurse/Library/ScriptAssemblies/UnityEngine.UI.dll
Symbol file LoadedFromMemory is not a mono symbol file
Symbol file data-0x12a837000 doesn't match image /Users/manaralsatrawi/GameDev/Blackwoods-Curse/BlackwoodsCurse/Library/ScriptAssemblies/Unity.InputSystem.TestFramework.dll
Symbol file LoadedFromMemory is not a mono symbol file
Symbol file data-0x30d720800 doesn't match image /Users/manaralsatrawi/GameDev/Blackwoods-Curse/BlackwoodsCurse/Library/ScriptAssemblies/Unity.VisualScripting.State.dll
Symbol file LoadedFromMemory is not a mono symbol file
Symbol file data-0x118470000 doesn't match image /Users/manaralsatrawi/GameDev/Blackwoods-Curse/BlackwoodsCurse/Library/ScriptAssemblies/Unity.VisualScripting.Core.dll
Symbol file LoadedFromMemory is not a mono symbol file
Symbol file data-0x30d722400 doesn't match image /Users/manaralsatrawi/GameDev/Blackwoods-Curse/BlackwoodsCurse/Library/ScriptAssemblies/Unity.EditorCoroutines.Editor.dll
Symbol file LoadedFromMemory is not a mono symbol file
Native extension for OSXStandalone target not found
Refreshing native plugins compatible for Editor in 0.45 ms, found 2 plugins.
Preloading 0 native plugins for Editor in 0.00 ms.
[Package Manager] Server::EnsureServerProcessIsRunning -- launch failed, reason: Unity was launched with the -noUpm command-line argument
[Package Manager] Cannot connect to Unity Package Manager local server
Mono: successfully reloaded assembly
- Completed reload, in  1.093 seconds
Domain Reload Profiling:
	ReloadAssembly (1093ms)
		BeginReloadAssembly (137ms)
			ExecutionOrderSort (0ms)
			DisableScriptedObjects (4ms)
			BackupInstance (0ms)
			ReleaseScriptingObjects (0ms)
			CreateAndSetChildDomain (53ms)
		EndReloadAssembly (892ms)
			LoadAssemblies (48ms)
			RebuildTransferFunctionScriptingTraits (0ms)
			SetupTypeCache (235ms)
			ReleaseScriptCaches (1ms)
			RebuildScriptCaches (35ms)
			SetupLoadedEditorAssemblies (551ms)
				LogAssemblyErrors (0ms)
				InitializePlatformSupportModulesInManaged (2ms)
				SetLoadedEditorAssemblies (0ms)
				RefreshPlugins (0ms)
				BeforeProcessingInitializeOnLoad (37ms)
				ProcessInitializeOnLoadAttributes (500ms)
				ProcessInitializeOnLoadMethodAttributes (11ms)
				AfterProcessingInitializeOnLoad (1ms)
				EditorAssembliesLoaded (0ms)
			ExecutionOrderSort2 (0ms)
			AwakeInstancesAfterBackupRestoration (3ms)
Platform modules already initialized, skipping
Refreshing native plugins compatible for Editor in 0.50 ms, found 2 plugins.
Preloading 0 native plugins for Editor in 0.00 ms.
Unloading 3510 Unused Serialized files (Serialized files now loaded: 0)
Unloading 34 unused Assets / (22.0 KB). Loaded Objects now: 4023.
Memory consumption went from 212.2 MB to 212.2 MB.
Total: 2.214791 ms (FindLiveObjects: 0.135625 ms CreateObjectMapping: 0.042417 ms MarkObjects: 2.004041 ms  DeleteObjects: 0.031916 ms)

AssetImportParameters requested are different than current active one (requested -> active):
  custom:video-decoder-ogg-theora: a1e56fd34408186e4bbccfd4996cb3dc -> 
  custom:container-muxer-webm: aa71ff27fc2769a1b78a27578f13a17b -> 
  custom:container-demuxer-webm: 4f35f7cbe854078d1ac9338744f61a02 -> 
  custom:video-encoder-webm-vp8: eb34c28f22e8b96e1ab97ce403110664 -> 
  custom:framework-osx-AVFoundation: e770b220cccbd017edd2c1fefb359320 -> 
  custom:CustomObjectIndexerAttribute: bc11b3a6c3213fcdd17b65e7da85e133 -> 
  custom:audio-encoder-webm-vorbis: bf7c407c2cedff20999df2af8eb42d56 -> 
  custom:SearchIndexIgnoredProperties: e643bd26f0fe6173181afceb89e7c659 -> 
  custom:container-demuxer-ogg: 62fdf1f143b41e24485cea50d1cbac27 -> 
  custom:video-decoder-webm-vp8: 9c59270c3fd7afecdb556c50c9e8de78 -> 
  custom:audio-decoder-ogg-vorbis: bf7c407c2cedff20999df2af8eb42d56 -> 
========================================================================
Received Prepare
Registering precompiled user dll's ...
Registered in 0.003153 seconds.
Begin MonoManager ReloadAssembly
Thread 0x16db83000 may have been prematurely finalized
Symbol file data-0x118f60000 doesn't match image /Users/manaralsatrawi/GameDev/Blackwoods-Curse/BlackwoodsCurse/Library/ScriptAssemblies/Unity.VisualScripting.Flow.Editor.dll
Symbol file LoadedFromMemory is not a mono symbol file
Symbol file data-0x138fba400 doesn't match image /Users/manaralsatrawi/GameDev/Blackwoods-Curse/BlackwoodsCurse/Library/ScriptAssemblies/Unity.VSCode.Editor.dll
Symbol file LoadedFromMemory is not a mono symbol file
Symbol file data-0x138fc0a00 doesn't match image /Users/manaralsatrawi/GameDev/Blackwoods-Curse/BlackwoodsCurse/Library/ScriptAssemblies/Unity.VisualScripting.Shared.Editor.dll
Symbol file LoadedFromMemory is not a mono symbol file
Symbol file data-0x118fb8000 doesn't match image /Users/manaralsatrawi/GameDev/Blackwoods-Curse/BlackwoodsCurse/Library/ScriptAssemblies/Unity.TextMeshPro.Editor.dll
Symbol file LoadedFromMemory is not a mono symbol file
Symbol file data-0x118e38000 doesn't match image /Users/manaralsatrawi/GameDev/Blackwoods-Curse/BlackwoodsCurse/Library/ScriptAssemblies/Unity.VisualStudio.Editor.dll
Symbol file LoadedFromMemory is not a mono symbol file
Symbol file data-0x118ff8000 doesn't match image /Users/manaralsatrawi/GameDev/Blackwoods-Curse/BlackwoodsCurse/Library/ScriptAssemblies/Unity.Performance.Profile-Analyzer.Editor.dll
Symbol file LoadedFromMemory is not a mono symbol file
Symbol file data-0x138fc0000 doesn't match image /Users/manaralsatrawi/GameDev/Blackwoods-Curse/BlackwoodsCurse/Library/ScriptAssemblies/Unity.TestTools.CodeCoverage.Editor.OpenCover.Model.dll
Symbol file LoadedFromMemory is not a mono symbol file
Symbol file data-0x138fa2e00 doesn't match image /Users/manaralsatrawi/GameDev/Blackwoods-Curse/BlackwoodsCurse/Library/ScriptAssemblies/Unity.Settings.Editor.dll
Symbol file LoadedFromMemory is not a mono symbol file
Symbol file data-0x1190d0000 doesn't match image /Users/manaralsatrawi/GameDev/Blackwoods-Curse/BlackwoodsCurse/Library/ScriptAssemblies/Unity.Timeline.Editor.dll
Symbol file LoadedFromMemory is not a mono symbol file
Symbol file data-0x119140000 doesn't match image /Users/manaralsatrawi/GameDev/Blackwoods-Curse/BlackwoodsCurse/Library/ScriptAssemblies/Unity.Timeline.dll
Symbol file LoadedFromMemory is not a mono symbol file
Symbol file data-0x119258000 doesn't match image /Users/manaralsatrawi/GameDev/Blackwoods-Curse/BlackwoodsCurse/Library/ScriptAssemblies/Unity.VisualScripting.Core.Editor.dll
Symbol file LoadedFromMemory is not a mono symbol file
Symbol file data-0x1190d0000 doesn't match image /Users/manaralsatrawi/GameDev/Blackwoods-Curse/BlackwoodsCurse/Library/ScriptAssemblies/Unity.TextMeshPro.dll
Symbol file LoadedFromMemory is not a mono symbol file
Symbol file data-0x119140000 doesn't match image /Users/manaralsatrawi/GameDev/Blackwoods-Curse/BlackwoodsCurse/Library/ScriptAssemblies/Unity.VisualScripting.State.Editor.dll
Symbol file LoadedFromMemory is not a mono symbol file
Symbol file data-0x119140000 doesn't match image /Users/manaralsatrawi/GameDev/Blackwoods-Curse/BlackwoodsCurse/Library/ScriptAssemblies/MerryYellow.CodeAssist.Editor.dll
Symbol file LoadedFromMemory is not a mono symbol file
Symbol file data-0x138fa2e00 doesn't match image /Users/manaralsatrawi/GameDev/Blackwoods-Curse/BlackwoodsCurse/Library/ScriptAssemblies/Unity.CollabProxy.Editor.dll
Symbol file LoadedFromMemory is not a mono symbol file
Symbol file data-0x138fa7200 doesn't match image /Users/manaralsatrawi/GameDev/Blackwoods-Curse/BlackwoodsCurse/Library/ScriptAssemblies/Unity.InputSystem.ForUI.dll
Symbol file LoadedFromMemory is not a mono symbol file
Symbol file data-0x138faaa00 doesn't match image /Users/manaralsatrawi/GameDev/Blackwoods-Curse/BlackwoodsCurse/Library/ScriptAssemblies/Unity.VisualScripting.SettingsProvider.Editor.dll
Symbol file LoadedFromMemory is not a mono symbol file
Symbol file data-0x138faaa00 doesn't match image /Users/manaralsatrawi/GameDev/Blackwoods-Curse/BlackwoodsCurse/Library/ScriptAssemblies/Unity.TestTools.CodeCoverage.Editor.OpenCover.Mono.Reflection.dll
Symbol file LoadedFromMemory is not a mono symbol file
Symbol file data-0x119368000 doesn't match image /Users/manaralsatrawi/GameDev/Blackwoods-Curse/BlackwoodsCurse/Library/ScriptAssemblies/Unity.VisualScripting.Flow.dll
Symbol file LoadedFromMemory is not a mono symbol file
Symbol file data-0x1192a0000 doesn't match image /Users/manaralsatrawi/GameDev/Blackwoods-Curse/BlackwoodsCurse/Library/ScriptAssemblies/UnityEditor.UI.dll
Symbol file LoadedFromMemory is not a mono symbol file
Symbol file data-0x1194d8000 doesn't match image /Users/manaralsatrawi/GameDev/Blackwoods-Curse/BlackwoodsCurse/Library/ScriptAssemblies/Unity.InputSystem.dll
Symbol file LoadedFromMemory is not a mono symbol file
Symbol file data-0x1192a0000 doesn't match image /Users/manaralsatrawi/GameDev/Blackwoods-Curse/BlackwoodsCurse/Library/ScriptAssemblies/Unity.Rider.Editor.dll
Symbol file LoadedFromMemory is not a mono symbol file
Symbol file data-0x1194d8000 doesn't match image /Users/manaralsatrawi/GameDev/Blackwoods-Curse/BlackwoodsCurse/Library/ScriptAssemblies/Unity.PlasticSCM.Editor.dll
Symbol file LoadedFromMemory is not a mono symbol file
Symbol file data-0x1192a0000 doesn't match image /Users/manaralsatrawi/GameDev/Blackwoods-Curse/BlackwoodsCurse/Library/ScriptAssemblies/Unity.TestTools.CodeCoverage.Editor.dll
Symbol file LoadedFromMemory is not a mono symbol file
Symbol file data-0x1195f8000 doesn't match image /Users/manaralsatrawi/GameDev/Blackwoods-Curse/BlackwoodsCurse/Library/ScriptAssemblies/UnityEngine.UI.dll
Symbol file LoadedFromMemory is not a mono symbol file
Symbol file data-0x138fc0000 doesn't match image /Users/manaralsatrawi/GameDev/Blackwoods-Curse/BlackwoodsCurse/Library/ScriptAssemblies/Unity.InputSystem.TestFramework.dll
Symbol file LoadedFromMemory is not a mono symbol file
Symbol file data-0x138ff6600 doesn't match image /Users/manaralsatrawi/GameDev/Blackwoods-Curse/BlackwoodsCurse/Library/ScriptAssemblies/Unity.VisualScripting.State.dll
Symbol file LoadedFromMemory is not a mono symbol file
Symbol file data-0x1196a8000 doesn't match image /Users/manaralsatrawi/GameDev/Blackwoods-Curse/BlackwoodsCurse/Library/ScriptAssemblies/Unity.VisualScripting.Core.dll
Symbol file LoadedFromMemory is not a mono symbol file
Symbol file data-0x138faaa00 doesn't match image /Users/manaralsatrawi/GameDev/Blackwoods-Curse/BlackwoodsCurse/Library/ScriptAssemblies/Unity.EditorCoroutines.Editor.dll
Symbol file LoadedFromMemory is not a mono symbol file
Native extension for OSXStandalone target not found
Refreshing native plugins compatible for Editor in 0.58 ms, found 2 plugins.
Preloading 0 native plugins for Editor in 0.00 ms.
[Package Manager] Server::EnsureServerProcessIsRunning -- launch failed, reason: Unity was launched with the -noUpm command-line argument
[Package Manager] Cannot connect to Unity Package Manager local server
Mono: successfully reloaded assembly
- Completed reload, in  1.041 seconds
Domain Reload Profiling:
	ReloadAssembly (1042ms)
		BeginReloadAssembly (120ms)
			ExecutionOrderSort (0ms)
			DisableScriptedObjects (4ms)
			BackupInstance (0ms)
			ReleaseScriptingObjects (0ms)
			CreateAndSetChildDomain (49ms)
		EndReloadAssembly (858ms)
			LoadAssemblies (46ms)
			RebuildTransferFunctionScriptingTraits (0ms)
			SetupTypeCache (211ms)
			ReleaseScriptCaches (1ms)
			RebuildScriptCaches (31ms)
			SetupLoadedEditorAssemblies (547ms)
				LogAssemblyErrors (0ms)
				InitializePlatformSupportModulesInManaged (2ms)
				SetLoadedEditorAssemblies (0ms)
				RefreshPlugins (1ms)
				BeforeProcessingInitializeOnLoad (37ms)
				ProcessInitializeOnLoadAttributes (496ms)
				ProcessInitializeOnLoadMethodAttributes (10ms)
				AfterProcessingInitializeOnLoad (1ms)
				EditorAssembliesLoaded (0ms)
			ExecutionOrderSort2 (0ms)
			AwakeInstancesAfterBackupRestoration (2ms)
Platform modules already initialized, skipping
Refreshing native plugins compatible for Editor in 0.48 ms, found 2 plugins.
Preloading 0 native plugins for Editor in 0.00 ms.
Unloading 3510 Unused Serialized files (Serialized files now loaded: 0)
Unloading 34 unused Assets / (23.1 KB). Loaded Objects now: 4026.
Memory consumption went from 212.2 MB to 212.2 MB.
Total: 2.108041 ms (FindLiveObjects: 0.137417 ms CreateObjectMapping: 0.055458 ms MarkObjects: 1.896167 ms  DeleteObjects: 0.018333 ms)

AssetImportParameters requested are different than current active one (requested -> active):
  custom:video-decoder-ogg-theora: a1e56fd34408186e4bbccfd4996cb3dc -> 
  custom:container-muxer-webm: aa71ff27fc2769a1b78a27578f13a17b -> 
  custom:container-demuxer-webm: 4f35f7cbe854078d1ac9338744f61a02 -> 
  custom:video-encoder-webm-vp8: eb34c28f22e8b96e1ab97ce403110664 -> 
  custom:framework-osx-AVFoundation: e770b220cccbd017edd2c1fefb359320 -> 
  custom:CustomObjectIndexerAttribute: bc11b3a6c3213fcdd17b65e7da85e133 -> 
  custom:audio-encoder-webm-vorbis: bf7c407c2cedff20999df2af8eb42d56 -> 
  custom:SearchIndexIgnoredProperties: e643bd26f0fe6173181afceb89e7c659 -> 
  custom:container-demuxer-ogg: 62fdf1f143b41e24485cea50d1cbac27 -> 
  custom:video-decoder-webm-vp8: 9c59270c3fd7afecdb556c50c9e8de78 -> 
  custom:audio-decoder-ogg-vorbis: bf7c407c2cedff20999df2af8eb42d56 -> 
========================================================================
Received Prepare
Registering precompiled user dll's ...
Registered in 0.003159 seconds.
Begin MonoManager ReloadAssembly
Thread 0x16db83000 may have been prematurely finalized
Symbol file data-0x118e48000 doesn't match image /Users/manaralsatrawi/GameDev/Blackwoods-Curse/BlackwoodsCurse/Library/ScriptAssemblies/Unity.VisualScripting.Flow.Editor.dll
Symbol file LoadedFromMemory is not a mono symbol file
Symbol file data-0x138952200 doesn't match image /Users/manaralsatrawi/GameDev/Blackwoods-Curse/BlackwoodsCurse/Library/ScriptAssemblies/Unity.VSCode.Editor.dll
Symbol file LoadedFromMemory is not a mono symbol file
Symbol file data-0x12e261e00 doesn't match image /Users/manaralsatrawi/GameDev/Blackwoods-Curse/BlackwoodsCurse/Library/ScriptAssemblies/Unity.VisualScripting.Shared.Editor.dll
Symbol file LoadedFromMemory is not a mono symbol file
Symbol file data-0x1181f0000 doesn't match image /Users/manaralsatrawi/GameDev/Blackwoods-Curse/BlackwoodsCurse/Library/ScriptAssemblies/Unity.TextMeshPro.Editor.dll
Symbol file LoadedFromMemory is not a mono symbol file
Symbol file data-0x118228000 doesn't match image /Users/manaralsatrawi/GameDev/Blackwoods-Curse/BlackwoodsCurse/Library/ScriptAssemblies/Unity.VisualStudio.Editor.dll
Symbol file LoadedFromMemory is not a mono symbol file
Symbol file data-0x1182a0000 doesn't match image /Users/manaralsatrawi/GameDev/Blackwoods-Curse/BlackwoodsCurse/Library/ScriptAssemblies/Unity.Performance.Profile-Analyzer.Editor.dll
Symbol file LoadedFromMemory is not a mono symbol file
Symbol file data-0x12e309a00 doesn't match image /Users/manaralsatrawi/GameDev/Blackwoods-Curse/BlackwoodsCurse/Library/ScriptAssemblies/Unity.TestTools.CodeCoverage.Editor.OpenCover.Model.dll
Symbol file LoadedFromMemory is not a mono symbol file
Symbol file data-0x12e2a5e00 doesn't match image /Users/manaralsatrawi/GameDev/Blackwoods-Curse/BlackwoodsCurse/Library/ScriptAssemblies/Unity.Settings.Editor.dll
Symbol file LoadedFromMemory is not a mono symbol file
Symbol file data-0x118368000 doesn't match image /Users/manaralsatrawi/GameDev/Blackwoods-Curse/BlackwoodsCurse/Library/ScriptAssemblies/Unity.Timeline.Editor.dll
Symbol file LoadedFromMemory is not a mono symbol file
Symbol file data-0x1183d8000 doesn't match image /Users/manaralsatrawi/GameDev/Blackwoods-Curse/BlackwoodsCurse/Library/ScriptAssemblies/Unity.Timeline.dll
Symbol file LoadedFromMemory is not a mono symbol file
Symbol file data-0x1184f0000 doesn't match image /Users/manaralsatrawi/GameDev/Blackwoods-Curse/BlackwoodsCurse/Library/ScriptAssemblies/Unity.VisualScripting.Core.Editor.dll
Symbol file LoadedFromMemory is not a mono symbol file
Symbol file data-0x118368000 doesn't match image /Users/manaralsatrawi/GameDev/Blackwoods-Curse/BlackwoodsCurse/Library/ScriptAssemblies/Unity.TextMeshPro.dll
Symbol file LoadedFromMemory is not a mono symbol file
Symbol file data-0x118238000 doesn't match image /Users/manaralsatrawi/GameDev/Blackwoods-Curse/BlackwoodsCurse/Library/ScriptAssemblies/Unity.VisualScripting.State.Editor.dll
Symbol file LoadedFromMemory is not a mono symbol file
Symbol file data-0x118238000 doesn't match image /Users/manaralsatrawi/GameDev/Blackwoods-Curse/BlackwoodsCurse/Library/ScriptAssemblies/MerryYellow.CodeAssist.Editor.dll
Symbol file LoadedFromMemory is not a mono symbol file
Symbol file data-0x138c46e00 doesn't match image /Users/manaralsatrawi/GameDev/Blackwoods-Curse/BlackwoodsCurse/Library/ScriptAssemblies/Unity.CollabProxy.Editor.dll
Symbol file LoadedFromMemory is not a mono symbol file
Symbol file data-0x138a2cc00 doesn't match image /Users/manaralsatrawi/GameDev/Blackwoods-Curse/BlackwoodsCurse/Library/ScriptAssemblies/Unity.InputSystem.ForUI.dll
Symbol file LoadedFromMemory is not a mono symbol file
Symbol file data-0x138d0e400 doesn't match image /Users/manaralsatrawi/GameDev/Blackwoods-Curse/BlackwoodsCurse/Library/ScriptAssemblies/Unity.VisualScripting.SettingsProvider.Editor.dll
Symbol file LoadedFromMemory is not a mono symbol file
Symbol file data-0x138d0e400 doesn't match image /Users/manaralsatrawi/GameDev/Blackwoods-Curse/BlackwoodsCurse/Library/ScriptAssemblies/Unity.TestTools.CodeCoverage.Editor.OpenCover.Mono.Reflection.dll
Symbol file LoadedFromMemory is not a mono symbol file
Symbol file data-0x118600000 doesn't match image /Users/manaralsatrawi/GameDev/Blackwoods-Curse/BlackwoodsCurse/Library/ScriptAssemblies/Unity.VisualScripting.Flow.dll
Symbol file LoadedFromMemory is not a mono symbol file
Symbol file data-0x118538000 doesn't match image /Users/manaralsatrawi/GameDev/Blackwoods-Curse/BlackwoodsCurse/Library/ScriptAssemblies/UnityEditor.UI.dll
Symbol file LoadedFromMemory is not a mono symbol file
Symbol file data-0x1187a8000 doesn't match image /Users/manaralsatrawi/GameDev/Blackwoods-Curse/BlackwoodsCurse/Library/ScriptAssemblies/Unity.InputSystem.dll
Symbol file LoadedFromMemory is not a mono symbol file
Symbol file data-0x118538000 doesn't match image /Users/manaralsatrawi/GameDev/Blackwoods-Curse/BlackwoodsCurse/Library/ScriptAssemblies/Unity.Rider.Editor.dll
Symbol file LoadedFromMemory is not a mono symbol file
Symbol file data-0x118830000 doesn't match image /Users/manaralsatrawi/GameDev/Blackwoods-Curse/BlackwoodsCurse/Library/ScriptAssemblies/Unity.PlasticSCM.Editor.dll
Symbol file LoadedFromMemory is not a mono symbol file
Symbol file data-0x118538000 doesn't match image /Users/manaralsatrawi/GameDev/Blackwoods-Curse/BlackwoodsCurse/Library/ScriptAssemblies/Unity.TestTools.CodeCoverage.Editor.dll
Symbol file LoadedFromMemory is not a mono symbol file
Symbol file data-0x118890000 doesn't match image /Users/manaralsatrawi/GameDev/Blackwoods-Curse/BlackwoodsCurse/Library/ScriptAssemblies/UnityEngine.UI.dll
Symbol file LoadedFromMemory is not a mono symbol file
Symbol file data-0x12e309a00 doesn't match image /Users/manaralsatrawi/GameDev/Blackwoods-Curse/BlackwoodsCurse/Library/ScriptAssemblies/Unity.InputSystem.TestFramework.dll
Symbol file LoadedFromMemory is not a mono symbol file
Symbol file data-0x13893f600 doesn't match image /Users/manaralsatrawi/GameDev/Blackwoods-Curse/BlackwoodsCurse/Library/ScriptAssemblies/Unity.VisualScripting.State.dll
Symbol file LoadedFromMemory is not a mono symbol file
Symbol file data-0x118940000 doesn't match image /Users/manaralsatrawi/GameDev/Blackwoods-Curse/BlackwoodsCurse/Library/ScriptAssemblies/Unity.VisualScripting.Core.dll
Symbol file LoadedFromMemory is not a mono symbol file
Symbol file data-0x138c46e00 doesn't match image /Users/manaralsatrawi/GameDev/Blackwoods-Curse/BlackwoodsCurse/Library/ScriptAssemblies/Unity.EditorCoroutines.Editor.dll
Symbol file LoadedFromMemory is not a mono symbol file
Native extension for OSXStandalone target not found
Refreshing native plugins compatible for Editor in 1.25 ms, found 2 plugins.
Preloading 0 native plugins for Editor in 0.00 ms.
[Package Manager] Server::EnsureServerProcessIsRunning -- launch failed, reason: Unity was launched with the -noUpm command-line argument
[Package Manager] Cannot connect to Unity Package Manager local server
Mono: successfully reloaded assembly
- Completed reload, in  1.204 seconds
Domain Reload Profiling:
	ReloadAssembly (1205ms)
		BeginReloadAssembly (156ms)
			ExecutionOrderSort (0ms)
			DisableScriptedObjects (8ms)
			BackupInstance (0ms)
			ReleaseScriptingObjects (0ms)
			CreateAndSetChildDomain (67ms)
		EndReloadAssembly (979ms)
			LoadAssemblies (59ms)
			RebuildTransferFunctionScriptingTraits (0ms)
			SetupTypeCache (271ms)
			ReleaseScriptCaches (1ms)
			RebuildScriptCaches (48ms)
			SetupLoadedEditorAssemblies (572ms)
				LogAssemblyErrors (0ms)
				InitializePlatformSupportModulesInManaged (3ms)
				SetLoadedEditorAssemblies (0ms)
				RefreshPlugins (1ms)
				BeforeProcessingInitializeOnLoad (41ms)
				ProcessInitializeOnLoadAttributes (515ms)
				ProcessInitializeOnLoadMethodAttributes (11ms)
				AfterProcessingInitializeOnLoad (1ms)
				EditorAssembliesLoaded (0ms)
			ExecutionOrderSort2 (0ms)
			AwakeInstancesAfterBackupRestoration (2ms)
Platform modules already initialized, skipping
Refreshing native plugins compatible for Editor in 0.50 ms, found 2 plugins.
Preloading 0 native plugins for Editor in 0.00 ms.
Unloading 3510 Unused Serialized files (Serialized files now loaded: 0)
Unloading 34 unused Assets / (21.9 KB). Loaded Objects now: 4029.
Memory consumption went from 212.2 MB to 212.2 MB.
Total: 2.303709 ms (FindLiveObjects: 0.137167 ms CreateObjectMapping: 0.045542 ms MarkObjects: 2.090250 ms  DeleteObjects: 0.030209 ms)

AssetImportParameters requested are different than current active one (requested -> active):
  custom:video-decoder-ogg-theora: a1e56fd34408186e4bbccfd4996cb3dc -> 
  custom:container-muxer-webm: aa71ff27fc2769a1b78a27578f13a17b -> 
  custom:container-demuxer-webm: 4f35f7cbe854078d1ac9338744f61a02 -> 
  custom:video-encoder-webm-vp8: eb34c28f22e8b96e1ab97ce403110664 -> 
  custom:framework-osx-AVFoundation: e770b220cccbd017edd2c1fefb359320 -> 
  custom:CustomObjectIndexerAttribute: bc11b3a6c3213fcdd17b65e7da85e133 -> 
  custom:audio-encoder-webm-vorbis: bf7c407c2cedff20999df2af8eb42d56 -> 
  custom:SearchIndexIgnoredProperties: e643bd26f0fe6173181afceb89e7c659 -> 
  custom:container-demuxer-ogg: 62fdf1f143b41e24485cea50d1cbac27 -> 
  custom:video-decoder-webm-vp8: 9c59270c3fd7afecdb556c50c9e8de78 -> 
  custom:audio-decoder-ogg-vorbis: bf7c407c2cedff20999df2af8eb42d56 -> 
========================================================================
Received Prepare
Registering precompiled user dll's ...
Registered in 0.002559 seconds.
Begin MonoManager ReloadAssembly
Thread 0x16db83000 may have been prematurely finalized
Symbol file data-0x1787c8000 doesn't match image /Users/manaralsatrawi/GameDev/Blackwoods-Curse/BlackwoodsCurse/Library/ScriptAssemblies/Unity.VisualScripting.Flow.Editor.dll
Symbol file LoadedFromMemory is not a mono symbol file
Symbol file data-0x116ea4600 doesn't match image /Users/manaralsatrawi/GameDev/Blackwoods-Curse/BlackwoodsCurse/Library/ScriptAssemblies/Unity.VSCode.Editor.dll
Symbol file LoadedFromMemory is not a mono symbol file
Symbol file data-0x116eae400 doesn't match image /Users/manaralsatrawi/GameDev/Blackwoods-Curse/BlackwoodsCurse/Library/ScriptAssemblies/Unity.VisualScripting.Shared.Editor.dll
Symbol file LoadedFromMemory is not a mono symbol file
Symbol file data-0x178830000 doesn't match image /Users/manaralsatrawi/GameDev/Blackwoods-Curse/BlackwoodsCurse/Library/ScriptAssemblies/Unity.TextMeshPro.Editor.dll
Symbol file LoadedFromMemory is not a mono symbol file
Symbol file data-0x178848000 doesn't match image /Users/manaralsatrawi/GameDev/Blackwoods-Curse/BlackwoodsCurse/Library/ScriptAssemblies/Unity.VisualStudio.Editor.dll
Symbol file LoadedFromMemory is not a mono symbol file
Symbol file data-0x179b78000 doesn't match image /Users/manaralsatrawi/GameDev/Blackwoods-Curse/BlackwoodsCurse/Library/ScriptAssemblies/Unity.Performance.Profile-Analyzer.Editor.dll
Symbol file LoadedFromMemory is not a mono symbol file
Symbol file data-0x116eb4000 doesn't match image /Users/manaralsatrawi/GameDev/Blackwoods-Curse/BlackwoodsCurse/Library/ScriptAssemblies/Unity.TestTools.CodeCoverage.Editor.OpenCover.Model.dll
Symbol file LoadedFromMemory is not a mono symbol file
Symbol file data-0x116eba000 doesn't match image /Users/manaralsatrawi/GameDev/Blackwoods-Curse/BlackwoodsCurse/Library/ScriptAssemblies/Unity.Settings.Editor.dll
Symbol file LoadedFromMemory is not a mono symbol file
Symbol file data-0x179c40000 doesn't match image /Users/manaralsatrawi/GameDev/Blackwoods-Curse/BlackwoodsCurse/Library/ScriptAssemblies/Unity.Timeline.Editor.dll
Symbol file LoadedFromMemory is not a mono symbol file
Symbol file data-0x178840000 doesn't match image /Users/manaralsatrawi/GameDev/Blackwoods-Curse/BlackwoodsCurse/Library/ScriptAssemblies/Unity.Timeline.dll
Symbol file LoadedFromMemory is not a mono symbol file
Symbol file data-0x179db0000 doesn't match image /Users/manaralsatrawi/GameDev/Blackwoods-Curse/BlackwoodsCurse/Library/ScriptAssemblies/Unity.VisualScripting.Core.Editor.dll
Symbol file LoadedFromMemory is not a mono symbol file
Symbol file data-0x179c40000 doesn't match image /Users/manaralsatrawi/GameDev/Blackwoods-Curse/BlackwoodsCurse/Library/ScriptAssemblies/Unity.TextMeshPro.dll
Symbol file LoadedFromMemory is not a mono symbol file
Symbol file data-0x1304f0000 doesn't match image /Users/manaralsatrawi/GameDev/Blackwoods-Curse/BlackwoodsCurse/Library/ScriptAssemblies/Unity.VisualScripting.State.Editor.dll
Symbol file LoadedFromMemory is not a mono symbol file
Symbol file data-0x1304f0000 doesn't match image /Users/manaralsatrawi/GameDev/Blackwoods-Curse/BlackwoodsCurse/Library/ScriptAssemblies/MerryYellow.CodeAssist.Editor.dll
Symbol file LoadedFromMemory is not a mono symbol file
Symbol file data-0x12e06c000 doesn't match image /Users/manaralsatrawi/GameDev/Blackwoods-Curse/BlackwoodsCurse/Library/ScriptAssemblies/Unity.CollabProxy.Editor.dll
Symbol file LoadedFromMemory is not a mono symbol file
Symbol file data-0x12e356600 doesn't match image /Users/manaralsatrawi/GameDev/Blackwoods-Curse/BlackwoodsCurse/Library/ScriptAssemblies/Unity.InputSystem.ForUI.dll
Symbol file LoadedFromMemory is not a mono symbol file
Symbol file data-0x12e0dd400 doesn't match image /Users/manaralsatrawi/GameDev/Blackwoods-Curse/BlackwoodsCurse/Library/ScriptAssemblies/Unity.VisualScripting.SettingsProvider.Editor.dll
Symbol file LoadedFromMemory is not a mono symbol file
Symbol file data-0x12e0dd400 doesn't match image /Users/manaralsatrawi/GameDev/Blackwoods-Curse/BlackwoodsCurse/Library/ScriptAssemblies/Unity.TestTools.CodeCoverage.Editor.OpenCover.Mono.Reflection.dll
Symbol file LoadedFromMemory is not a mono symbol file
Symbol file data-0x1305f0000 doesn't match image /Users/manaralsatrawi/GameDev/Blackwoods-Curse/BlackwoodsCurse/Library/ScriptAssemblies/Unity.VisualScripting.Flow.dll
Symbol file LoadedFromMemory is not a mono symbol file
Symbol file data-0x1304f0000 doesn't match image /Users/manaralsatrawi/GameDev/Blackwoods-Curse/BlackwoodsCurse/Library/ScriptAssemblies/UnityEditor.UI.dll
Symbol file LoadedFromMemory is not a mono symbol file
Symbol file data-0x130800000 doesn't match image /Users/manaralsatrawi/GameDev/Blackwoods-Curse/BlackwoodsCurse/Library/ScriptAssemblies/Unity.InputSystem.dll
Symbol file LoadedFromMemory is not a mono symbol file
Symbol file data-0x1304f0000 doesn't match image /Users/manaralsatrawi/GameDev/Blackwoods-Curse/BlackwoodsCurse/Library/ScriptAssemblies/Unity.Rider.Editor.dll
Symbol file LoadedFromMemory is not a mono symbol file
Symbol file data-0x130638000 doesn't match image /Users/manaralsatrawi/GameDev/Blackwoods-Curse/BlackwoodsCurse/Library/ScriptAssemblies/Unity.PlasticSCM.Editor.dll
Symbol file LoadedFromMemory is not a mono symbol file
Symbol file data-0x1304f0000 doesn't match image /Users/manaralsatrawi/GameDev/Blackwoods-Curse/BlackwoodsCurse/Library/ScriptAssemblies/Unity.TestTools.CodeCoverage.Editor.dll
Symbol file LoadedFromMemory is not a mono symbol file
Symbol file data-0x1308a8000 doesn't match image /Users/manaralsatrawi/GameDev/Blackwoods-Curse/BlackwoodsCurse/Library/ScriptAssemblies/UnityEngine.UI.dll
Symbol file LoadedFromMemory is not a mono symbol file
Symbol file data-0x12e309a00 doesn't match image /Users/manaralsatrawi/GameDev/Blackwoods-Curse/BlackwoodsCurse/Library/ScriptAssemblies/Unity.InputSystem.TestFramework.dll
Symbol file LoadedFromMemory is not a mono symbol file
Symbol file data-0x12e2a5e00 doesn't match image /Users/manaralsatrawi/GameDev/Blackwoods-Curse/BlackwoodsCurse/Library/ScriptAssemblies/Unity.VisualScripting.State.dll
Symbol file LoadedFromMemory is not a mono symbol file
Symbol file data-0x1308d0000 doesn't match image /Users/manaralsatrawi/GameDev/Blackwoods-Curse/BlackwoodsCurse/Library/ScriptAssemblies/Unity.VisualScripting.Core.dll
Symbol file LoadedFromMemory is not a mono symbol file
Symbol file data-0x12e0dd400 doesn't match image /Users/manaralsatrawi/GameDev/Blackwoods-Curse/BlackwoodsCurse/Library/ScriptAssemblies/Unity.EditorCoroutines.Editor.dll
Symbol file LoadedFromMemory is not a mono symbol file
Native extension for OSXStandalone target not found
Refreshing native plugins compatible for Editor in 0.58 ms, found 2 plugins.
Preloading 0 native plugins for Editor in 0.00 ms.
[Package Manager] Server::EnsureServerProcessIsRunning -- launch failed, reason: Unity was launched with the -noUpm command-line argument
[Package Manager] Cannot connect to Unity Package Manager local server
Mono: successfully reloaded assembly
- Completed reload, in  1.158 seconds
Domain Reload Profiling:
	ReloadAssembly (1159ms)
		BeginReloadAssembly (151ms)
			ExecutionOrderSort (0ms)
			DisableScriptedObjects (4ms)
			BackupInstance (0ms)
			ReleaseScriptingObjects (0ms)
			CreateAndSetChildDomain (70ms)
		EndReloadAssembly (941ms)
			LoadAssemblies (61ms)
			RebuildTransferFunctionScriptingTraits (0ms)
			SetupTypeCache (261ms)
			ReleaseScriptCaches (1ms)
			RebuildScriptCaches (36ms)
			SetupLoadedEditorAssemblies (558ms)
				LogAssemblyErrors (0ms)
				InitializePlatformSupportModulesInManaged (2ms)
				SetLoadedEditorAssemblies (0ms)
				RefreshPlugins (1ms)
				BeforeProcessingInitializeOnLoad (43ms)
				ProcessInitializeOnLoadAttributes (499ms)
				ProcessInitializeOnLoadMethodAttributes (11ms)
				AfterProcessingInitializeOnLoad (1ms)
				EditorAssembliesLoaded (0ms)
			ExecutionOrderSort2 (0ms)
			AwakeInstancesAfterBackupRestoration (2ms)
Platform modules already initialized, skipping
Refreshing native plugins compatible for Editor in 0.50 ms, found 2 plugins.
Preloading 0 native plugins for Editor in 0.00 ms.
Unloading 3510 Unused Serialized files (Serialized files now loaded: 0)
Unloading 34 unused Assets / (22.0 KB). Loaded Objects now: 4032.
Memory consumption went from 212.2 MB to 212.2 MB.
Total: 2.304125 ms (FindLiveObjects: 0.157625 ms CreateObjectMapping: 0.045417 ms MarkObjects: 2.074042 ms  DeleteObjects: 0.026209 ms)

AssetImportParameters requested are different than current active one (requested -> active):
  custom:video-decoder-ogg-theora: a1e56fd34408186e4bbccfd4996cb3dc -> 
  custom:container-muxer-webm: aa71ff27fc2769a1b78a27578f13a17b -> 
  custom:container-demuxer-webm: 4f35f7cbe854078d1ac9338744f61a02 -> 
  custom:video-encoder-webm-vp8: eb34c28f22e8b96e1ab97ce403110664 -> 
  custom:framework-osx-AVFoundation: e770b220cccbd017edd2c1fefb359320 -> 
  custom:CustomObjectIndexerAttribute: bc11b3a6c3213fcdd17b65e7da85e133 -> 
  custom:audio-encoder-webm-vorbis: bf7c407c2cedff20999df2af8eb42d56 -> 
  custom:SearchIndexIgnoredProperties: e643bd26f0fe6173181afceb89e7c659 -> 
  custom:container-demuxer-ogg: 62fdf1f143b41e24485cea50d1cbac27 -> 
  custom:video-decoder-webm-vp8: 9c59270c3fd7afecdb556c50c9e8de78 -> 
  custom:audio-decoder-ogg-vorbis: bf7c407c2cedff20999df2af8eb42d56 -> 
========================================================================
Received Prepare
Registering precompiled user dll's ...
Registered in 0.002868 seconds.
Begin MonoManager ReloadAssembly
Thread 0x16db83000 may have been prematurely finalized
Symbol file data-0x118b70000 doesn't match image /Users/manaralsatrawi/GameDev/Blackwoods-Curse/BlackwoodsCurse/Library/ScriptAssemblies/Unity.VisualScripting.Flow.Editor.dll
Symbol file LoadedFromMemory is not a mono symbol file
Symbol file data-0x3224ef000 doesn't match image /Users/manaralsatrawi/GameDev/Blackwoods-Curse/BlackwoodsCurse/Library/ScriptAssemblies/Unity.VSCode.Editor.dll
Symbol file LoadedFromMemory is not a mono symbol file
Symbol file data-0x1166e3c00 doesn't match image /Users/manaralsatrawi/GameDev/Blackwoods-Curse/BlackwoodsCurse/Library/ScriptAssemblies/Unity.VisualScripting.Shared.Editor.dll
Symbol file LoadedFromMemory is not a mono symbol file
Symbol file data-0x310440000 doesn't match image /Users/manaralsatrawi/GameDev/Blackwoods-Curse/BlackwoodsCurse/Library/ScriptAssemblies/Unity.TextMeshPro.Editor.dll
Symbol file LoadedFromMemory is not a mono symbol file
Symbol file data-0x310478000 doesn't match image /Users/manaralsatrawi/GameDev/Blackwoods-Curse/BlackwoodsCurse/Library/ScriptAssemblies/Unity.VisualStudio.Editor.dll
Symbol file LoadedFromMemory is not a mono symbol file
Symbol file data-0x118b70000 doesn't match image /Users/manaralsatrawi/GameDev/Blackwoods-Curse/BlackwoodsCurse/Library/ScriptAssemblies/Unity.Performance.Profile-Analyzer.Editor.dll
Symbol file LoadedFromMemory is not a mono symbol file
Symbol file data-0x116d7b200 doesn't match image /Users/manaralsatrawi/GameDev/Blackwoods-Curse/BlackwoodsCurse/Library/ScriptAssemblies/Unity.TestTools.CodeCoverage.Editor.OpenCover.Model.dll
Symbol file LoadedFromMemory is not a mono symbol file
Symbol file data-0x321e8be00 doesn't match image /Users/manaralsatrawi/GameDev/Blackwoods-Curse/BlackwoodsCurse/Library/ScriptAssemblies/Unity.Settings.Editor.dll
Symbol file LoadedFromMemory is not a mono symbol file
Symbol file data-0x1200b8000 doesn't match image /Users/manaralsatrawi/GameDev/Blackwoods-Curse/BlackwoodsCurse/Library/ScriptAssemblies/Unity.Timeline.Editor.dll
Symbol file LoadedFromMemory is not a mono symbol file
Symbol file data-0x310440000 doesn't match image /Users/manaralsatrawi/GameDev/Blackwoods-Curse/BlackwoodsCurse/Library/ScriptAssemblies/Unity.Timeline.dll
Symbol file LoadedFromMemory is not a mono symbol file
Symbol file data-0x118be0000 doesn't match image /Users/manaralsatrawi/GameDev/Blackwoods-Curse/BlackwoodsCurse/Library/ScriptAssemblies/Unity.VisualScripting.Core.Editor.dll
Symbol file LoadedFromMemory is not a mono symbol file
Symbol file data-0x179320000 doesn't match image /Users/manaralsatrawi/GameDev/Blackwoods-Curse/BlackwoodsCurse/Library/ScriptAssemblies/Unity.TextMeshPro.dll
Symbol file LoadedFromMemory is not a mono symbol file
Symbol file data-0x179350000 doesn't match image /Users/manaralsatrawi/GameDev/Blackwoods-Curse/BlackwoodsCurse/Library/ScriptAssemblies/Unity.VisualScripting.State.Editor.dll
Symbol file LoadedFromMemory is not a mono symbol file
Symbol file data-0x179350000 doesn't match image /Users/manaralsatrawi/GameDev/Blackwoods-Curse/BlackwoodsCurse/Library/ScriptAssemblies/MerryYellow.CodeAssist.Editor.dll
Symbol file LoadedFromMemory is not a mono symbol file
Symbol file data-0x321e8be00 doesn't match image /Users/manaralsatrawi/GameDev/Blackwoods-Curse/BlackwoodsCurse/Library/ScriptAssemblies/Unity.CollabProxy.Editor.dll
Symbol file LoadedFromMemory is not a mono symbol file
Symbol file data-0x321e91800 doesn't match image /Users/manaralsatrawi/GameDev/Blackwoods-Curse/BlackwoodsCurse/Library/ScriptAssemblies/Unity.InputSystem.ForUI.dll
Symbol file LoadedFromMemory is not a mono symbol file
Symbol file data-0x321e95800 doesn't match image /Users/manaralsatrawi/GameDev/Blackwoods-Curse/BlackwoodsCurse/Library/ScriptAssemblies/Unity.VisualScripting.SettingsProvider.Editor.dll
Symbol file LoadedFromMemory is not a mono symbol file
Symbol file data-0x321e91800 doesn't match image /Users/manaralsatrawi/GameDev/Blackwoods-Curse/BlackwoodsCurse/Library/ScriptAssemblies/Unity.TestTools.CodeCoverage.Editor.OpenCover.Mono.Reflection.dll
Symbol file LoadedFromMemory is not a mono symbol file
Symbol file data-0x179400000 doesn't match image /Users/manaralsatrawi/GameDev/Blackwoods-Curse/BlackwoodsCurse/Library/ScriptAssemblies/Unity.VisualScripting.Flow.dll
Symbol file LoadedFromMemory is not a mono symbol file
Symbol file data-0x179430000 doesn't match image /Users/manaralsatrawi/GameDev/Blackwoods-Curse/BlackwoodsCurse/Library/ScriptAssemblies/UnityEditor.UI.dll
Symbol file LoadedFromMemory is not a mono symbol file
Symbol file data-0x1795b0000 doesn't match image /Users/manaralsatrawi/GameDev/Blackwoods-Curse/BlackwoodsCurse/Library/ScriptAssemblies/Unity.InputSystem.dll
Symbol file LoadedFromMemory is not a mono symbol file
Symbol file data-0x179418000 doesn't match image /Users/manaralsatrawi/GameDev/Blackwoods-Curse/BlackwoodsCurse/Library/ScriptAssemblies/Unity.Rider.Editor.dll
Symbol file LoadedFromMemory is not a mono symbol file
Symbol file data-0x179638000 doesn't match image /Users/manaralsatrawi/GameDev/Blackwoods-Curse/BlackwoodsCurse/Library/ScriptAssemblies/Unity.PlasticSCM.Editor.dll
Symbol file LoadedFromMemory is not a mono symbol file
Symbol file data-0x179678000 doesn't match image /Users/manaralsatrawi/GameDev/Blackwoods-Curse/BlackwoodsCurse/Library/ScriptAssemblies/Unity.TestTools.CodeCoverage.Editor.dll
Symbol file LoadedFromMemory is not a mono symbol file
Symbol file data-0x179688000 doesn't match image /Users/manaralsatrawi/GameDev/Blackwoods-Curse/BlackwoodsCurse/Library/ScriptAssemblies/UnityEngine.UI.dll
Symbol file LoadedFromMemory is not a mono symbol file
Symbol file data-0x321e9a800 doesn't match image /Users/manaralsatrawi/GameDev/Blackwoods-Curse/BlackwoodsCurse/Library/ScriptAssemblies/Unity.InputSystem.TestFramework.dll
Symbol file LoadedFromMemory is not a mono symbol file
Symbol file data-0x321ea7000 doesn't match image /Users/manaralsatrawi/GameDev/Blackwoods-Curse/BlackwoodsCurse/Library/ScriptAssemblies/Unity.VisualScripting.State.dll
Symbol file LoadedFromMemory is not a mono symbol file
Symbol file data-0x179738000 doesn't match image /Users/manaralsatrawi/GameDev/Blackwoods-Curse/BlackwoodsCurse/Library/ScriptAssemblies/Unity.VisualScripting.Core.dll
Symbol file LoadedFromMemory is not a mono symbol file
Symbol file data-0x321ea7000 doesn't match image /Users/manaralsatrawi/GameDev/Blackwoods-Curse/BlackwoodsCurse/Library/ScriptAssemblies/Unity.EditorCoroutines.Editor.dll
Symbol file LoadedFromMemory is not a mono symbol file
Native extension for OSXStandalone target not found
Refreshing native plugins compatible for Editor in 0.57 ms, found 2 plugins.
Preloading 0 native plugins for Editor in 0.00 ms.
[Package Manager] Server::EnsureServerProcessIsRunning -- launch failed, reason: Unity was launched with the -noUpm command-line argument
[Package Manager] Cannot connect to Unity Package Manager local server
Mono: successfully reloaded assembly
- Completed reload, in  1.173 seconds
Domain Reload Profiling:
	ReloadAssembly (1174ms)
		BeginReloadAssembly (180ms)
			ExecutionOrderSort (0ms)
			DisableScriptedObjects (7ms)
			BackupInstance (0ms)
			ReleaseScriptingObjects (0ms)
			CreateAndSetChildDomain (66ms)
		EndReloadAssembly (926ms)
			LoadAssemblies (57ms)
			RebuildTransferFunctionScriptingTraits (0ms)
			SetupTypeCache (250ms)
			ReleaseScriptCaches (1ms)
			RebuildScriptCaches (35ms)
			SetupLoadedEditorAssemblies (560ms)
				LogAssemblyErrors (0ms)
				InitializePlatformSupportModulesInManaged (3ms)
				SetLoadedEditorAssemblies (0ms)
				RefreshPlugins (1ms)
				BeforeProcessingInitializeOnLoad (40ms)
				ProcessInitializeOnLoadAttributes (505ms)
				ProcessInitializeOnLoadMethodAttributes (11ms)
				AfterProcessingInitializeOnLoad (1ms)
				EditorAssembliesLoaded (0ms)
			ExecutionOrderSort2 (0ms)
			AwakeInstancesAfterBackupRestoration (3ms)
Platform modules already initialized, skipping
Refreshing native plugins compatible for Editor in 0.51 ms, found 2 plugins.
Preloading 0 native plugins for Editor in 0.00 ms.
Unloading 3510 Unused Serialized files (Serialized files now loaded: 0)
Unloading 34 unused Assets / (23.0 KB). Loaded Objects now: 4035.
Memory consumption went from 212.2 MB to 212.2 MB.
Total: 2.181542 ms (FindLiveObjects: 0.136000 ms CreateObjectMapping: 0.048958 ms MarkObjects: 1.968125 ms  DeleteObjects: 0.027917 ms)

AssetImportParameters requested are different than current active one (requested -> active):
  custom:video-decoder-ogg-theora: a1e56fd34408186e4bbccfd4996cb3dc -> 
  custom:container-muxer-webm: aa71ff27fc2769a1b78a27578f13a17b -> 
  custom:container-demuxer-webm: 4f35f7cbe854078d1ac9338744f61a02 -> 
  custom:video-encoder-webm-vp8: eb34c28f22e8b96e1ab97ce403110664 -> 
  custom:framework-osx-AVFoundation: e770b220cccbd017edd2c1fefb359320 -> 
  custom:CustomObjectIndexerAttribute: bc11b3a6c3213fcdd17b65e7da85e133 -> 
  custom:audio-encoder-webm-vorbis: bf7c407c2cedff20999df2af8eb42d56 -> 
  custom:SearchIndexIgnoredProperties: e643bd26f0fe6173181afceb89e7c659 -> 
  custom:container-demuxer-ogg: 62fdf1f143b41e24485cea50d1cbac27 -> 
  custom:video-decoder-webm-vp8: 9c59270c3fd7afecdb556c50c9e8de78 -> 
  custom:audio-decoder-ogg-vorbis: bf7c407c2cedff20999df2af8eb42d56 -> 
========================================================================
Received Prepare
Registering precompiled user dll's ...
Registered in 0.003054 seconds.
Begin MonoManager ReloadAssembly
Thread 0x16db83000 may have been prematurely finalized
Symbol file data-0x3111b0000 doesn't match image /Users/manaralsatrawi/GameDev/Blackwoods-Curse/BlackwoodsCurse/Library/ScriptAssemblies/Unity.VisualScripting.Flow.Editor.dll
Symbol file LoadedFromMemory is not a mono symbol file
Symbol file data-0x116e73800 doesn't match image /Users/manaralsatrawi/GameDev/Blackwoods-Curse/BlackwoodsCurse/Library/ScriptAssemblies/Unity.VSCode.Editor.dll
Symbol file LoadedFromMemory is not a mono symbol file
Symbol file data-0x116e7ce00 doesn't match image /Users/manaralsatrawi/GameDev/Blackwoods-Curse/BlackwoodsCurse/Library/ScriptAssemblies/Unity.VisualScripting.Shared.Editor.dll
Symbol file LoadedFromMemory is not a mono symbol file
Symbol file data-0x311208000 doesn't match image /Users/manaralsatrawi/GameDev/Blackwoods-Curse/BlackwoodsCurse/Library/ScriptAssemblies/Unity.TextMeshPro.Editor.dll
Symbol file LoadedFromMemory is not a mono symbol file
Symbol file data-0x311220000 doesn't match image /Users/manaralsatrawi/GameDev/Blackwoods-Curse/BlackwoodsCurse/Library/ScriptAssemblies/Unity.VisualStudio.Editor.dll
Symbol file LoadedFromMemory is not a mono symbol file
Symbol file data-0x311270000 doesn't match image /Users/manaralsatrawi/GameDev/Blackwoods-Curse/BlackwoodsCurse/Library/ScriptAssemblies/Unity.Performance.Profile-Analyzer.Editor.dll
Symbol file LoadedFromMemory is not a mono symbol file
Symbol file data-0x116e82a00 doesn't match image /Users/manaralsatrawi/GameDev/Blackwoods-Curse/BlackwoodsCurse/Library/ScriptAssemblies/Unity.TestTools.CodeCoverage.Editor.OpenCover.Model.dll
Symbol file LoadedFromMemory is not a mono symbol file
Symbol file data-0x116e88a00 doesn't match image /Users/manaralsatrawi/GameDev/Blackwoods-Curse/BlackwoodsCurse/Library/ScriptAssemblies/Unity.Settings.Editor.dll
Symbol file LoadedFromMemory is not a mono symbol file
Symbol file data-0x311338000 doesn't match image /Users/manaralsatrawi/GameDev/Blackwoods-Curse/BlackwoodsCurse/Library/ScriptAssemblies/Unity.Timeline.Editor.dll
Symbol file LoadedFromMemory is not a mono symbol file
Symbol file data-0x3113a8000 doesn't match image /Users/manaralsatrawi/GameDev/Blackwoods-Curse/BlackwoodsCurse/Library/ScriptAssemblies/Unity.Timeline.dll
Symbol file LoadedFromMemory is not a mono symbol file
Symbol file data-0x3114c0000 doesn't match image /Users/manaralsatrawi/GameDev/Blackwoods-Curse/BlackwoodsCurse/Library/ScriptAssemblies/Unity.VisualScripting.Core.Editor.dll
Symbol file LoadedFromMemory is not a mono symbol file
Symbol file data-0x311338000 doesn't match image /Users/manaralsatrawi/GameDev/Blackwoods-Curse/BlackwoodsCurse/Library/ScriptAssemblies/Unity.TextMeshPro.dll
Symbol file LoadedFromMemory is not a mono symbol file
Symbol file data-0x3113a8000 doesn't match image /Users/manaralsatrawi/GameDev/Blackwoods-Curse/BlackwoodsCurse/Library/ScriptAssemblies/Unity.VisualScripting.State.Editor.dll
Symbol file LoadedFromMemory is not a mono symbol file
Symbol file data-0x3113a8000 doesn't match image /Users/manaralsatrawi/GameDev/Blackwoods-Curse/BlackwoodsCurse/Library/ScriptAssemblies/MerryYellow.CodeAssist.Editor.dll
Symbol file LoadedFromMemory is not a mono symbol file
Symbol file data-0x116e82a00 doesn't match image /Users/manaralsatrawi/GameDev/Blackwoods-Curse/BlackwoodsCurse/Library/ScriptAssemblies/Unity.CollabProxy.Editor.dll
Symbol file LoadedFromMemory is not a mono symbol file
Symbol file data-0x116e86e00 doesn't match image /Users/manaralsatrawi/GameDev/Blackwoods-Curse/BlackwoodsCurse/Library/ScriptAssemblies/Unity.InputSystem.ForUI.dll
Symbol file LoadedFromMemory is not a mono symbol file
Symbol file data-0x116e8a600 doesn't match image /Users/manaralsatrawi/GameDev/Blackwoods-Curse/BlackwoodsCurse/Library/ScriptAssemblies/Unity.VisualScripting.SettingsProvider.Editor.dll
Symbol file LoadedFromMemory is not a mono symbol file
Symbol file data-0x116e8a600 doesn't match image /Users/manaralsatrawi/GameDev/Blackwoods-Curse/BlackwoodsCurse/Library/ScriptAssemblies/Unity.TestTools.CodeCoverage.Editor.OpenCover.Mono.Reflection.dll
Symbol file LoadedFromMemory is not a mono symbol file
Symbol file data-0x3115d0000 doesn't match image /Users/manaralsatrawi/GameDev/Blackwoods-Curse/BlackwoodsCurse/Library/ScriptAssemblies/Unity.VisualScripting.Flow.dll
Symbol file LoadedFromMemory is not a mono symbol file
Symbol file data-0x311508000 doesn't match image /Users/manaralsatrawi/GameDev/Blackwoods-Curse/BlackwoodsCurse/Library/ScriptAssemblies/UnityEditor.UI.dll
Symbol file LoadedFromMemory is not a mono symbol file
Symbol file data-0x311740000 doesn't match image /Users/manaralsatrawi/GameDev/Blackwoods-Curse/BlackwoodsCurse/Library/ScriptAssemblies/Unity.InputSystem.dll
Symbol file LoadedFromMemory is not a mono symbol file
Symbol file data-0x311508000 doesn't match image /Users/manaralsatrawi/GameDev/Blackwoods-Curse/BlackwoodsCurse/Library/ScriptAssemblies/Unity.Rider.Editor.dll
Symbol file LoadedFromMemory is not a mono symbol file
Symbol file data-0x311740000 doesn't match image /Users/manaralsatrawi/GameDev/Blackwoods-Curse/BlackwoodsCurse/Library/ScriptAssemblies/Unity.PlasticSCM.Editor.dll
Symbol file LoadedFromMemory is not a mono symbol file
Symbol file data-0x311508000 doesn't match image /Users/manaralsatrawi/GameDev/Blackwoods-Curse/BlackwoodsCurse/Library/ScriptAssemblies/Unity.TestTools.CodeCoverage.Editor.dll
Symbol file LoadedFromMemory is not a mono symbol file
Symbol file data-0x311860000 doesn't match image /Users/manaralsatrawi/GameDev/Blackwoods-Curse/BlackwoodsCurse/Library/ScriptAssemblies/UnityEngine.UI.dll
Symbol file LoadedFromMemory is not a mono symbol file
Symbol file data-0x116e8ce00 doesn't match image /Users/manaralsatrawi/GameDev/Blackwoods-Curse/BlackwoodsCurse/Library/ScriptAssemblies/Unity.InputSystem.TestFramework.dll
Symbol file LoadedFromMemory is not a mono symbol file
Symbol file data-0x116e99e00 doesn't match image /Users/manaralsatrawi/GameDev/Blackwoods-Curse/BlackwoodsCurse/Library/ScriptAssemblies/Unity.VisualScripting.State.dll
Symbol file LoadedFromMemory is not a mono symbol file
Symbol file data-0x311910000 doesn't match image /Users/manaralsatrawi/GameDev/Blackwoods-Curse/BlackwoodsCurse/Library/ScriptAssemblies/Unity.VisualScripting.Core.dll
Symbol file LoadedFromMemory is not a mono symbol file
Symbol file data-0x116e99e00 doesn't match image /Users/manaralsatrawi/GameDev/Blackwoods-Curse/BlackwoodsCurse/Library/ScriptAssemblies/Unity.EditorCoroutines.Editor.dll
Symbol file LoadedFromMemory is not a mono symbol file
Native extension for OSXStandalone target not found
Refreshing native plugins compatible for Editor in 0.49 ms, found 2 plugins.
Preloading 0 native plugins for Editor in 0.00 ms.
[Package Manager] Server::EnsureServerProcessIsRunning -- launch failed, reason: Unity was launched with the -noUpm command-line argument
[Package Manager] Cannot connect to Unity Package Manager local server
Mono: successfully reloaded assembly
- Completed reload, in  1.085 seconds
Domain Reload Profiling:
	ReloadAssembly (1086ms)
		BeginReloadAssembly (92ms)
			ExecutionOrderSort (0ms)
			DisableScriptedObjects (3ms)
			BackupInstance (0ms)
			ReleaseScriptingObjects (0ms)
			CreateAndSetChildDomain (33ms)
		EndReloadAssembly (928ms)
			LoadAssemblies (43ms)
			RebuildTransferFunctionScriptingTraits (0ms)
			SetupTypeCache (248ms)
			ReleaseScriptCaches (1ms)
			RebuildScriptCaches (38ms)
			SetupLoadedEditorAssemblies (567ms)
				LogAssemblyErrors (0ms)
				InitializePlatformSupportModulesInManaged (2ms)
				SetLoadedEditorAssemblies (0ms)
				RefreshPlugins (1ms)
				BeforeProcessingInitializeOnLoad (41ms)
				ProcessInitializeOnLoadAttributes (512ms)
				ProcessInitializeOnLoadMethodAttributes (10ms)
				AfterProcessingInitializeOnLoad (1ms)
				EditorAssembliesLoaded (0ms)
			ExecutionOrderSort2 (0ms)
			AwakeInstancesAfterBackupRestoration (2ms)
Platform modules already initialized, skipping
Refreshing native plugins compatible for Editor in 0.46 ms, found 2 plugins.
Preloading 0 native plugins for Editor in 0.00 ms.
Unloading 3510 Unused Serialized files (Serialized files now loaded: 0)
Unloading 34 unused Assets / (22.0 KB). Loaded Objects now: 4038.
Memory consumption went from 212.2 MB to 212.2 MB.
Total: 2.050667 ms (FindLiveObjects: 0.122542 ms CreateObjectMapping: 0.041500 ms MarkObjects: 1.872375 ms  DeleteObjects: 0.013375 ms)

AssetImportParameters requested are different than current active one (requested -> active):
  custom:video-decoder-ogg-theora: a1e56fd34408186e4bbccfd4996cb3dc -> 
  custom:container-muxer-webm: aa71ff27fc2769a1b78a27578f13a17b -> 
  custom:container-demuxer-webm: 4f35f7cbe854078d1ac9338744f61a02 -> 
  custom:video-encoder-webm-vp8: eb34c28f22e8b96e1ab97ce403110664 -> 
  custom:framework-osx-AVFoundation: e770b220cccbd017edd2c1fefb359320 -> 
  custom:CustomObjectIndexerAttribute: bc11b3a6c3213fcdd17b65e7da85e133 -> 
  custom:audio-encoder-webm-vorbis: bf7c407c2cedff20999df2af8eb42d56 -> 
  custom:SearchIndexIgnoredProperties: e643bd26f0fe6173181afceb89e7c659 -> 
  custom:container-demuxer-ogg: 62fdf1f143b41e24485cea50d1cbac27 -> 
  custom:video-decoder-webm-vp8: 9c59270c3fd7afecdb556c50c9e8de78 -> 
  custom:audio-decoder-ogg-vorbis: bf7c407c2cedff20999df2af8eb42d56 -> 
========================================================================
Received Prepare
Registering precompiled user dll's ...
Registered in 0.002637 seconds.
Begin MonoManager ReloadAssembly
Thread 0x16db83000 may have been prematurely finalized
Symbol file data-0x179708000 doesn't match image /Users/manaralsatrawi/GameDev/Blackwoods-Curse/BlackwoodsCurse/Library/ScriptAssemblies/Unity.VisualScripting.Flow.Editor.dll
Symbol file LoadedFromMemory is not a mono symbol file
Symbol file data-0x3226ed200 doesn't match image /Users/manaralsatrawi/GameDev/Blackwoods-Curse/BlackwoodsCurse/Library/ScriptAssemblies/Unity.VSCode.Editor.dll
Symbol file LoadedFromMemory is not a mono symbol file
Symbol file data-0x12f4fee00 doesn't match image /Users/manaralsatrawi/GameDev/Blackwoods-Curse/BlackwoodsCurse/Library/ScriptAssemblies/Unity.VisualScripting.Shared.Editor.dll
Symbol file LoadedFromMemory is not a mono symbol file
Symbol file data-0x120098000 doesn't match image /Users/manaralsatrawi/GameDev/Blackwoods-Curse/BlackwoodsCurse/Library/ScriptAssemblies/Unity.TextMeshPro.Editor.dll
Symbol file LoadedFromMemory is not a mono symbol file
Symbol file data-0x118390000 doesn't match image /Users/manaralsatrawi/GameDev/Blackwoods-Curse/BlackwoodsCurse/Library/ScriptAssemblies/Unity.VisualStudio.Editor.dll
Symbol file LoadedFromMemory is not a mono symbol file
Symbol file data-0x310080000 doesn't match image /Users/manaralsatrawi/GameDev/Blackwoods-Curse/BlackwoodsCurse/Library/ScriptAssemblies/Unity.Performance.Profile-Analyzer.Editor.dll
Symbol file LoadedFromMemory is not a mono symbol file
Symbol file data-0x12f4dc600 doesn't match image /Users/manaralsatrawi/GameDev/Blackwoods-Curse/BlackwoodsCurse/Library/ScriptAssemblies/Unity.TestTools.CodeCoverage.Editor.OpenCover.Model.dll
Symbol file LoadedFromMemory is not a mono symbol file
Symbol file data-0x12f1cc600 doesn't match image /Users/manaralsatrawi/GameDev/Blackwoods-Curse/BlackwoodsCurse/Library/ScriptAssemblies/Unity.Settings.Editor.dll
Symbol file LoadedFromMemory is not a mono symbol file
Symbol file data-0x3100c0000 doesn't match image /Users/manaralsatrawi/GameDev/Blackwoods-Curse/BlackwoodsCurse/Library/ScriptAssemblies/Unity.Timeline.Editor.dll
Symbol file LoadedFromMemory is not a mono symbol file
Symbol file data-0x120098000 doesn't match image /Users/manaralsatrawi/GameDev/Blackwoods-Curse/BlackwoodsCurse/Library/ScriptAssemblies/Unity.Timeline.dll
Symbol file LoadedFromMemory is not a mono symbol file
Symbol file data-0x310428000 doesn't match image /Users/manaralsatrawi/GameDev/Blackwoods-Curse/BlackwoodsCurse/Library/ScriptAssemblies/Unity.VisualScripting.Core.Editor.dll
Symbol file LoadedFromMemory is not a mono symbol file
Symbol file data-0x118488000 doesn't match image /Users/manaralsatrawi/GameDev/Blackwoods-Curse/BlackwoodsCurse/Library/ScriptAssemblies/Unity.TextMeshPro.dll
Symbol file LoadedFromMemory is not a mono symbol file
Symbol file data-0x120058000 doesn't match image /Users/manaralsatrawi/GameDev/Blackwoods-Curse/BlackwoodsCurse/Library/ScriptAssemblies/Unity.VisualScripting.State.Editor.dll
Symbol file LoadedFromMemory is not a mono symbol file
Symbol file data-0x3100e0000 doesn't match image /Users/manaralsatrawi/GameDev/Blackwoods-Curse/BlackwoodsCurse/Library/ScriptAssemblies/MerryYellow.CodeAssist.Editor.dll
Symbol file LoadedFromMemory is not a mono symbol file
Symbol file data-0x30d448600 doesn't match image /Users/manaralsatrawi/GameDev/Blackwoods-Curse/BlackwoodsCurse/Library/ScriptAssemblies/Unity.CollabProxy.Editor.dll
Symbol file LoadedFromMemory is not a mono symbol file
Symbol file data-0x12f781600 doesn't match image /Users/manaralsatrawi/GameDev/Blackwoods-Curse/BlackwoodsCurse/Library/ScriptAssemblies/Unity.InputSystem.ForUI.dll
Symbol file LoadedFromMemory is not a mono symbol file
Symbol file data-0x12f4dc600 doesn't match image /Users/manaralsatrawi/GameDev/Blackwoods-Curse/BlackwoodsCurse/Library/ScriptAssemblies/Unity.VisualScripting.SettingsProvider.Editor.dll
Symbol file LoadedFromMemory is not a mono symbol file
Symbol file data-0x12f4dc600 doesn't match image /Users/manaralsatrawi/GameDev/Blackwoods-Curse/BlackwoodsCurse/Library/ScriptAssemblies/Unity.TestTools.CodeCoverage.Editor.OpenCover.Mono.Reflection.dll
Symbol file LoadedFromMemory is not a mono symbol file
Symbol file data-0x310480000 doesn't match image /Users/manaralsatrawi/GameDev/Blackwoods-Curse/BlackwoodsCurse/Library/ScriptAssemblies/Unity.VisualScripting.Flow.dll
Symbol file LoadedFromMemory is not a mono symbol file
Symbol file data-0x3100e0000 doesn't match image /Users/manaralsatrawi/GameDev/Blackwoods-Curse/BlackwoodsCurse/Library/ScriptAssemblies/UnityEditor.UI.dll
Symbol file LoadedFromMemory is not a mono symbol file
Symbol file data-0x179e80000 doesn't match image /Users/manaralsatrawi/GameDev/Blackwoods-Curse/BlackwoodsCurse/Library/ScriptAssemblies/Unity.InputSystem.dll
Symbol file LoadedFromMemory is not a mono symbol file
Symbol file data-0x3100e0000 doesn't match image /Users/manaralsatrawi/GameDev/Blackwoods-Curse/BlackwoodsCurse/Library/ScriptAssemblies/Unity.Rider.Editor.dll
Symbol file LoadedFromMemory is not a mono symbol file
Symbol file data-0x1201c0000 doesn't match image /Users/manaralsatrawi/GameDev/Blackwoods-Curse/BlackwoodsCurse/Library/ScriptAssemblies/Unity.PlasticSCM.Editor.dll
Symbol file LoadedFromMemory is not a mono symbol file
Symbol file data-0x120040000 doesn't match image /Users/manaralsatrawi/GameDev/Blackwoods-Curse/BlackwoodsCurse/Library/ScriptAssemblies/Unity.TestTools.CodeCoverage.Editor.dll
Symbol file LoadedFromMemory is not a mono symbol file
Symbol file data-0x1201c0000 doesn't match image /Users/manaralsatrawi/GameDev/Blackwoods-Curse/BlackwoodsCurse/Library/ScriptAssemblies/UnityEngine.UI.dll
Symbol file LoadedFromMemory is not a mono symbol file
Symbol file data-0x138741c00 doesn't match image /Users/manaralsatrawi/GameDev/Blackwoods-Curse/BlackwoodsCurse/Library/ScriptAssemblies/Unity.InputSystem.TestFramework.dll
Symbol file LoadedFromMemory is not a mono symbol file
Symbol file data-0x12f7e6200 doesn't match image /Users/manaralsatrawi/GameDev/Blackwoods-Curse/BlackwoodsCurse/Library/ScriptAssemblies/Unity.VisualScripting.State.dll
Symbol file LoadedFromMemory is not a mono symbol file
Symbol file data-0x310590000 doesn't match image /Users/manaralsatrawi/GameDev/Blackwoods-Curse/BlackwoodsCurse/Library/ScriptAssemblies/Unity.VisualScripting.Core.dll
Symbol file LoadedFromMemory is not a mono symbol file
Symbol file data-0x30d448600 doesn't match image /Users/manaralsatrawi/GameDev/Blackwoods-Curse/BlackwoodsCurse/Library/ScriptAssemblies/Unity.EditorCoroutines.Editor.dll
Symbol file LoadedFromMemory is not a mono symbol file
Native extension for OSXStandalone target not found
Refreshing native plugins compatible for Editor in 0.46 ms, found 2 plugins.
Preloading 0 native plugins for Editor in 0.00 ms.
[Package Manager] Server::EnsureServerProcessIsRunning -- launch failed, reason: Unity was launched with the -noUpm command-line argument
[Package Manager] Cannot connect to Unity Package Manager local server
Mono: successfully reloaded assembly
- Completed reload, in  1.200 seconds
Domain Reload Profiling:
	ReloadAssembly (1200ms)
		BeginReloadAssembly (187ms)
			ExecutionOrderSort (0ms)
			DisableScriptedObjects (4ms)
			BackupInstance (0ms)
			ReleaseScriptingObjects (0ms)
			CreateAndSetChildDomain (102ms)
		EndReloadAssembly (943ms)
			LoadAssemblies (53ms)
			RebuildTransferFunctionScriptingTraits (0ms)
			SetupTypeCache (269ms)
			ReleaseScriptCaches (1ms)
			RebuildScriptCaches (35ms)
			SetupLoadedEditorAssemblies (559ms)
				LogAssemblyErrors (0ms)
				InitializePlatformSupportModulesInManaged (2ms)
				SetLoadedEditorAssemblies (0ms)
				RefreshPlugins (0ms)
				BeforeProcessingInitializeOnLoad (42ms)
				ProcessInitializeOnLoadAttributes (502ms)
				ProcessInitializeOnLoadMethodAttributes (11ms)
				AfterProcessingInitializeOnLoad (1ms)
				EditorAssembliesLoaded (0ms)
			ExecutionOrderSort2 (0ms)
			AwakeInstancesAfterBackupRestoration (2ms)
Platform modules already initialized, skipping
Refreshing native plugins compatible for Editor in 0.49 ms, found 2 plugins.
Preloading 0 native plugins for Editor in 0.00 ms.
Unloading 3510 Unused Serialized files (Serialized files now loaded: 0)
Unloading 34 unused Assets / (22.0 KB). Loaded Objects now: 4041.
Memory consumption went from 212.2 MB to 212.2 MB.
Total: 2.342333 ms (FindLiveObjects: 0.145000 ms CreateObjectMapping: 0.043584 ms MarkObjects: 2.125208 ms  DeleteObjects: 0.028041 ms)

AssetImportParameters requested are different than current active one (requested -> active):
  custom:video-decoder-ogg-theora: a1e56fd34408186e4bbccfd4996cb3dc -> 
  custom:container-muxer-webm: aa71ff27fc2769a1b78a27578f13a17b -> 
  custom:container-demuxer-webm: 4f35f7cbe854078d1ac9338744f61a02 -> 
  custom:video-encoder-webm-vp8: eb34c28f22e8b96e1ab97ce403110664 -> 
  custom:framework-osx-AVFoundation: e770b220cccbd017edd2c1fefb359320 -> 
  custom:CustomObjectIndexerAttribute: bc11b3a6c3213fcdd17b65e7da85e133 -> 
  custom:audio-encoder-webm-vorbis: bf7c407c2cedff20999df2af8eb42d56 -> 
  custom:SearchIndexIgnoredProperties: e643bd26f0fe6173181afceb89e7c659 -> 
  custom:container-demuxer-ogg: 62fdf1f143b41e24485cea50d1cbac27 -> 
  custom:video-decoder-webm-vp8: 9c59270c3fd7afecdb556c50c9e8de78 -> 
  custom:audio-decoder-ogg-vorbis: bf7c407c2cedff20999df2af8eb42d56 -> 
========================================================================
Received Prepare
Registering precompiled user dll's ...
Registered in 0.002885 seconds.
Begin MonoManager ReloadAssembly
Thread 0x16db83000 may have been prematurely finalized
Symbol file data-0x1786e8000 doesn't match image /Users/manaralsatrawi/GameDev/Blackwoods-Curse/BlackwoodsCurse/Library/ScriptAssemblies/Unity.VisualScripting.Flow.Editor.dll
Symbol file LoadedFromMemory is not a mono symbol file
Symbol file data-0x3091eaa00 doesn't match image /Users/manaralsatrawi/GameDev/Blackwoods-Curse/BlackwoodsCurse/Library/ScriptAssemblies/Unity.VSCode.Editor.dll
Symbol file LoadedFromMemory is not a mono symbol file
Symbol file data-0x3091f1000 doesn't match image /Users/manaralsatrawi/GameDev/Blackwoods-Curse/BlackwoodsCurse/Library/ScriptAssemblies/Unity.VisualScripting.Shared.Editor.dll
Symbol file LoadedFromMemory is not a mono symbol file
Symbol file data-0x178750000 doesn't match image /Users/manaralsatrawi/GameDev/Blackwoods-Curse/BlackwoodsCurse/Library/ScriptAssemblies/Unity.TextMeshPro.Editor.dll
Symbol file LoadedFromMemory is not a mono symbol file
Symbol file data-0x178768000 doesn't match image /Users/manaralsatrawi/GameDev/Blackwoods-Curse/BlackwoodsCurse/Library/ScriptAssemblies/Unity.VisualStudio.Editor.dll
Symbol file LoadedFromMemory is not a mono symbol file
Symbol file data-0x1787b8000 doesn't match image /Users/manaralsatrawi/GameDev/Blackwoods-Curse/BlackwoodsCurse/Library/ScriptAssemblies/Unity.Performance.Profile-Analyzer.Editor.dll
Symbol file LoadedFromMemory is not a mono symbol file
Symbol file data-0x3091f0600 doesn't match image /Users/manaralsatrawi/GameDev/Blackwoods-Curse/BlackwoodsCurse/Library/ScriptAssemblies/Unity.TestTools.CodeCoverage.Editor.OpenCover.Model.dll
Symbol file LoadedFromMemory is not a mono symbol file
Symbol file data-0x3097a9400 doesn't match image /Users/manaralsatrawi/GameDev/Blackwoods-Curse/BlackwoodsCurse/Library/ScriptAssemblies/Unity.Settings.Editor.dll
Symbol file LoadedFromMemory is not a mono symbol file
Symbol file data-0x17a178000 doesn't match image /Users/manaralsatrawi/GameDev/Blackwoods-Curse/BlackwoodsCurse/Library/ScriptAssemblies/Unity.Timeline.Editor.dll
Symbol file LoadedFromMemory is not a mono symbol file
Symbol file data-0x17a1c0000 doesn't match image /Users/manaralsatrawi/GameDev/Blackwoods-Curse/BlackwoodsCurse/Library/ScriptAssemblies/Unity.Timeline.dll
Symbol file LoadedFromMemory is not a mono symbol file
Symbol file data-0x17a2d8000 doesn't match image /Users/manaralsatrawi/GameDev/Blackwoods-Curse/BlackwoodsCurse/Library/ScriptAssemblies/Unity.VisualScripting.Core.Editor.dll
Symbol file LoadedFromMemory is not a mono symbol file
Symbol file data-0x17a330000 doesn't match image /Users/manaralsatrawi/GameDev/Blackwoods-Curse/BlackwoodsCurse/Library/ScriptAssemblies/Unity.TextMeshPro.dll
Symbol file LoadedFromMemory is not a mono symbol file
Symbol file data-0x17a2f0000 doesn't match image /Users/manaralsatrawi/GameDev/Blackwoods-Curse/BlackwoodsCurse/Library/ScriptAssemblies/Unity.VisualScripting.State.Editor.dll
Symbol file LoadedFromMemory is not a mono symbol file
Symbol file data-0x17a2f0000 doesn't match image /Users/manaralsatrawi/GameDev/Blackwoods-Curse/BlackwoodsCurse/Library/ScriptAssemblies/MerryYellow.CodeAssist.Editor.dll
Symbol file LoadedFromMemory is not a mono symbol file
Symbol file data-0x3097a9400 doesn't match image /Users/manaralsatrawi/GameDev/Blackwoods-Curse/BlackwoodsCurse/Library/ScriptAssemblies/Unity.CollabProxy.Editor.dll
Symbol file LoadedFromMemory is not a mono symbol file
Symbol file data-0x3090d0400 doesn't match image /Users/manaralsatrawi/GameDev/Blackwoods-Curse/BlackwoodsCurse/Library/ScriptAssemblies/Unity.InputSystem.ForUI.dll
Symbol file LoadedFromMemory is not a mono symbol file
Symbol file data-0x3097a9400 doesn't match image /Users/manaralsatrawi/GameDev/Blackwoods-Curse/BlackwoodsCurse/Library/ScriptAssemblies/Unity.VisualScripting.SettingsProvider.Editor.dll
Symbol file LoadedFromMemory is not a mono symbol file
Symbol file data-0x3097a9400 doesn't match image /Users/manaralsatrawi/GameDev/Blackwoods-Curse/BlackwoodsCurse/Library/ScriptAssemblies/Unity.TestTools.CodeCoverage.Editor.OpenCover.Mono.Reflection.dll
Symbol file LoadedFromMemory is not a mono symbol file
Symbol file data-0x17a3c0000 doesn't match image /Users/manaralsatrawi/GameDev/Blackwoods-Curse/BlackwoodsCurse/Library/ScriptAssemblies/Unity.VisualScripting.Flow.dll
Symbol file LoadedFromMemory is not a mono symbol file
Symbol file data-0x17a2f0000 doesn't match image /Users/manaralsatrawi/GameDev/Blackwoods-Curse/BlackwoodsCurse/Library/ScriptAssemblies/UnityEditor.UI.dll
Symbol file LoadedFromMemory is not a mono symbol file
Symbol file data-0x17a578000 doesn't match image /Users/manaralsatrawi/GameDev/Blackwoods-Curse/BlackwoodsCurse/Library/ScriptAssemblies/Unity.InputSystem.dll
Symbol file LoadedFromMemory is not a mono symbol file
Symbol file data-0x17a2f0000 doesn't match image /Users/manaralsatrawi/GameDev/Blackwoods-Curse/BlackwoodsCurse/Library/ScriptAssemblies/Unity.Rider.Editor.dll
Symbol file LoadedFromMemory is not a mono symbol file
Symbol file data-0x17a600000 doesn't match image /Users/manaralsatrawi/GameDev/Blackwoods-Curse/BlackwoodsCurse/Library/ScriptAssemblies/Unity.PlasticSCM.Editor.dll
Symbol file LoadedFromMemory is not a mono symbol file
Symbol file data-0x17a2f0000 doesn't match image /Users/manaralsatrawi/GameDev/Blackwoods-Curse/BlackwoodsCurse/Library/ScriptAssemblies/Unity.TestTools.CodeCoverage.Editor.dll
Symbol file LoadedFromMemory is not a mono symbol file
Symbol file data-0x17a660000 doesn't match image /Users/manaralsatrawi/GameDev/Blackwoods-Curse/BlackwoodsCurse/Library/ScriptAssemblies/UnityEngine.UI.dll
Symbol file LoadedFromMemory is not a mono symbol file
Symbol file data-0x3097a9400 doesn't match image /Users/manaralsatrawi/GameDev/Blackwoods-Curse/BlackwoodsCurse/Library/ScriptAssemblies/Unity.InputSystem.TestFramework.dll
Symbol file LoadedFromMemory is not a mono symbol file
Symbol file data-0x3097b5c00 doesn't match image /Users/manaralsatrawi/GameDev/Blackwoods-Curse/BlackwoodsCurse/Library/ScriptAssemblies/Unity.VisualScripting.State.dll
Symbol file LoadedFromMemory is not a mono symbol file
Symbol file data-0x17a710000 doesn't match image /Users/manaralsatrawi/GameDev/Blackwoods-Curse/BlackwoodsCurse/Library/ScriptAssemblies/Unity.VisualScripting.Core.dll
Symbol file LoadedFromMemory is not a mono symbol file
Symbol file data-0x3097a9400 doesn't match image /Users/manaralsatrawi/GameDev/Blackwoods-Curse/BlackwoodsCurse/Library/ScriptAssemblies/Unity.EditorCoroutines.Editor.dll
Symbol file LoadedFromMemory is not a mono symbol file
Native extension for OSXStandalone target not found
Refreshing native plugins compatible for Editor in 0.52 ms, found 2 plugins.
Preloading 0 native plugins for Editor in 0.00 ms.
[Package Manager] Server::EnsureServerProcessIsRunning -- launch failed, reason: Unity was launched with the -noUpm command-line argument
[Package Manager] Cannot connect to Unity Package Manager local server
Mono: successfully reloaded assembly
- Completed reload, in  1.049 seconds
Domain Reload Profiling:
	ReloadAssembly (1050ms)
		BeginReloadAssembly (112ms)
			ExecutionOrderSort (0ms)
			DisableScriptedObjects (10ms)
			BackupInstance (0ms)
			ReleaseScriptingObjects (0ms)
			CreateAndSetChildDomain (41ms)
		EndReloadAssembly (870ms)
			LoadAssemblies (51ms)
			RebuildTransferFunctionScriptingTraits (0ms)
			SetupTypeCache (223ms)
			ReleaseScriptCaches (1ms)
			RebuildScriptCaches (32ms)
			SetupLoadedEditorAssemblies (544ms)
				LogAssemblyErrors (0ms)
				InitializePlatformSupportModulesInManaged (2ms)
				SetLoadedEditorAssemblies (0ms)
				RefreshPlugins (1ms)
				BeforeProcessingInitializeOnLoad (37ms)
				ProcessInitializeOnLoadAttributes (493ms)
				ProcessInitializeOnLoadMethodAttributes (11ms)
				AfterProcessingInitializeOnLoad (1ms)
				EditorAssembliesLoaded (0ms)
			ExecutionOrderSort2 (0ms)
			AwakeInstancesAfterBackupRestoration (2ms)
Platform modules already initialized, skipping
Refreshing native plugins compatible for Editor in 0.52 ms, found 2 plugins.
Preloading 0 native plugins for Editor in 0.00 ms.
Unloading 3510 Unused Serialized files (Serialized files now loaded: 0)
Unloading 34 unused Assets / (23.0 KB). Loaded Objects now: 4044.
Memory consumption went from 212.3 MB to 212.2 MB.
Total: 2.462500 ms (FindLiveObjects: 0.149834 ms CreateObjectMapping: 0.056333 ms MarkObjects: 2.219667 ms  DeleteObjects: 0.035375 ms)

AssetImportParameters requested are different than current active one (requested -> active):
  custom:video-decoder-ogg-theora: a1e56fd34408186e4bbccfd4996cb3dc -> 
  custom:container-muxer-webm: aa71ff27fc2769a1b78a27578f13a17b -> 
  custom:container-demuxer-webm: 4f35f7cbe854078d1ac9338744f61a02 -> 
  custom:video-encoder-webm-vp8: eb34c28f22e8b96e1ab97ce403110664 -> 
  custom:framework-osx-AVFoundation: e770b220cccbd017edd2c1fefb359320 -> 
  custom:CustomObjectIndexerAttribute: bc11b3a6c3213fcdd17b65e7da85e133 -> 
  custom:audio-encoder-webm-vorbis: bf7c407c2cedff20999df2af8eb42d56 -> 
  custom:SearchIndexIgnoredProperties: e643bd26f0fe6173181afceb89e7c659 -> 
  custom:container-demuxer-ogg: 62fdf1f143b41e24485cea50d1cbac27 -> 
  custom:video-decoder-webm-vp8: 9c59270c3fd7afecdb556c50c9e8de78 -> 
  custom:audio-decoder-ogg-vorbis: bf7c407c2cedff20999df2af8eb42d56 -> 
========================================================================
Received Prepare
Registering precompiled user dll's ...
Registered in 0.003198 seconds.
Begin MonoManager ReloadAssembly
Thread 0x16db83000 may have been prematurely finalized
Symbol file data-0x120158000 doesn't match image /Users/manaralsatrawi/GameDev/Blackwoods-Curse/BlackwoodsCurse/Library/ScriptAssemblies/Unity.VisualScripting.Flow.Editor.dll
Symbol file LoadedFromMemory is not a mono symbol file
Symbol file data-0x116c66000 doesn't match image /Users/manaralsatrawi/GameDev/Blackwoods-Curse/BlackwoodsCurse/Library/ScriptAssemblies/Unity.VSCode.Editor.dll
Symbol file LoadedFromMemory is not a mono symbol file
Symbol file data-0x116c34600 doesn't match image /Users/manaralsatrawi/GameDev/Blackwoods-Curse/BlackwoodsCurse/Library/ScriptAssemblies/Unity.VisualScripting.Shared.Editor.dll
Symbol file LoadedFromMemory is not a mono symbol file
Symbol file data-0x1201b0000 doesn't match image /Users/manaralsatrawi/GameDev/Blackwoods-Curse/BlackwoodsCurse/Library/ScriptAssemblies/Unity.TextMeshPro.Editor.dll
Symbol file LoadedFromMemory is not a mono symbol file
Symbol file data-0x1201c8000 doesn't match image /Users/manaralsatrawi/GameDev/Blackwoods-Curse/BlackwoodsCurse/Library/ScriptAssemblies/Unity.VisualStudio.Editor.dll
Symbol file LoadedFromMemory is not a mono symbol file
Symbol file data-0x120218000 doesn't match image /Users/manaralsatrawi/GameDev/Blackwoods-Curse/BlackwoodsCurse/Library/ScriptAssemblies/Unity.Performance.Profile-Analyzer.Editor.dll
Symbol file LoadedFromMemory is not a mono symbol file
Symbol file data-0x116c3a200 doesn't match image /Users/manaralsatrawi/GameDev/Blackwoods-Curse/BlackwoodsCurse/Library/ScriptAssemblies/Unity.TestTools.CodeCoverage.Editor.OpenCover.Model.dll
Symbol file LoadedFromMemory is not a mono symbol file
Symbol file data-0x116c40200 doesn't match image /Users/manaralsatrawi/GameDev/Blackwoods-Curse/BlackwoodsCurse/Library/ScriptAssemblies/Unity.Settings.Editor.dll
Symbol file LoadedFromMemory is not a mono symbol file
Symbol file data-0x1202e0000 doesn't match image /Users/manaralsatrawi/GameDev/Blackwoods-Curse/BlackwoodsCurse/Library/ScriptAssemblies/Unity.Timeline.Editor.dll
Symbol file LoadedFromMemory is not a mono symbol file
Symbol file data-0x120350000 doesn't match image /Users/manaralsatrawi/GameDev/Blackwoods-Curse/BlackwoodsCurse/Library/ScriptAssemblies/Unity.Timeline.dll
Symbol file LoadedFromMemory is not a mono symbol file
Symbol file data-0x1204b8000 doesn't match image /Users/manaralsatrawi/GameDev/Blackwoods-Curse/BlackwoodsCurse/Library/ScriptAssemblies/Unity.VisualScripting.Core.Editor.dll
Symbol file LoadedFromMemory is not a mono symbol file
Symbol file data-0x120468000 doesn't match image /Users/manaralsatrawi/GameDev/Blackwoods-Curse/BlackwoodsCurse/Library/ScriptAssemblies/Unity.TextMeshPro.dll
Symbol file LoadedFromMemory is not a mono symbol file
Symbol file data-0x120498000 doesn't match image /Users/manaralsatrawi/GameDev/Blackwoods-Curse/BlackwoodsCurse/Library/ScriptAssemblies/Unity.VisualScripting.State.Editor.dll
Symbol file LoadedFromMemory is not a mono symbol file
Symbol file data-0x120498000 doesn't match image /Users/manaralsatrawi/GameDev/Blackwoods-Curse/BlackwoodsCurse/Library/ScriptAssemblies/MerryYellow.CodeAssist.Editor.dll
Symbol file LoadedFromMemory is not a mono symbol file
Symbol file data-0x309066c00 doesn't match image /Users/manaralsatrawi/GameDev/Blackwoods-Curse/BlackwoodsCurse/Library/ScriptAssemblies/Unity.CollabProxy.Editor.dll
Symbol file LoadedFromMemory is not a mono symbol file
Symbol file data-0x116c3a200 doesn't match image /Users/manaralsatrawi/GameDev/Blackwoods-Curse/BlackwoodsCurse/Library/ScriptAssemblies/Unity.InputSystem.ForUI.dll
Symbol file LoadedFromMemory is not a mono symbol file
Symbol file data-0x116c41e00 doesn't match image /Users/manaralsatrawi/GameDev/Blackwoods-Curse/BlackwoodsCurse/Library/ScriptAssemblies/Unity.VisualScripting.SettingsProvider.Editor.dll
Symbol file LoadedFromMemory is not a mono symbol file
Symbol file data-0x116c41e00 doesn't match image /Users/manaralsatrawi/GameDev/Blackwoods-Curse/BlackwoodsCurse/Library/ScriptAssemblies/Unity.TestTools.CodeCoverage.Editor.OpenCover.Mono.Reflection.dll
Symbol file LoadedFromMemory is not a mono symbol file
Symbol file data-0x120570000 doesn't match image /Users/manaralsatrawi/GameDev/Blackwoods-Curse/BlackwoodsCurse/Library/ScriptAssemblies/Unity.VisualScripting.Flow.dll
Symbol file LoadedFromMemory is not a mono symbol file
Symbol file data-0x1205a0000 doesn't match image /Users/manaralsatrawi/GameDev/Blackwoods-Curse/BlackwoodsCurse/Library/ScriptAssemblies/UnityEditor.UI.dll
Symbol file LoadedFromMemory is not a mono symbol file
Symbol file data-0x120720000 doesn't match image /Users/manaralsatrawi/GameDev/Blackwoods-Curse/BlackwoodsCurse/Library/ScriptAssemblies/Unity.InputSystem.dll
Symbol file LoadedFromMemory is not a mono symbol file
Symbol file data-0x120588000 doesn't match image /Users/manaralsatrawi/GameDev/Blackwoods-Curse/BlackwoodsCurse/Library/ScriptAssemblies/Unity.Rider.Editor.dll
Symbol file LoadedFromMemory is not a mono symbol file
Symbol file data-0x1207a8000 doesn't match image /Users/manaralsatrawi/GameDev/Blackwoods-Curse/BlackwoodsCurse/Library/ScriptAssemblies/Unity.PlasticSCM.Editor.dll
Symbol file LoadedFromMemory is not a mono symbol file
Symbol file data-0x1207e8000 doesn't match image /Users/manaralsatrawi/GameDev/Blackwoods-Curse/BlackwoodsCurse/Library/ScriptAssemblies/Unity.TestTools.CodeCoverage.Editor.dll
Symbol file LoadedFromMemory is not a mono symbol file
Symbol file data-0x1207f8000 doesn't match image /Users/manaralsatrawi/GameDev/Blackwoods-Curse/BlackwoodsCurse/Library/ScriptAssemblies/UnityEngine.UI.dll
Symbol file LoadedFromMemory is not a mono symbol file
Symbol file data-0x116c44e00 doesn't match image /Users/manaralsatrawi/GameDev/Blackwoods-Curse/BlackwoodsCurse/Library/ScriptAssemblies/Unity.InputSystem.TestFramework.dll
Symbol file LoadedFromMemory is not a mono symbol file
Symbol file data-0x116d02600 doesn't match image /Users/manaralsatrawi/GameDev/Blackwoods-Curse/BlackwoodsCurse/Library/ScriptAssemblies/Unity.VisualScripting.State.dll
Symbol file LoadedFromMemory is not a mono symbol file
Symbol file data-0x1208a8000 doesn't match image /Users/manaralsatrawi/GameDev/Blackwoods-Curse/BlackwoodsCurse/Library/ScriptAssemblies/Unity.VisualScripting.Core.dll
Symbol file LoadedFromMemory is not a mono symbol file
Symbol file data-0x116c44e00 doesn't match image /Users/manaralsatrawi/GameDev/Blackwoods-Curse/BlackwoodsCurse/Library/ScriptAssemblies/Unity.EditorCoroutines.Editor.dll
Symbol file LoadedFromMemory is not a mono symbol file
Native extension for OSXStandalone target not found
Refreshing native plugins compatible for Editor in 0.58 ms, found 2 plugins.
Preloading 0 native plugins for Editor in 0.00 ms.
[Package Manager] Server::EnsureServerProcessIsRunning -- launch failed, reason: Unity was launched with the -noUpm command-line argument
[Package Manager] Cannot connect to Unity Package Manager local server
Mono: successfully reloaded assembly
- Completed reload, in  1.077 seconds
Domain Reload Profiling:
	ReloadAssembly (1077ms)
		BeginReloadAssembly (89ms)
			ExecutionOrderSort (0ms)
			DisableScriptedObjects (3ms)
			BackupInstance (0ms)
			ReleaseScriptingObjects (0ms)
			CreateAndSetChildDomain (30ms)
		EndReloadAssembly (924ms)
			LoadAssemblies (45ms)
			RebuildTransferFunctionScriptingTraits (0ms)
			SetupTypeCache (244ms)
			ReleaseScriptCaches (1ms)
			RebuildScriptCaches (36ms)
			SetupLoadedEditorAssemblies (566ms)
				LogAssemblyErrors (0ms)
				InitializePlatformSupportModulesInManaged (2ms)
				SetLoadedEditorAssemblies (0ms)
				RefreshPlugins (1ms)
				BeforeProcessingInitializeOnLoad (40ms)
				ProcessInitializeOnLoadAttributes (511ms)
				ProcessInitializeOnLoadMethodAttributes (11ms)
				AfterProcessingInitializeOnLoad (1ms)
				EditorAssembliesLoaded (0ms)
			ExecutionOrderSort2 (0ms)
			AwakeInstancesAfterBackupRestoration (2ms)
Platform modules already initialized, skipping
Refreshing native plugins compatible for Editor in 0.46 ms, found 2 plugins.
Preloading 0 native plugins for Editor in 0.00 ms.
Unloading 3510 Unused Serialized files (Serialized files now loaded: 0)
Unloading 34 unused Assets / (21.9 KB). Loaded Objects now: 4047.
Memory consumption went from 212.3 MB to 212.2 MB.
Total: 2.081208 ms (FindLiveObjects: 0.118042 ms CreateObjectMapping: 0.041333 ms MarkObjects: 1.899750 ms  DeleteObjects: 0.021583 ms)

AssetImportParameters requested are different than current active one (requested -> active):
  custom:video-decoder-ogg-theora: a1e56fd34408186e4bbccfd4996cb3dc -> 
  custom:container-muxer-webm: aa71ff27fc2769a1b78a27578f13a17b -> 
  custom:container-demuxer-webm: 4f35f7cbe854078d1ac9338744f61a02 -> 
  custom:video-encoder-webm-vp8: eb34c28f22e8b96e1ab97ce403110664 -> 
  custom:framework-osx-AVFoundation: e770b220cccbd017edd2c1fefb359320 -> 
  custom:CustomObjectIndexerAttribute: bc11b3a6c3213fcdd17b65e7da85e133 -> 
  custom:audio-encoder-webm-vorbis: bf7c407c2cedff20999df2af8eb42d56 -> 
  custom:SearchIndexIgnoredProperties: e643bd26f0fe6173181afceb89e7c659 -> 
  custom:container-demuxer-ogg: 62fdf1f143b41e24485cea50d1cbac27 -> 
  custom:video-decoder-webm-vp8: 9c59270c3fd7afecdb556c50c9e8de78 -> 
  custom:audio-decoder-ogg-vorbis: bf7c407c2cedff20999df2af8eb42d56 -> 
========================================================================
Received Prepare
Registering precompiled user dll's ...
Registered in 0.003648 seconds.
Begin MonoManager ReloadAssembly
Thread 0x16db83000 may have been prematurely finalized
Symbol file data-0x310358000 doesn't match image /Users/manaralsatrawi/GameDev/Blackwoods-Curse/BlackwoodsCurse/Library/ScriptAssemblies/Unity.VisualScripting.Flow.Editor.dll
Symbol file LoadedFromMemory is not a mono symbol file
Symbol file data-0x30d6e2800 doesn't match image /Users/manaralsatrawi/GameDev/Blackwoods-Curse/BlackwoodsCurse/Library/ScriptAssemblies/Unity.VSCode.Editor.dll
Symbol file LoadedFromMemory is not a mono symbol file
Symbol file data-0x1385c0400 doesn't match image /Users/manaralsatrawi/GameDev/Blackwoods-Curse/BlackwoodsCurse/Library/ScriptAssemblies/Unity.VisualScripting.Shared.Editor.dll
Symbol file LoadedFromMemory is not a mono symbol file
Symbol file data-0x120a48000 doesn't match image /Users/manaralsatrawi/GameDev/Blackwoods-Curse/BlackwoodsCurse/Library/ScriptAssemblies/Unity.TextMeshPro.Editor.dll
Symbol file LoadedFromMemory is not a mono symbol file
Symbol file data-0x178928000 doesn't match image /Users/manaralsatrawi/GameDev/Blackwoods-Curse/BlackwoodsCurse/Library/ScriptAssemblies/Unity.VisualStudio.Editor.dll
Symbol file LoadedFromMemory is not a mono symbol file
Symbol file data-0x120ac0000 doesn't match image /Users/manaralsatrawi/GameDev/Blackwoods-Curse/BlackwoodsCurse/Library/ScriptAssemblies/Unity.Performance.Profile-Analyzer.Editor.dll
Symbol file LoadedFromMemory is not a mono symbol file
Symbol file data-0x12fa1d600 doesn't match image /Users/manaralsatrawi/GameDev/Blackwoods-Curse/BlackwoodsCurse/Library/ScriptAssemblies/Unity.TestTools.CodeCoverage.Editor.OpenCover.Model.dll
Symbol file LoadedFromMemory is not a mono symbol file
Symbol file data-0x12f938800 doesn't match image /Users/manaralsatrawi/GameDev/Blackwoods-Curse/BlackwoodsCurse/Library/ScriptAssemblies/Unity.Settings.Editor.dll
Symbol file LoadedFromMemory is not a mono symbol file
Symbol file data-0x120ae0000 doesn't match image /Users/manaralsatrawi/GameDev/Blackwoods-Curse/BlackwoodsCurse/Library/ScriptAssemblies/Unity.Timeline.Editor.dll
Symbol file LoadedFromMemory is not a mono symbol file
Symbol file data-0x120a48000 doesn't match image /Users/manaralsatrawi/GameDev/Blackwoods-Curse/BlackwoodsCurse/Library/ScriptAssemblies/Unity.Timeline.dll
Symbol file LoadedFromMemory is not a mono symbol file
Symbol file data-0x120ac0000 doesn't match image /Users/manaralsatrawi/GameDev/Blackwoods-Curse/BlackwoodsCurse/Library/ScriptAssemblies/Unity.VisualScripting.Core.Editor.dll
Symbol file LoadedFromMemory is not a mono symbol file
Symbol file data-0x120cb0000 doesn't match image /Users/manaralsatrawi/GameDev/Blackwoods-Curse/BlackwoodsCurse/Library/ScriptAssemblies/Unity.TextMeshPro.dll
Symbol file LoadedFromMemory is not a mono symbol file
Symbol file data-0x120978000 doesn't match image /Users/manaralsatrawi/GameDev/Blackwoods-Curse/BlackwoodsCurse/Library/ScriptAssemblies/Unity.VisualScripting.State.Editor.dll
Symbol file LoadedFromMemory is not a mono symbol file
Symbol file data-0x3100b0000 doesn't match image /Users/manaralsatrawi/GameDev/Blackwoods-Curse/BlackwoodsCurse/Library/ScriptAssemblies/MerryYellow.CodeAssist.Editor.dll
Symbol file LoadedFromMemory is not a mono symbol file
Symbol file data-0x30d6e3000 doesn't match image /Users/manaralsatrawi/GameDev/Blackwoods-Curse/BlackwoodsCurse/Library/ScriptAssemblies/Unity.CollabProxy.Editor.dll
Symbol file LoadedFromMemory is not a mono symbol file
Symbol file data-0x30d6e8a00 doesn't match image /Users/manaralsatrawi/GameDev/Blackwoods-Curse/BlackwoodsCurse/Library/ScriptAssemblies/Unity.InputSystem.ForUI.dll
Symbol file LoadedFromMemory is not a mono symbol file
Symbol file data-0x30d6eca00 doesn't match image /Users/manaralsatrawi/GameDev/Blackwoods-Curse/BlackwoodsCurse/Library/ScriptAssemblies/Unity.VisualScripting.SettingsProvider.Editor.dll
Symbol file LoadedFromMemory is not a mono symbol file
Symbol file data-0x30d6e8a00 doesn't match image /Users/manaralsatrawi/GameDev/Blackwoods-Curse/BlackwoodsCurse/Library/ScriptAssemblies/Unity.TestTools.CodeCoverage.Editor.OpenCover.Mono.Reflection.dll
Symbol file LoadedFromMemory is not a mono symbol file
Symbol file data-0x310420000 doesn't match image /Users/manaralsatrawi/GameDev/Blackwoods-Curse/BlackwoodsCurse/Library/ScriptAssemblies/Unity.VisualScripting.Flow.dll
Symbol file LoadedFromMemory is not a mono symbol file
Symbol file data-0x3100b0000 doesn't match image /Users/manaralsatrawi/GameDev/Blackwoods-Curse/BlackwoodsCurse/Library/ScriptAssemblies/UnityEditor.UI.dll
Symbol file LoadedFromMemory is not a mono symbol file
Symbol file data-0x3105d8000 doesn't match image /Users/manaralsatrawi/GameDev/Blackwoods-Curse/BlackwoodsCurse/Library/ScriptAssemblies/Unity.InputSystem.dll
Symbol file LoadedFromMemory is not a mono symbol file
Symbol file data-0x3100b0000 doesn't match image /Users/manaralsatrawi/GameDev/Blackwoods-Curse/BlackwoodsCurse/Library/ScriptAssemblies/Unity.Rider.Editor.dll
Symbol file LoadedFromMemory is not a mono symbol file
Symbol file data-0x310660000 doesn't match image /Users/manaralsatrawi/GameDev/Blackwoods-Curse/BlackwoodsCurse/Library/ScriptAssemblies/Unity.PlasticSCM.Editor.dll
Symbol file LoadedFromMemory is not a mono symbol file
Symbol file data-0x3100b0000 doesn't match image /Users/manaralsatrawi/GameDev/Blackwoods-Curse/BlackwoodsCurse/Library/ScriptAssemblies/Unity.TestTools.CodeCoverage.Editor.dll
Symbol file LoadedFromMemory is not a mono symbol file
Symbol file data-0x3106c0000 doesn't match image /Users/manaralsatrawi/GameDev/Blackwoods-Curse/BlackwoodsCurse/Library/ScriptAssemblies/UnityEngine.UI.dll
Symbol file LoadedFromMemory is not a mono symbol file
Symbol file data-0x30d6f1a00 doesn't match image /Users/manaralsatrawi/GameDev/Blackwoods-Curse/BlackwoodsCurse/Library/ScriptAssemblies/Unity.InputSystem.TestFramework.dll
Symbol file LoadedFromMemory is not a mono symbol file
Symbol file data-0x30d705e00 doesn't match image /Users/manaralsatrawi/GameDev/Blackwoods-Curse/BlackwoodsCurse/Library/ScriptAssemblies/Unity.VisualScripting.State.dll
Symbol file LoadedFromMemory is not a mono symbol file
Symbol file data-0x310770000 doesn't match image /Users/manaralsatrawi/GameDev/Blackwoods-Curse/BlackwoodsCurse/Library/ScriptAssemblies/Unity.VisualScripting.Core.dll
Symbol file LoadedFromMemory is not a mono symbol file
Symbol file data-0x30d6f1a00 doesn't match image /Users/manaralsatrawi/GameDev/Blackwoods-Curse/BlackwoodsCurse/Library/ScriptAssemblies/Unity.EditorCoroutines.Editor.dll
Symbol file LoadedFromMemory is not a mono symbol file
Native extension for OSXStandalone target not found
Refreshing native plugins compatible for Editor in 0.73 ms, found 2 plugins.
Preloading 0 native plugins for Editor in 0.00 ms.
[Package Manager] Server::EnsureServerProcessIsRunning -- launch failed, reason: Unity was launched with the -noUpm command-line argument
[Package Manager] Cannot connect to Unity Package Manager local server
Mono: successfully reloaded assembly
- Completed reload, in  1.396 seconds
Domain Reload Profiling:
	ReloadAssembly (1396ms)
		BeginReloadAssembly (204ms)
			ExecutionOrderSort (0ms)
			DisableScriptedObjects (4ms)
			BackupInstance (0ms)
			ReleaseScriptingObjects (0ms)
			CreateAndSetChildDomain (113ms)
		EndReloadAssembly (1098ms)
			LoadAssemblies (78ms)
			RebuildTransferFunctionScriptingTraits (0ms)
			SetupTypeCache (299ms)
			ReleaseScriptCaches (2ms)
			RebuildScriptCaches (45ms)
			SetupLoadedEditorAssemblies (638ms)
				LogAssemblyErrors (0ms)
				InitializePlatformSupportModulesInManaged (3ms)
				SetLoadedEditorAssemblies (0ms)
				RefreshPlugins (1ms)
				BeforeProcessingInitializeOnLoad (66ms)
				ProcessInitializeOnLoadAttributes (554ms)
				ProcessInitializeOnLoadMethodAttributes (12ms)
				AfterProcessingInitializeOnLoad (1ms)
				EditorAssembliesLoaded (0ms)
			ExecutionOrderSort2 (0ms)
			AwakeInstancesAfterBackupRestoration (3ms)
Platform modules already initialized, skipping
Refreshing native plugins compatible for Editor in 0.53 ms, found 2 plugins.
Preloading 0 native plugins for Editor in 0.00 ms.
Unloading 3510 Unused Serialized files (Serialized files now loaded: 0)
Unloading 34 unused Assets / (23.0 KB). Loaded Objects now: 4050.
Memory consumption went from 212.3 MB to 212.2 MB.
Total: 2.728833 ms (FindLiveObjects: 0.165167 ms CreateObjectMapping: 0.078916 ms MarkObjects: 2.447209 ms  DeleteObjects: 0.036958 ms)

AssetImportParameters requested are different than current active one (requested -> active):
  custom:video-decoder-ogg-theora: a1e56fd34408186e4bbccfd4996cb3dc -> 
  custom:container-muxer-webm: aa71ff27fc2769a1b78a27578f13a17b -> 
  custom:container-demuxer-webm: 4f35f7cbe854078d1ac9338744f61a02 -> 
  custom:video-encoder-webm-vp8: eb34c28f22e8b96e1ab97ce403110664 -> 
  custom:framework-osx-AVFoundation: e770b220cccbd017edd2c1fefb359320 -> 
  custom:CustomObjectIndexerAttribute: bc11b3a6c3213fcdd17b65e7da85e133 -> 
  custom:audio-encoder-webm-vorbis: bf7c407c2cedff20999df2af8eb42d56 -> 
  custom:SearchIndexIgnoredProperties: e643bd26f0fe6173181afceb89e7c659 -> 
  custom:container-demuxer-ogg: 62fdf1f143b41e24485cea50d1cbac27 -> 
  custom:video-decoder-webm-vp8: 9c59270c3fd7afecdb556c50c9e8de78 -> 
  custom:audio-decoder-ogg-vorbis: bf7c407c2cedff20999df2af8eb42d56 -> 
