Unity Editor version:    2021.3.39f1 (fb3b7b32f191)
Branch:                  2021.3/staging
Build type:              Release
Batch mode:              YES
macOS version:           Version 15.3.1 (Build 24D70)
Darwin version:          24.3.0
Architecture:            arm64
Running under Rosetta:   NO
Available memory:        16384 MB
Using pre-set license
Pro License: YES

COMMAND LINE ARGUMENTS:
/Applications/Unity/Unity.app/Contents/MacOS/Unity
-adb2
-batchMode
-noUpm
-name
AssetImportWorker12
-projectPath
/Users/manaralsatrawi/GameDev/Blackwoods-Curse/BlackwoodsCurse
-logFile
Logs/AssetImportWorker12.log
-srvPort
49589
Successfully changed project path to: /Users/manaralsatrawi/GameDev/Blackwoods-Curse/BlackwoodsCurse
/Users/manaralsatrawi/GameDev/Blackwoods-Curse/BlackwoodsCurse
[UnityMemory] Configuration Parameters - Can be set up in boot.config
    "memorysetup-bucket-allocator-granularity=16"
    "memorysetup-bucket-allocator-bucket-count=8"
    "memorysetup-bucket-allocator-block-size=33554432"
    "memorysetup-bucket-allocator-block-count=8"
    "memorysetup-main-allocator-block-size=16777216"
    "memorysetup-thread-allocator-block-size=16777216"
    "memorysetup-gfx-main-allocator-block-size=16777216"
    "memorysetup-gfx-thread-allocator-block-size=16777216"
    "memorysetup-cache-allocator-block-size=4194304"
    "memorysetup-typetree-allocator-block-size=2097152"
    "memorysetup-profiler-bucket-allocator-granularity=16"
    "memorysetup-profiler-bucket-allocator-bucket-count=8"
    "memorysetup-profiler-bucket-allocator-block-size=33554432"
    "memorysetup-profiler-bucket-allocator-block-count=8"
    "memorysetup-profiler-allocator-block-size=16777216"
    "memorysetup-profiler-editor-allocator-block-size=1048576"
    "memorysetup-temp-allocator-size-main=16777216"
    "memorysetup-job-temp-allocator-block-size=2097152"
    "memorysetup-job-temp-allocator-block-size-background=1048576"
    "memorysetup-job-temp-allocator-reduction-small-platforms=262144"
    "memorysetup-temp-allocator-size-background-worker=32768"
    "memorysetup-temp-allocator-size-job-worker=262144"
    "memorysetup-temp-allocator-size-preload-manager=33554432"
    "memorysetup-temp-allocator-size-nav-mesh-worker=65536"
    "memorysetup-temp-allocator-size-audio-worker=65536"
    "memorysetup-temp-allocator-size-cloud-worker=32768"
    "memorysetup-temp-allocator-size-gi-baking-worker=262144"
    "memorysetup-temp-allocator-size-gfx=262144"
Player connection [8512391232] Host "[IP] 192.168.100.223 [Port] 0 [Flags] 2 [Guid] 1701952253 [EditorId] 1701952253 [Version] 1048832 [Id] OSXEditor(0,Manars-MacBook-Air.local) [Debug] 1 [PackageName] OSXEditor [ProjectName] Editor" joined multi-casting on [225.0.0.222:54997]...

Player connection [8512391232] Host "[IP] 192.168.100.223 [Port] 0 [Flags] 2 [Guid] 1701952253 [EditorId] 1701952253 [Version] 1048832 [Id] OSXEditor(0,Manars-MacBook-Air.local) [Debug] 1 [PackageName] OSXEditor [ProjectName] Editor" joined alternative multi-casting on [225.0.0.222:34997]...

[Physics::Module] Initialized MultithreadedJobDispatcher with {0} workers.
Refreshing native plugins compatible for Editor in 71.89 ms, found 2 plugins.
Preloading 0 native plugins for Editor in 0.00 ms.
Initialize engine version: 2021.3.39f1 (fb3b7b32f191)
[Subsystems] Discovering subsystems at path /Applications/Unity/Unity.app/Contents/Resources/UnitySubsystems
[Subsystems] Discovering subsystems at path /Users/manaralsatrawi/GameDev/Blackwoods-Curse/BlackwoodsCurse/Assets
GfxDevice: creating device client; threaded=0; jobified=0
 preferred device: Apple M1 (high power)
Metal devices available: 1
0: Apple M1 (high power)
Using device Apple M1 (high power)
Initializing Metal device caps: Apple M1
Initialize mono
Mono path[0] = '/Applications/Unity/Unity.app/Contents/Managed'
Mono path[1] = '/Applications/Unity/Unity.app/Contents/MonoBleedingEdge/lib/mono/unityjit-macos'
Mono config path = '/Applications/Unity/Unity.app/Contents/MonoBleedingEdge/etc'
Using monoOptions --debugger-agent=transport=dt_socket,embedding=1,server=y,suspend=n,address=127.0.0.1:56423
Begin MonoManager ReloadAssembly
Registering precompiled unity dll's ...
Register platform support module: /Applications/Unity/Unity.app/Contents/PlaybackEngines/MacStandaloneSupport/UnityEditor.OSXStandalone.Extensions.dll
Registered in 0.002483 seconds.
Native extension for OSXStandalone target not found
Refreshing native plugins compatible for Editor in 66.21 ms, found 2 plugins.
Preloading 0 native plugins for Editor in 0.00 ms.
Mono: successfully reloaded assembly
- Completed reload, in  0.437 seconds
Domain Reload Profiling:
	ReloadAssembly (437ms)
		BeginReloadAssembly (65ms)
			ExecutionOrderSort (0ms)
			DisableScriptedObjects (0ms)
			BackupInstance (0ms)
			ReleaseScriptingObjects (0ms)
			CreateAndSetChildDomain (0ms)
		EndReloadAssembly (313ms)
			LoadAssemblies (65ms)
			RebuildTransferFunctionScriptingTraits (0ms)
			SetupTypeCache (75ms)
			ReleaseScriptCaches (0ms)
			RebuildScriptCaches (23ms)
			SetupLoadedEditorAssemblies (189ms)
				LogAssemblyErrors (0ms)
				InitializePlatformSupportModulesInManaged (4ms)
				SetLoadedEditorAssemblies (0ms)
				RefreshPlugins (66ms)
				BeforeProcessingInitializeOnLoad (1ms)
				ProcessInitializeOnLoadAttributes (93ms)
				ProcessInitializeOnLoadMethodAttributes (25ms)
				AfterProcessingInitializeOnLoad (0ms)
				EditorAssembliesLoaded (0ms)
			ExecutionOrderSort2 (0ms)
			AwakeInstancesAfterBackupRestoration (0ms)
Platform modules already initialized, skipping
Registering precompiled user dll's ...
Registered in 0.006854 seconds.
Begin MonoManager ReloadAssembly
Symbol file data-0x128728000 doesn't match image /Users/manaralsatrawi/GameDev/Blackwoods-Curse/BlackwoodsCurse/Library/ScriptAssemblies/Assembly-CSharp.dll
Symbol file LoadedFromMemory is not a mono symbol file
Symbol file data-0x128660000 doesn't match image /Users/manaralsatrawi/GameDev/Blackwoods-Curse/BlackwoodsCurse/Library/ScriptAssemblies/Unity.VisualScripting.Flow.Editor.dll
Symbol file LoadedFromMemory is not a mono symbol file
Symbol file data-0x322f74800 doesn't match image /Users/manaralsatrawi/GameDev/Blackwoods-Curse/BlackwoodsCurse/Library/ScriptAssemblies/Unity.VSCode.Editor.dll
Symbol file LoadedFromMemory is not a mono symbol file
Symbol file data-0x322ef4400 doesn't match image /Users/manaralsatrawi/GameDev/Blackwoods-Curse/BlackwoodsCurse/Library/ScriptAssemblies/Unity.VisualScripting.Shared.Editor.dll
Symbol file LoadedFromMemory is not a mono symbol file
Symbol file data-0x1287c0000 doesn't match image /Users/manaralsatrawi/GameDev/Blackwoods-Curse/BlackwoodsCurse/Library/ScriptAssemblies/Unity.TextMeshPro.Editor.dll
Symbol file LoadedFromMemory is not a mono symbol file
Symbol file data-0x1287d8000 doesn't match image /Users/manaralsatrawi/GameDev/Blackwoods-Curse/BlackwoodsCurse/Library/ScriptAssemblies/Unity.VisualStudio.Editor.dll
Symbol file LoadedFromMemory is not a mono symbol file
Symbol file data-0x128828000 doesn't match image /Users/manaralsatrawi/GameDev/Blackwoods-Curse/BlackwoodsCurse/Library/ScriptAssemblies/Unity.Performance.Profile-Analyzer.Editor.dll
Symbol file LoadedFromMemory is not a mono symbol file
Symbol file data-0x322f7a400 doesn't match image /Users/manaralsatrawi/GameDev/Blackwoods-Curse/BlackwoodsCurse/Library/ScriptAssemblies/Unity.TestTools.CodeCoverage.Editor.OpenCover.Model.dll
Symbol file LoadedFromMemory is not a mono symbol file
Symbol file data-0x322f80400 doesn't match image /Users/manaralsatrawi/GameDev/Blackwoods-Curse/BlackwoodsCurse/Library/ScriptAssemblies/Unity.Settings.Editor.dll
Symbol file LoadedFromMemory is not a mono symbol file
Symbol file data-0x130050000 doesn't match image /Users/manaralsatrawi/GameDev/Blackwoods-Curse/BlackwoodsCurse/Library/ScriptAssemblies/Unity.Timeline.Editor.dll
Symbol file LoadedFromMemory is not a mono symbol file
Symbol file data-0x128918000 doesn't match image /Users/manaralsatrawi/GameDev/Blackwoods-Curse/BlackwoodsCurse/Library/ScriptAssemblies/Unity.Timeline.dll
Symbol file LoadedFromMemory is not a mono symbol file
Symbol file data-0x310ff8000 doesn't match image /Users/manaralsatrawi/GameDev/Blackwoods-Curse/BlackwoodsCurse/Library/ScriptAssemblies/Unity.VisualScripting.Core.Editor.dll
Symbol file LoadedFromMemory is not a mono symbol file
Symbol file data-0x128990000 doesn't match image /Users/manaralsatrawi/GameDev/Blackwoods-Curse/BlackwoodsCurse/Library/ScriptAssemblies/Unity.TextMeshPro.dll
Symbol file LoadedFromMemory is not a mono symbol file
Symbol file data-0x1289c0000 doesn't match image /Users/manaralsatrawi/GameDev/Blackwoods-Curse/BlackwoodsCurse/Library/ScriptAssemblies/Unity.VisualScripting.State.Editor.dll
Symbol file LoadedFromMemory is not a mono symbol file
Symbol file data-0x1289c0000 doesn't match image /Users/manaralsatrawi/GameDev/Blackwoods-Curse/BlackwoodsCurse/Library/ScriptAssemblies/MerryYellow.CodeAssist.Editor.dll
Symbol file LoadedFromMemory is not a mono symbol file
Symbol file data-0x322f7a400 doesn't match image /Users/manaralsatrawi/GameDev/Blackwoods-Curse/BlackwoodsCurse/Library/ScriptAssemblies/Unity.CollabProxy.Editor.dll
Symbol file LoadedFromMemory is not a mono symbol file
Symbol file data-0x322f7fe00 doesn't match image /Users/manaralsatrawi/GameDev/Blackwoods-Curse/BlackwoodsCurse/Library/ScriptAssemblies/Unity.InputSystem.ForUI.dll
Symbol file LoadedFromMemory is not a mono symbol file
Symbol file data-0x322f83e00 doesn't match image /Users/manaralsatrawi/GameDev/Blackwoods-Curse/BlackwoodsCurse/Library/ScriptAssemblies/Unity.VisualScripting.SettingsProvider.Editor.dll
Symbol file LoadedFromMemory is not a mono symbol file
Symbol file data-0x322f7fe00 doesn't match image /Users/manaralsatrawi/GameDev/Blackwoods-Curse/BlackwoodsCurse/Library/ScriptAssemblies/Unity.TestTools.CodeCoverage.Editor.OpenCover.Mono.Reflection.dll
Symbol file LoadedFromMemory is not a mono symbol file
Symbol file data-0x128a70000 doesn't match image /Users/manaralsatrawi/GameDev/Blackwoods-Curse/BlackwoodsCurse/Library/ScriptAssemblies/Unity.VisualScripting.Flow.dll
Symbol file LoadedFromMemory is not a mono symbol file
Symbol file data-0x128aa0000 doesn't match image /Users/manaralsatrawi/GameDev/Blackwoods-Curse/BlackwoodsCurse/Library/ScriptAssemblies/UnityEditor.UI.dll
Symbol file LoadedFromMemory is not a mono symbol file
Symbol file data-0x128cc0000 doesn't match image /Users/manaralsatrawi/GameDev/Blackwoods-Curse/BlackwoodsCurse/Library/ScriptAssemblies/Unity.InputSystem.dll
Symbol file LoadedFromMemory is not a mono symbol file
Symbol file data-0x128a70000 doesn't match image /Users/manaralsatrawi/GameDev/Blackwoods-Curse/BlackwoodsCurse/Library/ScriptAssemblies/Unity.Rider.Editor.dll
Symbol file LoadedFromMemory is not a mono symbol file
Symbol file data-0x128cc0000 doesn't match image /Users/manaralsatrawi/GameDev/Blackwoods-Curse/BlackwoodsCurse/Library/ScriptAssemblies/Unity.PlasticSCM.Editor.dll
Symbol file LoadedFromMemory is not a mono symbol file
Symbol file data-0x128a90000 doesn't match image /Users/manaralsatrawi/GameDev/Blackwoods-Curse/BlackwoodsCurse/Library/ScriptAssemblies/Unity.TestTools.CodeCoverage.Editor.dll
Symbol file LoadedFromMemory is not a mono symbol file
Symbol file data-0x128d00000 doesn't match image /Users/manaralsatrawi/GameDev/Blackwoods-Curse/BlackwoodsCurse/Library/ScriptAssemblies/UnityEngine.UI.dll
Symbol file LoadedFromMemory is not a mono symbol file
Symbol file data-0x322f88e00 doesn't match image /Users/manaralsatrawi/GameDev/Blackwoods-Curse/BlackwoodsCurse/Library/ScriptAssemblies/Unity.InputSystem.TestFramework.dll
Symbol file LoadedFromMemory is not a mono symbol file
Symbol file data-0x322f95600 doesn't match image /Users/manaralsatrawi/GameDev/Blackwoods-Curse/BlackwoodsCurse/Library/ScriptAssemblies/Unity.VisualScripting.State.dll
Symbol file LoadedFromMemory is not a mono symbol file
Symbol file data-0x128e50000 doesn't match image /Users/manaralsatrawi/GameDev/Blackwoods-Curse/BlackwoodsCurse/Library/ScriptAssemblies/Unity.VisualScripting.Core.dll
Symbol file LoadedFromMemory is not a mono symbol file
Symbol file data-0x322f95600 doesn't match image /Users/manaralsatrawi/GameDev/Blackwoods-Curse/BlackwoodsCurse/Library/ScriptAssemblies/Unity.EditorCoroutines.Editor.dll
Symbol file LoadedFromMemory is not a mono symbol file
Native extension for OSXStandalone target not found
Refreshing native plugins compatible for Editor in 66.24 ms, found 2 plugins.
Preloading 0 native plugins for Editor in 0.00 ms.
Package Manager log level set to [2]
[Package Manager] Server::EnsureServerProcessIsRunning -- launch failed, reason: Unity was launched with the -noUpm command-line argument
[Package Manager] Cannot connect to Unity Package Manager local server
Mono: successfully reloaded assembly
- Completed reload, in  0.802 seconds
Domain Reload Profiling:
	ReloadAssembly (803ms)
		BeginReloadAssembly (66ms)
			ExecutionOrderSort (0ms)
			DisableScriptedObjects (4ms)
			BackupInstance (0ms)
			ReleaseScriptingObjects (0ms)
			CreateAndSetChildDomain (16ms)
		EndReloadAssembly (667ms)
			LoadAssemblies (56ms)
			RebuildTransferFunctionScriptingTraits (0ms)
			SetupTypeCache (207ms)
			ReleaseScriptCaches (0ms)
			RebuildScriptCaches (40ms)
			SetupLoadedEditorAssemblies (339ms)
				LogAssemblyErrors (0ms)
				InitializePlatformSupportModulesInManaged (2ms)
				SetLoadedEditorAssemblies (0ms)
				RefreshPlugins (66ms)
				BeforeProcessingInitializeOnLoad (52ms)
				ProcessInitializeOnLoadAttributes (209ms)
				ProcessInitializeOnLoadMethodAttributes (9ms)
				AfterProcessingInitializeOnLoad (1ms)
				EditorAssembliesLoaded (0ms)
			ExecutionOrderSort2 (0ms)
			AwakeInstancesAfterBackupRestoration (2ms)
Platform modules already initialized, skipping
========================================================================
Worker process is ready to serve import requests
Launching external process: /Applications/Unity/Unity.app/Contents/Tools/UnityShaderCompiler
Launched and connected shader compiler UnityShaderCompiler after 0.03 seconds
Refreshing native plugins compatible for Editor in 0.47 ms, found 2 plugins.
Preloading 0 native plugins for Editor in 0.00 ms.
Unloading 3516 Unused Serialized files (Serialized files now loaded: 0)
Unloading 41 unused Assets / (40.6 KB). Loaded Objects now: 3988.
Memory consumption went from 208.3 MB to 208.3 MB.
Total: 2.358250 ms (FindLiveObjects: 0.106584 ms CreateObjectMapping: 0.039959 ms MarkObjects: 2.154417 ms  DeleteObjects: 0.056583 ms)

AssetImportParameters requested are different than current active one (requested -> active):
  custom:video-decoder-ogg-theora: a1e56fd34408186e4bbccfd4996cb3dc -> 
  custom:container-muxer-webm: aa71ff27fc2769a1b78a27578f13a17b -> 
  custom:container-demuxer-webm: 4f35f7cbe854078d1ac9338744f61a02 -> 
  custom:video-encoder-webm-vp8: eb34c28f22e8b96e1ab97ce403110664 -> 
  custom:framework-osx-AVFoundation: e770b220cccbd017edd2c1fefb359320 -> 
  custom:CustomObjectIndexerAttribute: bc11b3a6c3213fcdd17b65e7da85e133 -> 
  custom:audio-encoder-webm-vorbis: bf7c407c2cedff20999df2af8eb42d56 -> 
  custom:SearchIndexIgnoredProperties: e643bd26f0fe6173181afceb89e7c659 -> 
  custom:container-demuxer-ogg: 62fdf1f143b41e24485cea50d1cbac27 -> 
  custom:video-decoder-webm-vp8: 9c59270c3fd7afecdb556c50c9e8de78 -> 
  custom:audio-decoder-ogg-vorbis: bf7c407c2cedff20999df2af8eb42d56 -> 
========================================================================
Received Prepare
Registering precompiled user dll's ...
Registered in 0.002328 seconds.
Begin MonoManager ReloadAssembly
Thread 0x334ecf000 may have been prematurely finalized
Symbol file data-0x328100000 doesn't match image /Users/manaralsatrawi/GameDev/Blackwoods-Curse/BlackwoodsCurse/Library/ScriptAssemblies/Unity.VisualScripting.Flow.Editor.dll
Symbol file LoadedFromMemory is not a mono symbol file
Symbol file data-0x11708d800 doesn't match image /Users/manaralsatrawi/GameDev/Blackwoods-Curse/BlackwoodsCurse/Library/ScriptAssemblies/Unity.VSCode.Editor.dll
Symbol file LoadedFromMemory is not a mono symbol file
Symbol file data-0x117096e00 doesn't match image /Users/manaralsatrawi/GameDev/Blackwoods-Curse/BlackwoodsCurse/Library/ScriptAssemblies/Unity.VisualScripting.Shared.Editor.dll
Symbol file LoadedFromMemory is not a mono symbol file
Symbol file data-0x328168000 doesn't match image /Users/manaralsatrawi/GameDev/Blackwoods-Curse/BlackwoodsCurse/Library/ScriptAssemblies/Unity.TextMeshPro.Editor.dll
Symbol file LoadedFromMemory is not a mono symbol file
Symbol file data-0x328180000 doesn't match image /Users/manaralsatrawi/GameDev/Blackwoods-Curse/BlackwoodsCurse/Library/ScriptAssemblies/Unity.VisualStudio.Editor.dll
Symbol file LoadedFromMemory is not a mono symbol file
Symbol file data-0x3281d0000 doesn't match image /Users/manaralsatrawi/GameDev/Blackwoods-Curse/BlackwoodsCurse/Library/ScriptAssemblies/Unity.Performance.Profile-Analyzer.Editor.dll
Symbol file LoadedFromMemory is not a mono symbol file
Symbol file data-0x117096e00 doesn't match image /Users/manaralsatrawi/GameDev/Blackwoods-Curse/BlackwoodsCurse/Library/ScriptAssemblies/Unity.TestTools.CodeCoverage.Editor.OpenCover.Model.dll
Symbol file LoadedFromMemory is not a mono symbol file
Symbol file data-0x11709ce00 doesn't match image /Users/manaralsatrawi/GameDev/Blackwoods-Curse/BlackwoodsCurse/Library/ScriptAssemblies/Unity.Settings.Editor.dll
Symbol file LoadedFromMemory is not a mono symbol file
Symbol file data-0x328298000 doesn't match image /Users/manaralsatrawi/GameDev/Blackwoods-Curse/BlackwoodsCurse/Library/ScriptAssemblies/Unity.Timeline.Editor.dll
Symbol file LoadedFromMemory is not a mono symbol file
Symbol file data-0x328308000 doesn't match image /Users/manaralsatrawi/GameDev/Blackwoods-Curse/BlackwoodsCurse/Library/ScriptAssemblies/Unity.Timeline.dll
Symbol file LoadedFromMemory is not a mono symbol file
Symbol file data-0x328420000 doesn't match image /Users/manaralsatrawi/GameDev/Blackwoods-Curse/BlackwoodsCurse/Library/ScriptAssemblies/Unity.VisualScripting.Core.Editor.dll
Symbol file LoadedFromMemory is not a mono symbol file
Symbol file data-0x328478000 doesn't match image /Users/manaralsatrawi/GameDev/Blackwoods-Curse/BlackwoodsCurse/Library/ScriptAssemblies/Unity.TextMeshPro.dll
Symbol file LoadedFromMemory is not a mono symbol file
Symbol file data-0x328308000 doesn't match image /Users/manaralsatrawi/GameDev/Blackwoods-Curse/BlackwoodsCurse/Library/ScriptAssemblies/Unity.VisualScripting.State.Editor.dll
Symbol file LoadedFromMemory is not a mono symbol file
Symbol file data-0x328308000 doesn't match image /Users/manaralsatrawi/GameDev/Blackwoods-Curse/BlackwoodsCurse/Library/ScriptAssemblies/MerryYellow.CodeAssist.Editor.dll
Symbol file LoadedFromMemory is not a mono symbol file
Symbol file data-0x11709b200 doesn't match image /Users/manaralsatrawi/GameDev/Blackwoods-Curse/BlackwoodsCurse/Library/ScriptAssemblies/Unity.CollabProxy.Editor.dll
Symbol file LoadedFromMemory is not a mono symbol file
Symbol file data-0x1170a0c00 doesn't match image /Users/manaralsatrawi/GameDev/Blackwoods-Curse/BlackwoodsCurse/Library/ScriptAssemblies/Unity.InputSystem.ForUI.dll
Symbol file LoadedFromMemory is not a mono symbol file
Symbol file data-0x1170a4c00 doesn't match image /Users/manaralsatrawi/GameDev/Blackwoods-Curse/BlackwoodsCurse/Library/ScriptAssemblies/Unity.VisualScripting.SettingsProvider.Editor.dll
Symbol file LoadedFromMemory is not a mono symbol file
Symbol file data-0x1170a0c00 doesn't match image /Users/manaralsatrawi/GameDev/Blackwoods-Curse/BlackwoodsCurse/Library/ScriptAssemblies/Unity.TestTools.CodeCoverage.Editor.OpenCover.Mono.Reflection.dll
Symbol file LoadedFromMemory is not a mono symbol file
Symbol file data-0x328520000 doesn't match image /Users/manaralsatrawi/GameDev/Blackwoods-Curse/BlackwoodsCurse/Library/ScriptAssemblies/Unity.VisualScripting.Flow.dll
Symbol file LoadedFromMemory is not a mono symbol file
Symbol file data-0x3282d0000 doesn't match image /Users/manaralsatrawi/GameDev/Blackwoods-Curse/BlackwoodsCurse/Library/ScriptAssemblies/UnityEditor.UI.dll
Symbol file LoadedFromMemory is not a mono symbol file
Symbol file data-0x3286c0000 doesn't match image /Users/manaralsatrawi/GameDev/Blackwoods-Curse/BlackwoodsCurse/Library/ScriptAssemblies/Unity.InputSystem.dll
Symbol file LoadedFromMemory is not a mono symbol file
Symbol file data-0x3282d0000 doesn't match image /Users/manaralsatrawi/GameDev/Blackwoods-Curse/BlackwoodsCurse/Library/ScriptAssemblies/Unity.Rider.Editor.dll
Symbol file LoadedFromMemory is not a mono symbol file
Symbol file data-0x3286c0000 doesn't match image /Users/manaralsatrawi/GameDev/Blackwoods-Curse/BlackwoodsCurse/Library/ScriptAssemblies/Unity.PlasticSCM.Editor.dll
Symbol file LoadedFromMemory is not a mono symbol file
Symbol file data-0x3282d0000 doesn't match image /Users/manaralsatrawi/GameDev/Blackwoods-Curse/BlackwoodsCurse/Library/ScriptAssemblies/Unity.TestTools.CodeCoverage.Editor.dll
Symbol file LoadedFromMemory is not a mono symbol file
Symbol file data-0x3287c8000 doesn't match image /Users/manaralsatrawi/GameDev/Blackwoods-Curse/BlackwoodsCurse/Library/ScriptAssemblies/UnityEngine.UI.dll
Symbol file LoadedFromMemory is not a mono symbol file
Symbol file data-0x1170a9c00 doesn't match image /Users/manaralsatrawi/GameDev/Blackwoods-Curse/BlackwoodsCurse/Library/ScriptAssemblies/Unity.InputSystem.TestFramework.dll
Symbol file LoadedFromMemory is not a mono symbol file
Symbol file data-0x1170b8600 doesn't match image /Users/manaralsatrawi/GameDev/Blackwoods-Curse/BlackwoodsCurse/Library/ScriptAssemblies/Unity.VisualScripting.State.dll
Symbol file LoadedFromMemory is not a mono symbol file
Symbol file data-0x328878000 doesn't match image /Users/manaralsatrawi/GameDev/Blackwoods-Curse/BlackwoodsCurse/Library/ScriptAssemblies/Unity.VisualScripting.Core.dll
Symbol file LoadedFromMemory is not a mono symbol file
Symbol file data-0x1170b6400 doesn't match image /Users/manaralsatrawi/GameDev/Blackwoods-Curse/BlackwoodsCurse/Library/ScriptAssemblies/Unity.EditorCoroutines.Editor.dll
Symbol file LoadedFromMemory is not a mono symbol file
Native extension for OSXStandalone target not found
Refreshing native plugins compatible for Editor in 0.44 ms, found 2 plugins.
Preloading 0 native plugins for Editor in 0.00 ms.
[Package Manager] Server::EnsureServerProcessIsRunning -- launch failed, reason: Unity was launched with the -noUpm command-line argument
[Package Manager] Cannot connect to Unity Package Manager local server
Mono: successfully reloaded assembly
- Completed reload, in  1.035 seconds
Domain Reload Profiling:
	ReloadAssembly (1036ms)
		BeginReloadAssembly (90ms)
			ExecutionOrderSort (0ms)
			DisableScriptedObjects (3ms)
			BackupInstance (0ms)
			ReleaseScriptingObjects (0ms)
			CreateAndSetChildDomain (31ms)
		EndReloadAssembly (882ms)
			LoadAssemblies (44ms)
			RebuildTransferFunctionScriptingTraits (0ms)
			SetupTypeCache (230ms)
			ReleaseScriptCaches (1ms)
			RebuildScriptCaches (31ms)
			SetupLoadedEditorAssemblies (553ms)
				LogAssemblyErrors (0ms)
				InitializePlatformSupportModulesInManaged (2ms)
				SetLoadedEditorAssemblies (0ms)
				RefreshPlugins (0ms)
				BeforeProcessingInitializeOnLoad (37ms)
				ProcessInitializeOnLoadAttributes (503ms)
				ProcessInitializeOnLoadMethodAttributes (10ms)
				AfterProcessingInitializeOnLoad (1ms)
				EditorAssembliesLoaded (0ms)
			ExecutionOrderSort2 (0ms)
			AwakeInstancesAfterBackupRestoration (2ms)
Platform modules already initialized, skipping
Refreshing native plugins compatible for Editor in 0.44 ms, found 2 plugins.
Preloading 0 native plugins for Editor in 0.00 ms.
Unloading 3507 Unused Serialized files (Serialized files now loaded: 0)
Unloading 34 unused Assets / (22.9 KB). Loaded Objects now: 3992.
Memory consumption went from 207.5 MB to 207.4 MB.
Total: 1.964500 ms (FindLiveObjects: 0.107042 ms CreateObjectMapping: 0.042375 ms MarkObjects: 1.800875 ms  DeleteObjects: 0.013750 ms)

AssetImportParameters requested are different than current active one (requested -> active):
  custom:video-decoder-ogg-theora: a1e56fd34408186e4bbccfd4996cb3dc -> 
  custom:container-muxer-webm: aa71ff27fc2769a1b78a27578f13a17b -> 
  custom:container-demuxer-webm: 4f35f7cbe854078d1ac9338744f61a02 -> 
  custom:video-encoder-webm-vp8: eb34c28f22e8b96e1ab97ce403110664 -> 
  custom:framework-osx-AVFoundation: e770b220cccbd017edd2c1fefb359320 -> 
  custom:CustomObjectIndexerAttribute: bc11b3a6c3213fcdd17b65e7da85e133 -> 
  custom:audio-encoder-webm-vorbis: bf7c407c2cedff20999df2af8eb42d56 -> 
  custom:SearchIndexIgnoredProperties: e643bd26f0fe6173181afceb89e7c659 -> 
  custom:container-demuxer-ogg: 62fdf1f143b41e24485cea50d1cbac27 -> 
  custom:video-decoder-webm-vp8: 9c59270c3fd7afecdb556c50c9e8de78 -> 
  custom:audio-decoder-ogg-vorbis: bf7c407c2cedff20999df2af8eb42d56 -> 
========================================================================
Received Prepare
Registering precompiled user dll's ...
Registered in 0.002371 seconds.
Begin MonoManager ReloadAssembly
Thread 0x323957000 may have been prematurely finalized
Symbol file data-0x128d08000 doesn't match image /Users/manaralsatrawi/GameDev/Blackwoods-Curse/BlackwoodsCurse/Library/ScriptAssemblies/Unity.VisualScripting.Flow.Editor.dll
Symbol file LoadedFromMemory is not a mono symbol file
Symbol file data-0x332d21600 doesn't match image /Users/manaralsatrawi/GameDev/Blackwoods-Curse/BlackwoodsCurse/Library/ScriptAssemblies/Unity.VSCode.Editor.dll
Symbol file LoadedFromMemory is not a mono symbol file
Symbol file data-0x332d27c00 doesn't match image /Users/manaralsatrawi/GameDev/Blackwoods-Curse/BlackwoodsCurse/Library/ScriptAssemblies/Unity.VisualScripting.Shared.Editor.dll
Symbol file LoadedFromMemory is not a mono symbol file
Symbol file data-0x128d60000 doesn't match image /Users/manaralsatrawi/GameDev/Blackwoods-Curse/BlackwoodsCurse/Library/ScriptAssemblies/Unity.TextMeshPro.Editor.dll
Symbol file LoadedFromMemory is not a mono symbol file
Symbol file data-0x328d20000 doesn't match image /Users/manaralsatrawi/GameDev/Blackwoods-Curse/BlackwoodsCurse/Library/ScriptAssemblies/Unity.VisualStudio.Editor.dll
Symbol file LoadedFromMemory is not a mono symbol file
Symbol file data-0x128d78000 doesn't match image /Users/manaralsatrawi/GameDev/Blackwoods-Curse/BlackwoodsCurse/Library/ScriptAssemblies/Unity.Performance.Profile-Analyzer.Editor.dll
Symbol file LoadedFromMemory is not a mono symbol file
Symbol file data-0x332d27200 doesn't match image /Users/manaralsatrawi/GameDev/Blackwoods-Curse/BlackwoodsCurse/Library/ScriptAssemblies/Unity.TestTools.CodeCoverage.Editor.OpenCover.Model.dll
Symbol file LoadedFromMemory is not a mono symbol file
Symbol file data-0x332d2d200 doesn't match image /Users/manaralsatrawi/GameDev/Blackwoods-Curse/BlackwoodsCurse/Library/ScriptAssemblies/Unity.Settings.Editor.dll
Symbol file LoadedFromMemory is not a mono symbol file
Symbol file data-0x128d98000 doesn't match image /Users/manaralsatrawi/GameDev/Blackwoods-Curse/BlackwoodsCurse/Library/ScriptAssemblies/Unity.Timeline.Editor.dll
Symbol file LoadedFromMemory is not a mono symbol file
Symbol file data-0x128de0000 doesn't match image /Users/manaralsatrawi/GameDev/Blackwoods-Curse/BlackwoodsCurse/Library/ScriptAssemblies/Unity.Timeline.dll
Symbol file LoadedFromMemory is not a mono symbol file
Symbol file data-0x328f38000 doesn't match image /Users/manaralsatrawi/GameDev/Blackwoods-Curse/BlackwoodsCurse/Library/ScriptAssemblies/Unity.VisualScripting.Core.Editor.dll
Symbol file LoadedFromMemory is not a mono symbol file
Symbol file data-0x328ff0000 doesn't match image /Users/manaralsatrawi/GameDev/Blackwoods-Curse/BlackwoodsCurse/Library/ScriptAssemblies/Unity.TextMeshPro.dll
Symbol file LoadedFromMemory is not a mono symbol file
Symbol file data-0x328d20000 doesn't match image /Users/manaralsatrawi/GameDev/Blackwoods-Curse/BlackwoodsCurse/Library/ScriptAssemblies/Unity.VisualScripting.State.Editor.dll
Symbol file LoadedFromMemory is not a mono symbol file
Symbol file data-0x328d20000 doesn't match image /Users/manaralsatrawi/GameDev/Blackwoods-Curse/BlackwoodsCurse/Library/ScriptAssemblies/MerryYellow.CodeAssist.Editor.dll
Symbol file LoadedFromMemory is not a mono symbol file
Symbol file data-0x1264b9200 doesn't match image /Users/manaralsatrawi/GameDev/Blackwoods-Curse/BlackwoodsCurse/Library/ScriptAssemblies/Unity.CollabProxy.Editor.dll
Symbol file LoadedFromMemory is not a mono symbol file
Symbol file data-0x12672b000 doesn't match image /Users/manaralsatrawi/GameDev/Blackwoods-Curse/BlackwoodsCurse/Library/ScriptAssemblies/Unity.InputSystem.ForUI.dll
Symbol file LoadedFromMemory is not a mono symbol file
Symbol file data-0x12676cc00 doesn't match image /Users/manaralsatrawi/GameDev/Blackwoods-Curse/BlackwoodsCurse/Library/ScriptAssemblies/Unity.VisualScripting.SettingsProvider.Editor.dll
Symbol file LoadedFromMemory is not a mono symbol file
Symbol file data-0x321d75200 doesn't match image /Users/manaralsatrawi/GameDev/Blackwoods-Curse/BlackwoodsCurse/Library/ScriptAssemblies/Unity.TestTools.CodeCoverage.Editor.OpenCover.Mono.Reflection.dll
Symbol file LoadedFromMemory is not a mono symbol file
Symbol file data-0x310698000 doesn't match image /Users/manaralsatrawi/GameDev/Blackwoods-Curse/BlackwoodsCurse/Library/ScriptAssemblies/Unity.VisualScripting.Flow.dll
Symbol file LoadedFromMemory is not a mono symbol file
Symbol file data-0x310630000 doesn't match image /Users/manaralsatrawi/GameDev/Blackwoods-Curse/BlackwoodsCurse/Library/ScriptAssemblies/UnityEditor.UI.dll
Symbol file LoadedFromMemory is not a mono symbol file
Symbol file data-0x310850000 doesn't match image /Users/manaralsatrawi/GameDev/Blackwoods-Curse/BlackwoodsCurse/Library/ScriptAssemblies/Unity.InputSystem.dll
Symbol file LoadedFromMemory is not a mono symbol file
Symbol file data-0x310630000 doesn't match image /Users/manaralsatrawi/GameDev/Blackwoods-Curse/BlackwoodsCurse/Library/ScriptAssemblies/Unity.Rider.Editor.dll
Symbol file LoadedFromMemory is not a mono symbol file
Symbol file data-0x3108d8000 doesn't match image /Users/manaralsatrawi/GameDev/Blackwoods-Curse/BlackwoodsCurse/Library/ScriptAssemblies/Unity.PlasticSCM.Editor.dll
Symbol file LoadedFromMemory is not a mono symbol file
Symbol file data-0x310630000 doesn't match image /Users/manaralsatrawi/GameDev/Blackwoods-Curse/BlackwoodsCurse/Library/ScriptAssemblies/Unity.TestTools.CodeCoverage.Editor.dll
Symbol file LoadedFromMemory is not a mono symbol file
Symbol file data-0x310938000 doesn't match image /Users/manaralsatrawi/GameDev/Blackwoods-Curse/BlackwoodsCurse/Library/ScriptAssemblies/UnityEngine.UI.dll
Symbol file LoadedFromMemory is not a mono symbol file
Symbol file data-0x321d5b200 doesn't match image /Users/manaralsatrawi/GameDev/Blackwoods-Curse/BlackwoodsCurse/Library/ScriptAssemblies/Unity.InputSystem.TestFramework.dll
Symbol file LoadedFromMemory is not a mono symbol file
Symbol file data-0x321f94e00 doesn't match image /Users/manaralsatrawi/GameDev/Blackwoods-Curse/BlackwoodsCurse/Library/ScriptAssemblies/Unity.VisualScripting.State.dll
Symbol file LoadedFromMemory is not a mono symbol file
Symbol file data-0x3109e8000 doesn't match image /Users/manaralsatrawi/GameDev/Blackwoods-Curse/BlackwoodsCurse/Library/ScriptAssemblies/Unity.VisualScripting.Core.dll
Symbol file LoadedFromMemory is not a mono symbol file
Symbol file data-0x321f9ee00 doesn't match image /Users/manaralsatrawi/GameDev/Blackwoods-Curse/BlackwoodsCurse/Library/ScriptAssemblies/Unity.EditorCoroutines.Editor.dll
Symbol file LoadedFromMemory is not a mono symbol file
Native extension for OSXStandalone target not found
Refreshing native plugins compatible for Editor in 0.46 ms, found 2 plugins.
Preloading 0 native plugins for Editor in 0.00 ms.
[Package Manager] Server::EnsureServerProcessIsRunning -- launch failed, reason: Unity was launched with the -noUpm command-line argument
[Package Manager] Cannot connect to Unity Package Manager local server
Mono: successfully reloaded assembly
- Completed reload, in  1.046 seconds
Domain Reload Profiling:
	ReloadAssembly (1047ms)
		BeginReloadAssembly (123ms)
			ExecutionOrderSort (0ms)
			DisableScriptedObjects (5ms)
			BackupInstance (0ms)
			ReleaseScriptingObjects (0ms)
			CreateAndSetChildDomain (47ms)
		EndReloadAssembly (859ms)
			LoadAssemblies (49ms)
			RebuildTransferFunctionScriptingTraits (0ms)
			SetupTypeCache (217ms)
			ReleaseScriptCaches (1ms)
			RebuildScriptCaches (30ms)
			SetupLoadedEditorAssemblies (540ms)
				LogAssemblyErrors (0ms)
				InitializePlatformSupportModulesInManaged (2ms)
				SetLoadedEditorAssemblies (0ms)
				RefreshPlugins (0ms)
				BeforeProcessingInitializeOnLoad (37ms)
				ProcessInitializeOnLoadAttributes (489ms)
				ProcessInitializeOnLoadMethodAttributes (11ms)
				AfterProcessingInitializeOnLoad (1ms)
				EditorAssembliesLoaded (0ms)
			ExecutionOrderSort2 (0ms)
			AwakeInstancesAfterBackupRestoration (2ms)
Platform modules already initialized, skipping
Refreshing native plugins compatible for Editor in 0.50 ms, found 2 plugins.
Preloading 0 native plugins for Editor in 0.00 ms.
Unloading 3507 Unused Serialized files (Serialized files now loaded: 0)
Unloading 34 unused Assets / (21.9 KB). Loaded Objects now: 3995.
Memory consumption went from 207.5 MB to 207.4 MB.
Total: 2.291791 ms (FindLiveObjects: 0.130166 ms CreateObjectMapping: 0.043584 ms MarkObjects: 2.085209 ms  DeleteObjects: 0.031958 ms)

AssetImportParameters requested are different than current active one (requested -> active):
  custom:video-decoder-ogg-theora: a1e56fd34408186e4bbccfd4996cb3dc -> 
  custom:container-muxer-webm: aa71ff27fc2769a1b78a27578f13a17b -> 
  custom:container-demuxer-webm: 4f35f7cbe854078d1ac9338744f61a02 -> 
  custom:video-encoder-webm-vp8: eb34c28f22e8b96e1ab97ce403110664 -> 
  custom:framework-osx-AVFoundation: e770b220cccbd017edd2c1fefb359320 -> 
  custom:CustomObjectIndexerAttribute: bc11b3a6c3213fcdd17b65e7da85e133 -> 
  custom:audio-encoder-webm-vorbis: bf7c407c2cedff20999df2af8eb42d56 -> 
  custom:SearchIndexIgnoredProperties: e643bd26f0fe6173181afceb89e7c659 -> 
  custom:container-demuxer-ogg: 62fdf1f143b41e24485cea50d1cbac27 -> 
  custom:video-decoder-webm-vp8: 9c59270c3fd7afecdb556c50c9e8de78 -> 
  custom:audio-decoder-ogg-vorbis: bf7c407c2cedff20999df2af8eb42d56 -> 
========================================================================
Received Import Request.
  Time since last request: 229767.381134 seconds.
  path: Assets/Scripts/CandlePickup.cs
  artifactKey: Guid(27924210d90084d26939452dab643581) Importer(815301076,1909f56bfc062723c751e8b465ee728b)
Number of updated assets reloaded before import = 0
Start importing Assets/Scripts/CandlePickup.cs using Guid(27924210d90084d26939452dab643581) Importer(815301076,1909f56bfc062723c751e8b465ee728b)  -> (artifact id: '5268b3963c82b99ad31c4a69e82c7acb') in 0.059692 seconds 
Number of asset objects unloaded after import = 0
========================================================================
Received Prepare
Registering precompiled user dll's ...
Registered in 0.002262 seconds.
Begin MonoManager ReloadAssembly
Thread 0x323557000 may have been prematurely finalized
Symbol file data-0x311fd0000 doesn't match image /Users/manaralsatrawi/GameDev/Blackwoods-Curse/BlackwoodsCurse/Library/ScriptAssemblies/Unity.VisualScripting.Flow.Editor.dll
Symbol file LoadedFromMemory is not a mono symbol file
Symbol file data-0x124df0200 doesn't match image /Users/manaralsatrawi/GameDev/Blackwoods-Curse/BlackwoodsCurse/Library/ScriptAssemblies/Unity.VSCode.Editor.dll
Symbol file LoadedFromMemory is not a mono symbol file
Symbol file data-0x1248cf000 doesn't match image /Users/manaralsatrawi/GameDev/Blackwoods-Curse/BlackwoodsCurse/Library/ScriptAssemblies/Unity.VisualScripting.Shared.Editor.dll
Symbol file LoadedFromMemory is not a mono symbol file
Symbol file data-0x310748000 doesn't match image /Users/manaralsatrawi/GameDev/Blackwoods-Curse/BlackwoodsCurse/Library/ScriptAssemblies/Unity.TextMeshPro.Editor.dll
Symbol file LoadedFromMemory is not a mono symbol file
Symbol file data-0x310760000 doesn't match image /Users/manaralsatrawi/GameDev/Blackwoods-Curse/BlackwoodsCurse/Library/ScriptAssemblies/Unity.VisualStudio.Editor.dll
Symbol file LoadedFromMemory is not a mono symbol file
Symbol file data-0x3107b0000 doesn't match image /Users/manaralsatrawi/GameDev/Blackwoods-Curse/BlackwoodsCurse/Library/ScriptAssemblies/Unity.Performance.Profile-Analyzer.Editor.dll
Symbol file LoadedFromMemory is not a mono symbol file
Symbol file data-0x124df0200 doesn't match image /Users/manaralsatrawi/GameDev/Blackwoods-Curse/BlackwoodsCurse/Library/ScriptAssemblies/Unity.TestTools.CodeCoverage.Editor.OpenCover.Model.dll
Symbol file LoadedFromMemory is not a mono symbol file
Symbol file data-0x124f04400 doesn't match image /Users/manaralsatrawi/GameDev/Blackwoods-Curse/BlackwoodsCurse/Library/ScriptAssemblies/Unity.Settings.Editor.dll
Symbol file LoadedFromMemory is not a mono symbol file
Symbol file data-0x310878000 doesn't match image /Users/manaralsatrawi/GameDev/Blackwoods-Curse/BlackwoodsCurse/Library/ScriptAssemblies/Unity.Timeline.Editor.dll
Symbol file LoadedFromMemory is not a mono symbol file
Symbol file data-0x3108e8000 doesn't match image /Users/manaralsatrawi/GameDev/Blackwoods-Curse/BlackwoodsCurse/Library/ScriptAssemblies/Unity.Timeline.dll
Symbol file LoadedFromMemory is not a mono symbol file
Symbol file data-0x310a00000 doesn't match image /Users/manaralsatrawi/GameDev/Blackwoods-Curse/BlackwoodsCurse/Library/ScriptAssemblies/Unity.VisualScripting.Core.Editor.dll
Symbol file LoadedFromMemory is not a mono symbol file
Symbol file data-0x310878000 doesn't match image /Users/manaralsatrawi/GameDev/Blackwoods-Curse/BlackwoodsCurse/Library/ScriptAssemblies/Unity.TextMeshPro.dll
Symbol file LoadedFromMemory is not a mono symbol file
Symbol file data-0x3108e8000 doesn't match image /Users/manaralsatrawi/GameDev/Blackwoods-Curse/BlackwoodsCurse/Library/ScriptAssemblies/Unity.VisualScripting.State.Editor.dll
Symbol file LoadedFromMemory is not a mono symbol file
Symbol file data-0x3108e8000 doesn't match image /Users/manaralsatrawi/GameDev/Blackwoods-Curse/BlackwoodsCurse/Library/ScriptAssemblies/MerryYellow.CodeAssist.Editor.dll
Symbol file LoadedFromMemory is not a mono symbol file
Symbol file data-0x33382d000 doesn't match image /Users/manaralsatrawi/GameDev/Blackwoods-Curse/BlackwoodsCurse/Library/ScriptAssemblies/Unity.CollabProxy.Editor.dll
Symbol file LoadedFromMemory is not a mono symbol file
Symbol file data-0x33381e200 doesn't match image /Users/manaralsatrawi/GameDev/Blackwoods-Curse/BlackwoodsCurse/Library/ScriptAssemblies/Unity.InputSystem.ForUI.dll
Symbol file LoadedFromMemory is not a mono symbol file
Symbol file data-0x333814200 doesn't match image /Users/manaralsatrawi/GameDev/Blackwoods-Curse/BlackwoodsCurse/Library/ScriptAssemblies/Unity.VisualScripting.SettingsProvider.Editor.dll
Symbol file LoadedFromMemory is not a mono symbol file
Symbol file data-0x333814200 doesn't match image /Users/manaralsatrawi/GameDev/Blackwoods-Curse/BlackwoodsCurse/Library/ScriptAssemblies/Unity.TestTools.CodeCoverage.Editor.OpenCover.Mono.Reflection.dll
Symbol file LoadedFromMemory is not a mono symbol file
Symbol file data-0x130050000 doesn't match image /Users/manaralsatrawi/GameDev/Blackwoods-Curse/BlackwoodsCurse/Library/ScriptAssemblies/Unity.VisualScripting.Flow.dll
Symbol file LoadedFromMemory is not a mono symbol file
Symbol file data-0x1300b0000 doesn't match image /Users/manaralsatrawi/GameDev/Blackwoods-Curse/BlackwoodsCurse/Library/ScriptAssemblies/UnityEditor.UI.dll
Symbol file LoadedFromMemory is not a mono symbol file
Symbol file data-0x130230000 doesn't match image /Users/manaralsatrawi/GameDev/Blackwoods-Curse/BlackwoodsCurse/Library/ScriptAssemblies/Unity.InputSystem.dll
Symbol file LoadedFromMemory is not a mono symbol file
Symbol file data-0x1300b0000 doesn't match image /Users/manaralsatrawi/GameDev/Blackwoods-Curse/BlackwoodsCurse/Library/ScriptAssemblies/Unity.Rider.Editor.dll
Symbol file LoadedFromMemory is not a mono symbol file
Symbol file data-0x1302b8000 doesn't match image /Users/manaralsatrawi/GameDev/Blackwoods-Curse/BlackwoodsCurse/Library/ScriptAssemblies/Unity.PlasticSCM.Editor.dll
Symbol file LoadedFromMemory is not a mono symbol file
Symbol file data-0x1300b0000 doesn't match image /Users/manaralsatrawi/GameDev/Blackwoods-Curse/BlackwoodsCurse/Library/ScriptAssemblies/Unity.TestTools.CodeCoverage.Editor.dll
Symbol file LoadedFromMemory is not a mono symbol file
Symbol file data-0x130318000 doesn't match image /Users/manaralsatrawi/GameDev/Blackwoods-Curse/BlackwoodsCurse/Library/ScriptAssemblies/UnityEngine.UI.dll
Symbol file LoadedFromMemory is not a mono symbol file
Symbol file data-0x12702b600 doesn't match image /Users/manaralsatrawi/GameDev/Blackwoods-Curse/BlackwoodsCurse/Library/ScriptAssemblies/Unity.InputSystem.TestFramework.dll
Symbol file LoadedFromMemory is not a mono symbol file
Symbol file data-0x127037e00 doesn't match image /Users/manaralsatrawi/GameDev/Blackwoods-Curse/BlackwoodsCurse/Library/ScriptAssemblies/Unity.VisualScripting.State.dll
Symbol file LoadedFromMemory is not a mono symbol file
Symbol file data-0x1303c8000 doesn't match image /Users/manaralsatrawi/GameDev/Blackwoods-Curse/BlackwoodsCurse/Library/ScriptAssemblies/Unity.VisualScripting.Core.dll
Symbol file LoadedFromMemory is not a mono symbol file
Symbol file data-0x12702b600 doesn't match image /Users/manaralsatrawi/GameDev/Blackwoods-Curse/BlackwoodsCurse/Library/ScriptAssemblies/Unity.EditorCoroutines.Editor.dll
Symbol file LoadedFromMemory is not a mono symbol file
Native extension for OSXStandalone target not found
Refreshing native plugins compatible for Editor in 0.45 ms, found 2 plugins.
Preloading 0 native plugins for Editor in 0.00 ms.
[Package Manager] Server::EnsureServerProcessIsRunning -- launch failed, reason: Unity was launched with the -noUpm command-line argument
[Package Manager] Cannot connect to Unity Package Manager local server
Mono: successfully reloaded assembly
- Completed reload, in  1.053 seconds
Domain Reload Profiling:
	ReloadAssembly (1055ms)
		BeginReloadAssembly (129ms)
			ExecutionOrderSort (0ms)
			DisableScriptedObjects (4ms)
			BackupInstance (0ms)
			ReleaseScriptingObjects (0ms)
			CreateAndSetChildDomain (52ms)
		EndReloadAssembly (860ms)
			LoadAssemblies (44ms)
			RebuildTransferFunctionScriptingTraits (0ms)
			SetupTypeCache (216ms)
			ReleaseScriptCaches (1ms)
			RebuildScriptCaches (30ms)
			SetupLoadedEditorAssemblies (545ms)
				LogAssemblyErrors (0ms)
				InitializePlatformSupportModulesInManaged (2ms)
				SetLoadedEditorAssemblies (0ms)
				RefreshPlugins (0ms)
				BeforeProcessingInitializeOnLoad (37ms)
				ProcessInitializeOnLoadAttributes (494ms)
				ProcessInitializeOnLoadMethodAttributes (10ms)
				AfterProcessingInitializeOnLoad (1ms)
				EditorAssembliesLoaded (0ms)
			ExecutionOrderSort2 (0ms)
			AwakeInstancesAfterBackupRestoration (2ms)
Platform modules already initialized, skipping
Refreshing native plugins compatible for Editor in 0.49 ms, found 2 plugins.
Preloading 0 native plugins for Editor in 0.00 ms.
Unloading 3508 Unused Serialized files (Serialized files now loaded: 0)
Unloading 34 unused Assets / (21.9 KB). Loaded Objects now: 3999.
Memory consumption went from 211.6 MB to 211.6 MB.
Total: 2.300500 ms (FindLiveObjects: 0.112291 ms CreateObjectMapping: 0.042334 ms MarkObjects: 2.125583 ms  DeleteObjects: 0.019625 ms)

AssetImportParameters requested are different than current active one (requested -> active):
  custom:video-decoder-ogg-theora: a1e56fd34408186e4bbccfd4996cb3dc -> 
  custom:container-muxer-webm: aa71ff27fc2769a1b78a27578f13a17b -> 
  custom:container-demuxer-webm: 4f35f7cbe854078d1ac9338744f61a02 -> 
  custom:video-encoder-webm-vp8: eb34c28f22e8b96e1ab97ce403110664 -> 
  custom:framework-osx-AVFoundation: e770b220cccbd017edd2c1fefb359320 -> 
  custom:CustomObjectIndexerAttribute: bc11b3a6c3213fcdd17b65e7da85e133 -> 
  custom:audio-encoder-webm-vorbis: bf7c407c2cedff20999df2af8eb42d56 -> 
  custom:SearchIndexIgnoredProperties: e643bd26f0fe6173181afceb89e7c659 -> 
  custom:container-demuxer-ogg: 62fdf1f143b41e24485cea50d1cbac27 -> 
  custom:video-decoder-webm-vp8: 9c59270c3fd7afecdb556c50c9e8de78 -> 
  custom:audio-decoder-ogg-vorbis: bf7c407c2cedff20999df2af8eb42d56 -> 
========================================================================
Received Prepare
Registering precompiled user dll's ...
Registered in 0.003070 seconds.
Begin MonoManager ReloadAssembly
Thread 0x16dfef000 may have been prematurely finalized
Symbol file data-0x311fb0000 doesn't match image /Users/manaralsatrawi/GameDev/Blackwoods-Curse/BlackwoodsCurse/Library/ScriptAssemblies/Unity.VisualScripting.Flow.Editor.dll
Symbol file LoadedFromMemory is not a mono symbol file
Symbol file data-0x127936200 doesn't match image /Users/manaralsatrawi/GameDev/Blackwoods-Curse/BlackwoodsCurse/Library/ScriptAssemblies/Unity.VSCode.Editor.dll
Symbol file LoadedFromMemory is not a mono symbol file
Symbol file data-0x12793c800 doesn't match image /Users/manaralsatrawi/GameDev/Blackwoods-Curse/BlackwoodsCurse/Library/ScriptAssemblies/Unity.VisualScripting.Shared.Editor.dll
Symbol file LoadedFromMemory is not a mono symbol file
Symbol file data-0x310748000 doesn't match image /Users/manaralsatrawi/GameDev/Blackwoods-Curse/BlackwoodsCurse/Library/ScriptAssemblies/Unity.TextMeshPro.Editor.dll
Symbol file LoadedFromMemory is not a mono symbol file
Symbol file data-0x3111a0000 doesn't match image /Users/manaralsatrawi/GameDev/Blackwoods-Curse/BlackwoodsCurse/Library/ScriptAssemblies/Unity.VisualStudio.Editor.dll
Symbol file LoadedFromMemory is not a mono symbol file
Symbol file data-0x310788000 doesn't match image /Users/manaralsatrawi/GameDev/Blackwoods-Curse/BlackwoodsCurse/Library/ScriptAssemblies/Unity.Performance.Profile-Analyzer.Editor.dll
Symbol file LoadedFromMemory is not a mono symbol file
Symbol file data-0x12793be00 doesn't match image /Users/manaralsatrawi/GameDev/Blackwoods-Curse/BlackwoodsCurse/Library/ScriptAssemblies/Unity.TestTools.CodeCoverage.Editor.OpenCover.Model.dll
Symbol file LoadedFromMemory is not a mono symbol file
Symbol file data-0x127941e00 doesn't match image /Users/manaralsatrawi/GameDev/Blackwoods-Curse/BlackwoodsCurse/Library/ScriptAssemblies/Unity.Settings.Editor.dll
Symbol file LoadedFromMemory is not a mono symbol file
Symbol file data-0x311268000 doesn't match image /Users/manaralsatrawi/GameDev/Blackwoods-Curse/BlackwoodsCurse/Library/ScriptAssemblies/Unity.Timeline.Editor.dll
Symbol file LoadedFromMemory is not a mono symbol file
Symbol file data-0x3112d8000 doesn't match image /Users/manaralsatrawi/GameDev/Blackwoods-Curse/BlackwoodsCurse/Library/ScriptAssemblies/Unity.Timeline.dll
Symbol file LoadedFromMemory is not a mono symbol file
Symbol file data-0x3113f0000 doesn't match image /Users/manaralsatrawi/GameDev/Blackwoods-Curse/BlackwoodsCurse/Library/ScriptAssemblies/Unity.VisualScripting.Core.Editor.dll
Symbol file LoadedFromMemory is not a mono symbol file
Symbol file data-0x311268000 doesn't match image /Users/manaralsatrawi/GameDev/Blackwoods-Curse/BlackwoodsCurse/Library/ScriptAssemblies/Unity.TextMeshPro.dll
Symbol file LoadedFromMemory is not a mono symbol file
Symbol file data-0x3112d8000 doesn't match image /Users/manaralsatrawi/GameDev/Blackwoods-Curse/BlackwoodsCurse/Library/ScriptAssemblies/Unity.VisualScripting.State.Editor.dll
Symbol file LoadedFromMemory is not a mono symbol file
Symbol file data-0x3112d8000 doesn't match image /Users/manaralsatrawi/GameDev/Blackwoods-Curse/BlackwoodsCurse/Library/ScriptAssemblies/MerryYellow.CodeAssist.Editor.dll
Symbol file LoadedFromMemory is not a mono symbol file
Symbol file data-0x12793f200 doesn't match image /Users/manaralsatrawi/GameDev/Blackwoods-Curse/BlackwoodsCurse/Library/ScriptAssemblies/Unity.CollabProxy.Editor.dll
Symbol file LoadedFromMemory is not a mono symbol file
Symbol file data-0x127944c00 doesn't match image /Users/manaralsatrawi/GameDev/Blackwoods-Curse/BlackwoodsCurse/Library/ScriptAssemblies/Unity.InputSystem.ForUI.dll
Symbol file LoadedFromMemory is not a mono symbol file
Symbol file data-0x127948c00 doesn't match image /Users/manaralsatrawi/GameDev/Blackwoods-Curse/BlackwoodsCurse/Library/ScriptAssemblies/Unity.VisualScripting.SettingsProvider.Editor.dll
Symbol file LoadedFromMemory is not a mono symbol file
Symbol file data-0x127944c00 doesn't match image /Users/manaralsatrawi/GameDev/Blackwoods-Curse/BlackwoodsCurse/Library/ScriptAssemblies/Unity.TestTools.CodeCoverage.Editor.OpenCover.Mono.Reflection.dll
Symbol file LoadedFromMemory is not a mono symbol file
Symbol file data-0x311500000 doesn't match image /Users/manaralsatrawi/GameDev/Blackwoods-Curse/BlackwoodsCurse/Library/ScriptAssemblies/Unity.VisualScripting.Flow.dll
Symbol file LoadedFromMemory is not a mono symbol file
Symbol file data-0x311438000 doesn't match image /Users/manaralsatrawi/GameDev/Blackwoods-Curse/BlackwoodsCurse/Library/ScriptAssemblies/UnityEditor.UI.dll
Symbol file LoadedFromMemory is not a mono symbol file
Symbol file data-0x311670000 doesn't match image /Users/manaralsatrawi/GameDev/Blackwoods-Curse/BlackwoodsCurse/Library/ScriptAssemblies/Unity.InputSystem.dll
Symbol file LoadedFromMemory is not a mono symbol file
Symbol file data-0x311438000 doesn't match image /Users/manaralsatrawi/GameDev/Blackwoods-Curse/BlackwoodsCurse/Library/ScriptAssemblies/Unity.Rider.Editor.dll
Symbol file LoadedFromMemory is not a mono symbol file
Symbol file data-0x311670000 doesn't match image /Users/manaralsatrawi/GameDev/Blackwoods-Curse/BlackwoodsCurse/Library/ScriptAssemblies/Unity.PlasticSCM.Editor.dll
Symbol file LoadedFromMemory is not a mono symbol file
Symbol file data-0x311438000 doesn't match image /Users/manaralsatrawi/GameDev/Blackwoods-Curse/BlackwoodsCurse/Library/ScriptAssemblies/Unity.TestTools.CodeCoverage.Editor.dll
Symbol file LoadedFromMemory is not a mono symbol file
Symbol file data-0x311790000 doesn't match image /Users/manaralsatrawi/GameDev/Blackwoods-Curse/BlackwoodsCurse/Library/ScriptAssemblies/UnityEngine.UI.dll
Symbol file LoadedFromMemory is not a mono symbol file
Symbol file data-0x12794dc00 doesn't match image /Users/manaralsatrawi/GameDev/Blackwoods-Curse/BlackwoodsCurse/Library/ScriptAssemblies/Unity.InputSystem.TestFramework.dll
Symbol file LoadedFromMemory is not a mono symbol file
Symbol file data-0x12795a400 doesn't match image /Users/manaralsatrawi/GameDev/Blackwoods-Curse/BlackwoodsCurse/Library/ScriptAssemblies/Unity.VisualScripting.State.dll
Symbol file LoadedFromMemory is not a mono symbol file
Symbol file data-0x311840000 doesn't match image /Users/manaralsatrawi/GameDev/Blackwoods-Curse/BlackwoodsCurse/Library/ScriptAssemblies/Unity.VisualScripting.Core.dll
Symbol file LoadedFromMemory is not a mono symbol file
Symbol file data-0x12795a400 doesn't match image /Users/manaralsatrawi/GameDev/Blackwoods-Curse/BlackwoodsCurse/Library/ScriptAssemblies/Unity.EditorCoroutines.Editor.dll
Symbol file LoadedFromMemory is not a mono symbol file
Native extension for OSXStandalone target not found
Refreshing native plugins compatible for Editor in 0.45 ms, found 2 plugins.
Preloading 0 native plugins for Editor in 0.00 ms.
[Package Manager] Server::EnsureServerProcessIsRunning -- launch failed, reason: Unity was launched with the -noUpm command-line argument
[Package Manager] Cannot connect to Unity Package Manager local server
Mono: successfully reloaded assembly
- Completed reload, in  1.011 seconds
Domain Reload Profiling:
	ReloadAssembly (1011ms)
		BeginReloadAssembly (92ms)
			ExecutionOrderSort (0ms)
			DisableScriptedObjects (3ms)
			BackupInstance (0ms)
			ReleaseScriptingObjects (0ms)
			CreateAndSetChildDomain (34ms)
		EndReloadAssembly (858ms)
			LoadAssemblies (44ms)
			RebuildTransferFunctionScriptingTraits (0ms)
			SetupTypeCache (213ms)
			ReleaseScriptCaches (1ms)
			RebuildScriptCaches (31ms)
			SetupLoadedEditorAssemblies (543ms)
				LogAssemblyErrors (0ms)
				InitializePlatformSupportModulesInManaged (2ms)
				SetLoadedEditorAssemblies (0ms)
				RefreshPlugins (0ms)
				BeforeProcessingInitializeOnLoad (37ms)
				ProcessInitializeOnLoadAttributes (492ms)
				ProcessInitializeOnLoadMethodAttributes (11ms)
				AfterProcessingInitializeOnLoad (1ms)
				EditorAssembliesLoaded (0ms)
			ExecutionOrderSort2 (0ms)
			AwakeInstancesAfterBackupRestoration (2ms)
Platform modules already initialized, skipping
Refreshing native plugins compatible for Editor in 0.52 ms, found 2 plugins.
Preloading 0 native plugins for Editor in 0.00 ms.
Unloading 3508 Unused Serialized files (Serialized files now loaded: 0)
Unloading 34 unused Assets / (23.0 KB). Loaded Objects now: 4002.
Memory consumption went from 211.6 MB to 211.6 MB.
Total: 2.142541 ms (FindLiveObjects: 0.108958 ms CreateObjectMapping: 0.042542 ms MarkObjects: 1.973916 ms  DeleteObjects: 0.016500 ms)

AssetImportParameters requested are different than current active one (requested -> active):
  custom:video-decoder-ogg-theora: a1e56fd34408186e4bbccfd4996cb3dc -> 
  custom:container-muxer-webm: aa71ff27fc2769a1b78a27578f13a17b -> 
  custom:container-demuxer-webm: 4f35f7cbe854078d1ac9338744f61a02 -> 
  custom:video-encoder-webm-vp8: eb34c28f22e8b96e1ab97ce403110664 -> 
  custom:framework-osx-AVFoundation: e770b220cccbd017edd2c1fefb359320 -> 
  custom:CustomObjectIndexerAttribute: bc11b3a6c3213fcdd17b65e7da85e133 -> 
  custom:audio-encoder-webm-vorbis: bf7c407c2cedff20999df2af8eb42d56 -> 
  custom:SearchIndexIgnoredProperties: e643bd26f0fe6173181afceb89e7c659 -> 
  custom:container-demuxer-ogg: 62fdf1f143b41e24485cea50d1cbac27 -> 
  custom:video-decoder-webm-vp8: 9c59270c3fd7afecdb556c50c9e8de78 -> 
  custom:audio-decoder-ogg-vorbis: bf7c407c2cedff20999df2af8eb42d56 -> 
========================================================================
Received Prepare
Registering precompiled user dll's ...
Registered in 0.002277 seconds.
Begin MonoManager ReloadAssembly
Thread 0x16dfef000 may have been prematurely finalized
Symbol file data-0x128da0000 doesn't match image /Users/manaralsatrawi/GameDev/Blackwoods-Curse/BlackwoodsCurse/Library/ScriptAssemblies/Unity.VisualScripting.Flow.Editor.dll
Symbol file LoadedFromMemory is not a mono symbol file
Symbol file data-0x127683800 doesn't match image /Users/manaralsatrawi/GameDev/Blackwoods-Curse/BlackwoodsCurse/Library/ScriptAssemblies/Unity.VSCode.Editor.dll
Symbol file LoadedFromMemory is not a mono symbol file
Symbol file data-0x12768ce00 doesn't match image /Users/manaralsatrawi/GameDev/Blackwoods-Curse/BlackwoodsCurse/Library/ScriptAssemblies/Unity.VisualScripting.Shared.Editor.dll
Symbol file LoadedFromMemory is not a mono symbol file
Symbol file data-0x128df8000 doesn't match image /Users/manaralsatrawi/GameDev/Blackwoods-Curse/BlackwoodsCurse/Library/ScriptAssemblies/Unity.TextMeshPro.Editor.dll
Symbol file LoadedFromMemory is not a mono symbol file
Symbol file data-0x128e10000 doesn't match image /Users/manaralsatrawi/GameDev/Blackwoods-Curse/BlackwoodsCurse/Library/ScriptAssemblies/Unity.VisualStudio.Editor.dll
Symbol file LoadedFromMemory is not a mono symbol file
Symbol file data-0x128e20000 doesn't match image /Users/manaralsatrawi/GameDev/Blackwoods-Curse/BlackwoodsCurse/Library/ScriptAssemblies/Unity.Performance.Profile-Analyzer.Editor.dll
Symbol file LoadedFromMemory is not a mono symbol file
Symbol file data-0x127654e00 doesn't match image /Users/manaralsatrawi/GameDev/Blackwoods-Curse/BlackwoodsCurse/Library/ScriptAssemblies/Unity.TestTools.CodeCoverage.Editor.OpenCover.Model.dll
Symbol file LoadedFromMemory is not a mono symbol file
Symbol file data-0x12765f200 doesn't match image /Users/manaralsatrawi/GameDev/Blackwoods-Curse/BlackwoodsCurse/Library/ScriptAssemblies/Unity.Settings.Editor.dll
Symbol file LoadedFromMemory is not a mono symbol file
Symbol file data-0x128f50000 doesn't match image /Users/manaralsatrawi/GameDev/Blackwoods-Curse/BlackwoodsCurse/Library/ScriptAssemblies/Unity.Timeline.Editor.dll
Symbol file LoadedFromMemory is not a mono symbol file
Symbol file data-0x128e08000 doesn't match image /Users/manaralsatrawi/GameDev/Blackwoods-Curse/BlackwoodsCurse/Library/ScriptAssemblies/Unity.Timeline.dll
Symbol file LoadedFromMemory is not a mono symbol file
Symbol file data-0x1290c0000 doesn't match image /Users/manaralsatrawi/GameDev/Blackwoods-Curse/BlackwoodsCurse/Library/ScriptAssemblies/Unity.VisualScripting.Core.Editor.dll
Symbol file LoadedFromMemory is not a mono symbol file
Symbol file data-0x128f50000 doesn't match image /Users/manaralsatrawi/GameDev/Blackwoods-Curse/BlackwoodsCurse/Library/ScriptAssemblies/Unity.TextMeshPro.dll
Symbol file LoadedFromMemory is not a mono symbol file
Symbol file data-0x128e08000 doesn't match image /Users/manaralsatrawi/GameDev/Blackwoods-Curse/BlackwoodsCurse/Library/ScriptAssemblies/Unity.VisualScripting.State.Editor.dll
Symbol file LoadedFromMemory is not a mono symbol file
Symbol file data-0x128e08000 doesn't match image /Users/manaralsatrawi/GameDev/Blackwoods-Curse/BlackwoodsCurse/Library/ScriptAssemblies/MerryYellow.CodeAssist.Editor.dll
Symbol file LoadedFromMemory is not a mono symbol file
Symbol file data-0x125a74000 doesn't match image /Users/manaralsatrawi/GameDev/Blackwoods-Curse/BlackwoodsCurse/Library/ScriptAssemblies/Unity.CollabProxy.Editor.dll
Symbol file LoadedFromMemory is not a mono symbol file
Symbol file data-0x127683800 doesn't match image /Users/manaralsatrawi/GameDev/Blackwoods-Curse/BlackwoodsCurse/Library/ScriptAssemblies/Unity.InputSystem.ForUI.dll
Symbol file LoadedFromMemory is not a mono symbol file
Symbol file data-0x127662e00 doesn't match image /Users/manaralsatrawi/GameDev/Blackwoods-Curse/BlackwoodsCurse/Library/ScriptAssemblies/Unity.VisualScripting.SettingsProvider.Editor.dll
Symbol file LoadedFromMemory is not a mono symbol file
Symbol file data-0x127662e00 doesn't match image /Users/manaralsatrawi/GameDev/Blackwoods-Curse/BlackwoodsCurse/Library/ScriptAssemblies/Unity.TestTools.CodeCoverage.Editor.OpenCover.Mono.Reflection.dll
Symbol file LoadedFromMemory is not a mono symbol file
Symbol file data-0x1291d0000 doesn't match image /Users/manaralsatrawi/GameDev/Blackwoods-Curse/BlackwoodsCurse/Library/ScriptAssemblies/Unity.VisualScripting.Flow.dll
Symbol file LoadedFromMemory is not a mono symbol file
Symbol file data-0x129108000 doesn't match image /Users/manaralsatrawi/GameDev/Blackwoods-Curse/BlackwoodsCurse/Library/ScriptAssemblies/UnityEditor.UI.dll
Symbol file LoadedFromMemory is not a mono symbol file
Symbol file data-0x129340000 doesn't match image /Users/manaralsatrawi/GameDev/Blackwoods-Curse/BlackwoodsCurse/Library/ScriptAssemblies/Unity.InputSystem.dll
Symbol file LoadedFromMemory is not a mono symbol file
Symbol file data-0x129108000 doesn't match image /Users/manaralsatrawi/GameDev/Blackwoods-Curse/BlackwoodsCurse/Library/ScriptAssemblies/Unity.Rider.Editor.dll
Symbol file LoadedFromMemory is not a mono symbol file
Symbol file data-0x129340000 doesn't match image /Users/manaralsatrawi/GameDev/Blackwoods-Curse/BlackwoodsCurse/Library/ScriptAssemblies/Unity.PlasticSCM.Editor.dll
Symbol file LoadedFromMemory is not a mono symbol file
Symbol file data-0x129108000 doesn't match image /Users/manaralsatrawi/GameDev/Blackwoods-Curse/BlackwoodsCurse/Library/ScriptAssemblies/Unity.TestTools.CodeCoverage.Editor.dll
Symbol file LoadedFromMemory is not a mono symbol file
Symbol file data-0x129380000 doesn't match image /Users/manaralsatrawi/GameDev/Blackwoods-Curse/BlackwoodsCurse/Library/ScriptAssemblies/UnityEngine.UI.dll
Symbol file LoadedFromMemory is not a mono symbol file
Symbol file data-0x127663e00 doesn't match image /Users/manaralsatrawi/GameDev/Blackwoods-Curse/BlackwoodsCurse/Library/ScriptAssemblies/Unity.InputSystem.TestFramework.dll
Symbol file LoadedFromMemory is not a mono symbol file
Symbol file data-0x127670e00 doesn't match image /Users/manaralsatrawi/GameDev/Blackwoods-Curse/BlackwoodsCurse/Library/ScriptAssemblies/Unity.VisualScripting.State.dll
Symbol file LoadedFromMemory is not a mono symbol file
Symbol file data-0x1300c0000 doesn't match image /Users/manaralsatrawi/GameDev/Blackwoods-Curse/BlackwoodsCurse/Library/ScriptAssemblies/Unity.VisualScripting.Core.dll
Symbol file LoadedFromMemory is not a mono symbol file
Symbol file data-0x127663e00 doesn't match image /Users/manaralsatrawi/GameDev/Blackwoods-Curse/BlackwoodsCurse/Library/ScriptAssemblies/Unity.EditorCoroutines.Editor.dll
Symbol file LoadedFromMemory is not a mono symbol file
Native extension for OSXStandalone target not found
Refreshing native plugins compatible for Editor in 0.45 ms, found 2 plugins.
Preloading 0 native plugins for Editor in 0.00 ms.
[Package Manager] Server::EnsureServerProcessIsRunning -- launch failed, reason: Unity was launched with the -noUpm command-line argument
[Package Manager] Cannot connect to Unity Package Manager local server
Mono: successfully reloaded assembly
- Completed reload, in  1.068 seconds
Domain Reload Profiling:
	ReloadAssembly (1069ms)
		BeginReloadAssembly (144ms)
			ExecutionOrderSort (0ms)
			DisableScriptedObjects (5ms)
			BackupInstance (0ms)
			ReleaseScriptingObjects (0ms)
			CreateAndSetChildDomain (66ms)
		EndReloadAssembly (865ms)
			LoadAssemblies (49ms)
			RebuildTransferFunctionScriptingTraits (0ms)
			SetupTypeCache (216ms)
			ReleaseScriptCaches (1ms)
			RebuildScriptCaches (30ms)
			SetupLoadedEditorAssemblies (549ms)
				LogAssemblyErrors (0ms)
				InitializePlatformSupportModulesInManaged (2ms)
				SetLoadedEditorAssemblies (0ms)
				RefreshPlugins (0ms)
				BeforeProcessingInitializeOnLoad (37ms)
				ProcessInitializeOnLoadAttributes (498ms)
				ProcessInitializeOnLoadMethodAttributes (10ms)
				AfterProcessingInitializeOnLoad (1ms)
				EditorAssembliesLoaded (0ms)
			ExecutionOrderSort2 (0ms)
			AwakeInstancesAfterBackupRestoration (2ms)
Platform modules already initialized, skipping
Refreshing native plugins compatible for Editor in 0.56 ms, found 2 plugins.
Preloading 0 native plugins for Editor in 0.00 ms.
Unloading 3509 Unused Serialized files (Serialized files now loaded: 0)
Unloading 34 unused Assets / (22.0 KB). Loaded Objects now: 4006.
Memory consumption went from 211.7 MB to 211.7 MB.
Total: 3.304542 ms (FindLiveObjects: 0.196459 ms CreateObjectMapping: 0.044583 ms MarkObjects: 3.013333 ms  DeleteObjects: 0.048834 ms)

AssetImportParameters requested are different than current active one (requested -> active):
  custom:video-decoder-ogg-theora: a1e56fd34408186e4bbccfd4996cb3dc -> 
  custom:container-muxer-webm: aa71ff27fc2769a1b78a27578f13a17b -> 
  custom:container-demuxer-webm: 4f35f7cbe854078d1ac9338744f61a02 -> 
  custom:video-encoder-webm-vp8: eb34c28f22e8b96e1ab97ce403110664 -> 
  custom:framework-osx-AVFoundation: e770b220cccbd017edd2c1fefb359320 -> 
  custom:CustomObjectIndexerAttribute: bc11b3a6c3213fcdd17b65e7da85e133 -> 
  custom:audio-encoder-webm-vorbis: bf7c407c2cedff20999df2af8eb42d56 -> 
  custom:SearchIndexIgnoredProperties: e643bd26f0fe6173181afceb89e7c659 -> 
  custom:container-demuxer-ogg: 62fdf1f143b41e24485cea50d1cbac27 -> 
  custom:video-decoder-webm-vp8: 9c59270c3fd7afecdb556c50c9e8de78 -> 
  custom:audio-decoder-ogg-vorbis: bf7c407c2cedff20999df2af8eb42d56 -> 
========================================================================
Received Import Request.
  Time since last request: 2743.455771 seconds.
  path: Assets/Scripts/CandlePuzzleManager.cs
  artifactKey: Guid(dc2d5537035484feeb5317b76aa1f666) Importer(815301076,1909f56bfc062723c751e8b465ee728b)
Number of updated assets reloaded before import = 0
Start importing Assets/Scripts/CandlePuzzleManager.cs using Guid(dc2d5537035484feeb5317b76aa1f666) Importer(815301076,1909f56bfc062723c751e8b465ee728b)  -> (artifact id: '20d8f83f6c5280c1e551cca5ea2f8a62') in 0.006242 seconds 
Number of asset objects unloaded after import = 0
========================================================================
Received Prepare
Registering precompiled user dll's ...
Registered in 0.002913 seconds.
Begin MonoManager ReloadAssembly
Thread 0x16dfef000 may have been prematurely finalized
Symbol file data-0x130180000 doesn't match image /Users/manaralsatrawi/GameDev/Blackwoods-Curse/BlackwoodsCurse/Library/ScriptAssemblies/Unity.VisualScripting.Flow.Editor.dll
Symbol file LoadedFromMemory is not a mono symbol file
Symbol file data-0x125f85200 doesn't match image /Users/manaralsatrawi/GameDev/Blackwoods-Curse/BlackwoodsCurse/Library/ScriptAssemblies/Unity.VSCode.Editor.dll
Symbol file LoadedFromMemory is not a mono symbol file
Symbol file data-0x125f8e800 doesn't match image /Users/manaralsatrawi/GameDev/Blackwoods-Curse/BlackwoodsCurse/Library/ScriptAssemblies/Unity.VisualScripting.Shared.Editor.dll
Symbol file LoadedFromMemory is not a mono symbol file
Symbol file data-0x1301d8000 doesn't match image /Users/manaralsatrawi/GameDev/Blackwoods-Curse/BlackwoodsCurse/Library/ScriptAssemblies/Unity.TextMeshPro.Editor.dll
Symbol file LoadedFromMemory is not a mono symbol file
Symbol file data-0x1301f0000 doesn't match image /Users/manaralsatrawi/GameDev/Blackwoods-Curse/BlackwoodsCurse/Library/ScriptAssemblies/Unity.VisualStudio.Editor.dll
Symbol file LoadedFromMemory is not a mono symbol file
Symbol file data-0x130240000 doesn't match image /Users/manaralsatrawi/GameDev/Blackwoods-Curse/BlackwoodsCurse/Library/ScriptAssemblies/Unity.Performance.Profile-Analyzer.Editor.dll
Symbol file LoadedFromMemory is not a mono symbol file
Symbol file data-0x125f5cc00 doesn't match image /Users/manaralsatrawi/GameDev/Blackwoods-Curse/BlackwoodsCurse/Library/ScriptAssemblies/Unity.TestTools.CodeCoverage.Editor.OpenCover.Model.dll
Symbol file LoadedFromMemory is not a mono symbol file
Symbol file data-0x125f62c00 doesn't match image /Users/manaralsatrawi/GameDev/Blackwoods-Curse/BlackwoodsCurse/Library/ScriptAssemblies/Unity.Settings.Editor.dll
Symbol file LoadedFromMemory is not a mono symbol file
Symbol file data-0x130308000 doesn't match image /Users/manaralsatrawi/GameDev/Blackwoods-Curse/BlackwoodsCurse/Library/ScriptAssemblies/Unity.Timeline.Editor.dll
Symbol file LoadedFromMemory is not a mono symbol file
Symbol file data-0x130378000 doesn't match image /Users/manaralsatrawi/GameDev/Blackwoods-Curse/BlackwoodsCurse/Library/ScriptAssemblies/Unity.Timeline.dll
Symbol file LoadedFromMemory is not a mono symbol file
Symbol file data-0x130490000 doesn't match image /Users/manaralsatrawi/GameDev/Blackwoods-Curse/BlackwoodsCurse/Library/ScriptAssemblies/Unity.VisualScripting.Core.Editor.dll
Symbol file LoadedFromMemory is not a mono symbol file
Symbol file data-0x130308000 doesn't match image /Users/manaralsatrawi/GameDev/Blackwoods-Curse/BlackwoodsCurse/Library/ScriptAssemblies/Unity.TextMeshPro.dll
Symbol file LoadedFromMemory is not a mono symbol file
Symbol file data-0x130378000 doesn't match image /Users/manaralsatrawi/GameDev/Blackwoods-Curse/BlackwoodsCurse/Library/ScriptAssemblies/Unity.VisualScripting.State.Editor.dll
Symbol file LoadedFromMemory is not a mono symbol file
Symbol file data-0x130378000 doesn't match image /Users/manaralsatrawi/GameDev/Blackwoods-Curse/BlackwoodsCurse/Library/ScriptAssemblies/MerryYellow.CodeAssist.Editor.dll
Symbol file LoadedFromMemory is not a mono symbol file
Symbol file data-0x125f5cc00 doesn't match image /Users/manaralsatrawi/GameDev/Blackwoods-Curse/BlackwoodsCurse/Library/ScriptAssemblies/Unity.CollabProxy.Editor.dll
Symbol file LoadedFromMemory is not a mono symbol file
Symbol file data-0x125f61000 doesn't match image /Users/manaralsatrawi/GameDev/Blackwoods-Curse/BlackwoodsCurse/Library/ScriptAssemblies/Unity.InputSystem.ForUI.dll
Symbol file LoadedFromMemory is not a mono symbol file
Symbol file data-0x332e0f200 doesn't match image /Users/manaralsatrawi/GameDev/Blackwoods-Curse/BlackwoodsCurse/Library/ScriptAssemblies/Unity.VisualScripting.SettingsProvider.Editor.dll
Symbol file LoadedFromMemory is not a mono symbol file
Symbol file data-0x33374be00 doesn't match image /Users/manaralsatrawi/GameDev/Blackwoods-Curse/BlackwoodsCurse/Library/ScriptAssemblies/Unity.TestTools.CodeCoverage.Editor.OpenCover.Mono.Reflection.dll
Symbol file LoadedFromMemory is not a mono symbol file
Symbol file data-0x140018000 doesn't match image /Users/manaralsatrawi/GameDev/Blackwoods-Curse/BlackwoodsCurse/Library/ScriptAssemblies/Unity.VisualScripting.Flow.dll
Symbol file LoadedFromMemory is not a mono symbol file
Symbol file data-0x310648000 doesn't match image /Users/manaralsatrawi/GameDev/Blackwoods-Curse/BlackwoodsCurse/Library/ScriptAssemblies/UnityEditor.UI.dll
Symbol file LoadedFromMemory is not a mono symbol file
Symbol file data-0x3107c8000 doesn't match image /Users/manaralsatrawi/GameDev/Blackwoods-Curse/BlackwoodsCurse/Library/ScriptAssemblies/Unity.InputSystem.dll
Symbol file LoadedFromMemory is not a mono symbol file
Symbol file data-0x310648000 doesn't match image /Users/manaralsatrawi/GameDev/Blackwoods-Curse/BlackwoodsCurse/Library/ScriptAssemblies/Unity.Rider.Editor.dll
Symbol file LoadedFromMemory is not a mono symbol file
Symbol file data-0x310850000 doesn't match image /Users/manaralsatrawi/GameDev/Blackwoods-Curse/BlackwoodsCurse/Library/ScriptAssemblies/Unity.PlasticSCM.Editor.dll
Symbol file LoadedFromMemory is not a mono symbol file
Symbol file data-0x310648000 doesn't match image /Users/manaralsatrawi/GameDev/Blackwoods-Curse/BlackwoodsCurse/Library/ScriptAssemblies/Unity.TestTools.CodeCoverage.Editor.dll
Symbol file LoadedFromMemory is not a mono symbol file
Symbol file data-0x3108b0000 doesn't match image /Users/manaralsatrawi/GameDev/Blackwoods-Curse/BlackwoodsCurse/Library/ScriptAssemblies/UnityEngine.UI.dll
Symbol file LoadedFromMemory is not a mono symbol file
Symbol file data-0x126f91200 doesn't match image /Users/manaralsatrawi/GameDev/Blackwoods-Curse/BlackwoodsCurse/Library/ScriptAssemblies/Unity.InputSystem.TestFramework.dll
Symbol file LoadedFromMemory is not a mono symbol file
Symbol file data-0x126e59800 doesn't match image /Users/manaralsatrawi/GameDev/Blackwoods-Curse/BlackwoodsCurse/Library/ScriptAssemblies/Unity.VisualScripting.State.dll
Symbol file LoadedFromMemory is not a mono symbol file
Symbol file data-0x310960000 doesn't match image /Users/manaralsatrawi/GameDev/Blackwoods-Curse/BlackwoodsCurse/Library/ScriptAssemblies/Unity.VisualScripting.Core.dll
Symbol file LoadedFromMemory is not a mono symbol file
Symbol file data-0x12680a000 doesn't match image /Users/manaralsatrawi/GameDev/Blackwoods-Curse/BlackwoodsCurse/Library/ScriptAssemblies/Unity.EditorCoroutines.Editor.dll
Symbol file LoadedFromMemory is not a mono symbol file
Native extension for OSXStandalone target not found
Refreshing native plugins compatible for Editor in 0.61 ms, found 2 plugins.
Preloading 0 native plugins for Editor in 0.00 ms.
[Package Manager] Server::EnsureServerProcessIsRunning -- launch failed, reason: Unity was launched with the -noUpm command-line argument
[Package Manager] Cannot connect to Unity Package Manager local server
Mono: successfully reloaded assembly
- Completed reload, in  1.084 seconds
Domain Reload Profiling:
	ReloadAssembly (1084ms)
		BeginReloadAssembly (91ms)
			ExecutionOrderSort (0ms)
			DisableScriptedObjects (3ms)
			BackupInstance (0ms)
			ReleaseScriptingObjects (0ms)
			CreateAndSetChildDomain (32ms)
		EndReloadAssembly (926ms)
			LoadAssemblies (46ms)
			RebuildTransferFunctionScriptingTraits (0ms)
			SetupTypeCache (259ms)
			ReleaseScriptCaches (1ms)
			RebuildScriptCaches (36ms)
			SetupLoadedEditorAssemblies (552ms)
				LogAssemblyErrors (0ms)
				InitializePlatformSupportModulesInManaged (2ms)
				SetLoadedEditorAssemblies (0ms)
				RefreshPlugins (1ms)
				BeforeProcessingInitializeOnLoad (41ms)
				ProcessInitializeOnLoadAttributes (496ms)
				ProcessInitializeOnLoadMethodAttributes (11ms)
				AfterProcessingInitializeOnLoad (1ms)
				EditorAssembliesLoaded (0ms)
			ExecutionOrderSort2 (0ms)
			AwakeInstancesAfterBackupRestoration (2ms)
Platform modules already initialized, skipping
Refreshing native plugins compatible for Editor in 0.51 ms, found 2 plugins.
Preloading 0 native plugins for Editor in 0.00 ms.
Unloading 3509 Unused Serialized files (Serialized files now loaded: 0)
Unloading 34 unused Assets / (21.9 KB). Loaded Objects now: 4009.
Memory consumption went from 211.7 MB to 211.7 MB.
Total: 2.132833 ms (FindLiveObjects: 0.110917 ms CreateObjectMapping: 0.045250 ms MarkObjects: 1.954375 ms  DeleteObjects: 0.018542 ms)

AssetImportParameters requested are different than current active one (requested -> active):
  custom:video-decoder-ogg-theora: a1e56fd34408186e4bbccfd4996cb3dc -> 
  custom:container-muxer-webm: aa71ff27fc2769a1b78a27578f13a17b -> 
  custom:container-demuxer-webm: 4f35f7cbe854078d1ac9338744f61a02 -> 
  custom:video-encoder-webm-vp8: eb34c28f22e8b96e1ab97ce403110664 -> 
  custom:framework-osx-AVFoundation: e770b220cccbd017edd2c1fefb359320 -> 
  custom:CustomObjectIndexerAttribute: bc11b3a6c3213fcdd17b65e7da85e133 -> 
  custom:audio-encoder-webm-vorbis: bf7c407c2cedff20999df2af8eb42d56 -> 
  custom:SearchIndexIgnoredProperties: e643bd26f0fe6173181afceb89e7c659 -> 
  custom:container-demuxer-ogg: 62fdf1f143b41e24485cea50d1cbac27 -> 
  custom:video-decoder-webm-vp8: 9c59270c3fd7afecdb556c50c9e8de78 -> 
  custom:audio-decoder-ogg-vorbis: bf7c407c2cedff20999df2af8eb42d56 -> 
========================================================================
Received Prepare
Registering precompiled user dll's ...
Registered in 0.002270 seconds.
Begin MonoManager ReloadAssembly
Thread 0x16dfef000 may have been prematurely finalized
Symbol file data-0x118138000 doesn't match image /Users/manaralsatrawi/GameDev/Blackwoods-Curse/BlackwoodsCurse/Library/ScriptAssemblies/Unity.VisualScripting.Flow.Editor.dll
Symbol file LoadedFromMemory is not a mono symbol file
Symbol file data-0x32240ca00 doesn't match image /Users/manaralsatrawi/GameDev/Blackwoods-Curse/BlackwoodsCurse/Library/ScriptAssemblies/Unity.VSCode.Editor.dll
Symbol file LoadedFromMemory is not a mono symbol file
Symbol file data-0x322416000 doesn't match image /Users/manaralsatrawi/GameDev/Blackwoods-Curse/BlackwoodsCurse/Library/ScriptAssemblies/Unity.VisualScripting.Shared.Editor.dll
Symbol file LoadedFromMemory is not a mono symbol file
Symbol file data-0x118190000 doesn't match image /Users/manaralsatrawi/GameDev/Blackwoods-Curse/BlackwoodsCurse/Library/ScriptAssemblies/Unity.TextMeshPro.Editor.dll
Symbol file LoadedFromMemory is not a mono symbol file
Symbol file data-0x1181a8000 doesn't match image /Users/manaralsatrawi/GameDev/Blackwoods-Curse/BlackwoodsCurse/Library/ScriptAssemblies/Unity.VisualStudio.Editor.dll
Symbol file LoadedFromMemory is not a mono symbol file
Symbol file data-0x1181f8000 doesn't match image /Users/manaralsatrawi/GameDev/Blackwoods-Curse/BlackwoodsCurse/Library/ScriptAssemblies/Unity.Performance.Profile-Analyzer.Editor.dll
Symbol file LoadedFromMemory is not a mono symbol file
Symbol file data-0x32241bc00 doesn't match image /Users/manaralsatrawi/GameDev/Blackwoods-Curse/BlackwoodsCurse/Library/ScriptAssemblies/Unity.TestTools.CodeCoverage.Editor.OpenCover.Model.dll
Symbol file LoadedFromMemory is not a mono symbol file
Symbol file data-0x322421c00 doesn't match image /Users/manaralsatrawi/GameDev/Blackwoods-Curse/BlackwoodsCurse/Library/ScriptAssemblies/Unity.Settings.Editor.dll
Symbol file LoadedFromMemory is not a mono symbol file
Symbol file data-0x1182c0000 doesn't match image /Users/manaralsatrawi/GameDev/Blackwoods-Curse/BlackwoodsCurse/Library/ScriptAssemblies/Unity.Timeline.Editor.dll
Symbol file LoadedFromMemory is not a mono symbol file
Symbol file data-0x118330000 doesn't match image /Users/manaralsatrawi/GameDev/Blackwoods-Curse/BlackwoodsCurse/Library/ScriptAssemblies/Unity.Timeline.dll
Symbol file LoadedFromMemory is not a mono symbol file
Symbol file data-0x118448000 doesn't match image /Users/manaralsatrawi/GameDev/Blackwoods-Curse/BlackwoodsCurse/Library/ScriptAssemblies/Unity.VisualScripting.Core.Editor.dll
Symbol file LoadedFromMemory is not a mono symbol file
Symbol file data-0x1182c0000 doesn't match image /Users/manaralsatrawi/GameDev/Blackwoods-Curse/BlackwoodsCurse/Library/ScriptAssemblies/Unity.TextMeshPro.dll
Symbol file LoadedFromMemory is not a mono symbol file
Symbol file data-0x118330000 doesn't match image /Users/manaralsatrawi/GameDev/Blackwoods-Curse/BlackwoodsCurse/Library/ScriptAssemblies/Unity.VisualScripting.State.Editor.dll
Symbol file LoadedFromMemory is not a mono symbol file
Symbol file data-0x118330000 doesn't match image /Users/manaralsatrawi/GameDev/Blackwoods-Curse/BlackwoodsCurse/Library/ScriptAssemblies/MerryYellow.CodeAssist.Editor.dll
Symbol file LoadedFromMemory is not a mono symbol file
Symbol file data-0x32241bc00 doesn't match image /Users/manaralsatrawi/GameDev/Blackwoods-Curse/BlackwoodsCurse/Library/ScriptAssemblies/Unity.CollabProxy.Editor.dll
Symbol file LoadedFromMemory is not a mono symbol file
Symbol file data-0x322420000 doesn't match image /Users/manaralsatrawi/GameDev/Blackwoods-Curse/BlackwoodsCurse/Library/ScriptAssemblies/Unity.InputSystem.ForUI.dll
Symbol file LoadedFromMemory is not a mono symbol file
Symbol file data-0x322424000 doesn't match image /Users/manaralsatrawi/GameDev/Blackwoods-Curse/BlackwoodsCurse/Library/ScriptAssemblies/Unity.VisualScripting.SettingsProvider.Editor.dll
Symbol file LoadedFromMemory is not a mono symbol file
Symbol file data-0x322424000 doesn't match image /Users/manaralsatrawi/GameDev/Blackwoods-Curse/BlackwoodsCurse/Library/ScriptAssemblies/Unity.TestTools.CodeCoverage.Editor.OpenCover.Mono.Reflection.dll
Symbol file LoadedFromMemory is not a mono symbol file
Symbol file data-0x118558000 doesn't match image /Users/manaralsatrawi/GameDev/Blackwoods-Curse/BlackwoodsCurse/Library/ScriptAssemblies/Unity.VisualScripting.Flow.dll
Symbol file LoadedFromMemory is not a mono symbol file
Symbol file data-0x118490000 doesn't match image /Users/manaralsatrawi/GameDev/Blackwoods-Curse/BlackwoodsCurse/Library/ScriptAssemblies/UnityEditor.UI.dll
Symbol file LoadedFromMemory is not a mono symbol file
Symbol file data-0x1186c8000 doesn't match image /Users/manaralsatrawi/GameDev/Blackwoods-Curse/BlackwoodsCurse/Library/ScriptAssemblies/Unity.InputSystem.dll
Symbol file LoadedFromMemory is not a mono symbol file
Symbol file data-0x118490000 doesn't match image /Users/manaralsatrawi/GameDev/Blackwoods-Curse/BlackwoodsCurse/Library/ScriptAssemblies/Unity.Rider.Editor.dll
Symbol file LoadedFromMemory is not a mono symbol file
Symbol file data-0x1186c8000 doesn't match image /Users/manaralsatrawi/GameDev/Blackwoods-Curse/BlackwoodsCurse/Library/ScriptAssemblies/Unity.PlasticSCM.Editor.dll
Symbol file LoadedFromMemory is not a mono symbol file
Symbol file data-0x118490000 doesn't match image /Users/manaralsatrawi/GameDev/Blackwoods-Curse/BlackwoodsCurse/Library/ScriptAssemblies/Unity.TestTools.CodeCoverage.Editor.dll
Symbol file LoadedFromMemory is not a mono symbol file
Symbol file data-0x1187e8000 doesn't match image /Users/manaralsatrawi/GameDev/Blackwoods-Curse/BlackwoodsCurse/Library/ScriptAssemblies/UnityEngine.UI.dll
Symbol file LoadedFromMemory is not a mono symbol file
Symbol file data-0x322429600 doesn't match image /Users/manaralsatrawi/GameDev/Blackwoods-Curse/BlackwoodsCurse/Library/ScriptAssemblies/Unity.InputSystem.TestFramework.dll
Symbol file LoadedFromMemory is not a mono symbol file
Symbol file data-0x322435e00 doesn't match image /Users/manaralsatrawi/GameDev/Blackwoods-Curse/BlackwoodsCurse/Library/ScriptAssemblies/Unity.VisualScripting.State.dll
Symbol file LoadedFromMemory is not a mono symbol file
Symbol file data-0x118898000 doesn't match image /Users/manaralsatrawi/GameDev/Blackwoods-Curse/BlackwoodsCurse/Library/ScriptAssemblies/Unity.VisualScripting.Core.dll
Symbol file LoadedFromMemory is not a mono symbol file
Symbol file data-0x322435e00 doesn't match image /Users/manaralsatrawi/GameDev/Blackwoods-Curse/BlackwoodsCurse/Library/ScriptAssemblies/Unity.EditorCoroutines.Editor.dll
Symbol file LoadedFromMemory is not a mono symbol file
Native extension for OSXStandalone target not found
Refreshing native plugins compatible for Editor in 0.77 ms, found 2 plugins.
Preloading 0 native plugins for Editor in 0.00 ms.
[Package Manager] Server::EnsureServerProcessIsRunning -- launch failed, reason: Unity was launched with the -noUpm command-line argument
[Package Manager] Cannot connect to Unity Package Manager local server
Mono: successfully reloaded assembly
- Completed reload, in  1.120 seconds
Domain Reload Profiling:
	ReloadAssembly (1121ms)
		BeginReloadAssembly (120ms)
			ExecutionOrderSort (0ms)
			DisableScriptedObjects (4ms)
			BackupInstance (0ms)
			ReleaseScriptingObjects (0ms)
			CreateAndSetChildDomain (49ms)
		EndReloadAssembly (933ms)
			LoadAssemblies (51ms)
			RebuildTransferFunctionScriptingTraits (0ms)
			SetupTypeCache (254ms)
			ReleaseScriptCaches (1ms)
			RebuildScriptCaches (36ms)
			SetupLoadedEditorAssemblies (565ms)
				LogAssemblyErrors (0ms)
				InitializePlatformSupportModulesInManaged (3ms)
				SetLoadedEditorAssemblies (0ms)
				RefreshPlugins (1ms)
				BeforeProcessingInitializeOnLoad (45ms)
				ProcessInitializeOnLoadAttributes (504ms)
				ProcessInitializeOnLoadMethodAttributes (11ms)
				AfterProcessingInitializeOnLoad (1ms)
				EditorAssembliesLoaded (0ms)
			ExecutionOrderSort2 (0ms)
			AwakeInstancesAfterBackupRestoration (2ms)
Platform modules already initialized, skipping
Refreshing native plugins compatible for Editor in 0.52 ms, found 2 plugins.
Preloading 0 native plugins for Editor in 0.00 ms.
Unloading 3509 Unused Serialized files (Serialized files now loaded: 0)
Unloading 34 unused Assets / (23.0 KB). Loaded Objects now: 4012.
Memory consumption went from 211.7 MB to 211.7 MB.
Total: 2.368708 ms (FindLiveObjects: 0.156750 ms CreateObjectMapping: 0.044666 ms MarkObjects: 2.144292 ms  DeleteObjects: 0.022416 ms)

AssetImportParameters requested are different than current active one (requested -> active):
  custom:video-decoder-ogg-theora: a1e56fd34408186e4bbccfd4996cb3dc -> 
  custom:container-muxer-webm: aa71ff27fc2769a1b78a27578f13a17b -> 
  custom:container-demuxer-webm: 4f35f7cbe854078d1ac9338744f61a02 -> 
  custom:video-encoder-webm-vp8: eb34c28f22e8b96e1ab97ce403110664 -> 
  custom:framework-osx-AVFoundation: e770b220cccbd017edd2c1fefb359320 -> 
  custom:CustomObjectIndexerAttribute: bc11b3a6c3213fcdd17b65e7da85e133 -> 
  custom:audio-encoder-webm-vorbis: bf7c407c2cedff20999df2af8eb42d56 -> 
  custom:SearchIndexIgnoredProperties: e643bd26f0fe6173181afceb89e7c659 -> 
  custom:container-demuxer-ogg: 62fdf1f143b41e24485cea50d1cbac27 -> 
  custom:video-decoder-webm-vp8: 9c59270c3fd7afecdb556c50c9e8de78 -> 
  custom:audio-decoder-ogg-vorbis: bf7c407c2cedff20999df2af8eb42d56 -> 
========================================================================
Received Prepare
Registering precompiled user dll's ...
Registered in 0.003317 seconds.
Begin MonoManager ReloadAssembly
Thread 0x16dfef000 may have been prematurely finalized
Symbol file data-0x130180000 doesn't match image /Users/manaralsatrawi/GameDev/Blackwoods-Curse/BlackwoodsCurse/Library/ScriptAssemblies/Unity.VisualScripting.Flow.Editor.dll
Symbol file LoadedFromMemory is not a mono symbol file
Symbol file data-0x117167400 doesn't match image /Users/manaralsatrawi/GameDev/Blackwoods-Curse/BlackwoodsCurse/Library/ScriptAssemblies/Unity.VSCode.Editor.dll
Symbol file LoadedFromMemory is not a mono symbol file
Symbol file data-0x117170a00 doesn't match image /Users/manaralsatrawi/GameDev/Blackwoods-Curse/BlackwoodsCurse/Library/ScriptAssemblies/Unity.VisualScripting.Shared.Editor.dll
Symbol file LoadedFromMemory is not a mono symbol file
Symbol file data-0x1301d8000 doesn't match image /Users/manaralsatrawi/GameDev/Blackwoods-Curse/BlackwoodsCurse/Library/ScriptAssemblies/Unity.TextMeshPro.Editor.dll
Symbol file LoadedFromMemory is not a mono symbol file
Symbol file data-0x130088000 doesn't match image /Users/manaralsatrawi/GameDev/Blackwoods-Curse/BlackwoodsCurse/Library/ScriptAssemblies/Unity.VisualStudio.Editor.dll
Symbol file LoadedFromMemory is not a mono symbol file
Symbol file data-0x130218000 doesn't match image /Users/manaralsatrawi/GameDev/Blackwoods-Curse/BlackwoodsCurse/Library/ScriptAssemblies/Unity.Performance.Profile-Analyzer.Editor.dll
Symbol file LoadedFromMemory is not a mono symbol file
Symbol file data-0x117170a00 doesn't match image /Users/manaralsatrawi/GameDev/Blackwoods-Curse/BlackwoodsCurse/Library/ScriptAssemblies/Unity.TestTools.CodeCoverage.Editor.OpenCover.Model.dll
Symbol file LoadedFromMemory is not a mono symbol file
Symbol file data-0x117176a00 doesn't match image /Users/manaralsatrawi/GameDev/Blackwoods-Curse/BlackwoodsCurse/Library/ScriptAssemblies/Unity.Settings.Editor.dll
Symbol file LoadedFromMemory is not a mono symbol file
Symbol file data-0x130318000 doesn't match image /Users/manaralsatrawi/GameDev/Blackwoods-Curse/BlackwoodsCurse/Library/ScriptAssemblies/Unity.Timeline.Editor.dll
Symbol file LoadedFromMemory is not a mono symbol file
Symbol file data-0x1302f0000 doesn't match image /Users/manaralsatrawi/GameDev/Blackwoods-Curse/BlackwoodsCurse/Library/ScriptAssemblies/Unity.Timeline.dll
Symbol file LoadedFromMemory is not a mono symbol file
Symbol file data-0x130488000 doesn't match image /Users/manaralsatrawi/GameDev/Blackwoods-Curse/BlackwoodsCurse/Library/ScriptAssemblies/Unity.VisualScripting.Core.Editor.dll
Symbol file LoadedFromMemory is not a mono symbol file
Symbol file data-0x130318000 doesn't match image /Users/manaralsatrawi/GameDev/Blackwoods-Curse/BlackwoodsCurse/Library/ScriptAssemblies/Unity.TextMeshPro.dll
Symbol file LoadedFromMemory is not a mono symbol file
Symbol file data-0x1302f0000 doesn't match image /Users/manaralsatrawi/GameDev/Blackwoods-Curse/BlackwoodsCurse/Library/ScriptAssemblies/Unity.VisualScripting.State.Editor.dll
Symbol file LoadedFromMemory is not a mono symbol file
Symbol file data-0x1302f0000 doesn't match image /Users/manaralsatrawi/GameDev/Blackwoods-Curse/BlackwoodsCurse/Library/ScriptAssemblies/MerryYellow.CodeAssist.Editor.dll
Symbol file LoadedFromMemory is not a mono symbol file
Symbol file data-0x117178000 doesn't match image /Users/manaralsatrawi/GameDev/Blackwoods-Curse/BlackwoodsCurse/Library/ScriptAssemblies/Unity.CollabProxy.Editor.dll
Symbol file LoadedFromMemory is not a mono symbol file
Symbol file data-0x11717c400 doesn't match image /Users/manaralsatrawi/GameDev/Blackwoods-Curse/BlackwoodsCurse/Library/ScriptAssemblies/Unity.InputSystem.ForUI.dll
Symbol file LoadedFromMemory is not a mono symbol file
Symbol file data-0x11717fc00 doesn't match image /Users/manaralsatrawi/GameDev/Blackwoods-Curse/BlackwoodsCurse/Library/ScriptAssemblies/Unity.VisualScripting.SettingsProvider.Editor.dll
Symbol file LoadedFromMemory is not a mono symbol file
Symbol file data-0x11717fc00 doesn't match image /Users/manaralsatrawi/GameDev/Blackwoods-Curse/BlackwoodsCurse/Library/ScriptAssemblies/Unity.TestTools.CodeCoverage.Editor.OpenCover.Mono.Reflection.dll
Symbol file LoadedFromMemory is not a mono symbol file
Symbol file data-0x130598000 doesn't match image /Users/manaralsatrawi/GameDev/Blackwoods-Curse/BlackwoodsCurse/Library/ScriptAssemblies/Unity.VisualScripting.Flow.dll
Symbol file LoadedFromMemory is not a mono symbol file
Symbol file data-0x1304d0000 doesn't match image /Users/manaralsatrawi/GameDev/Blackwoods-Curse/BlackwoodsCurse/Library/ScriptAssemblies/UnityEditor.UI.dll
Symbol file LoadedFromMemory is not a mono symbol file
Symbol file data-0x130708000 doesn't match image /Users/manaralsatrawi/GameDev/Blackwoods-Curse/BlackwoodsCurse/Library/ScriptAssemblies/Unity.InputSystem.dll
Symbol file LoadedFromMemory is not a mono symbol file
Symbol file data-0x1304d0000 doesn't match image /Users/manaralsatrawi/GameDev/Blackwoods-Curse/BlackwoodsCurse/Library/ScriptAssemblies/Unity.Rider.Editor.dll
Symbol file LoadedFromMemory is not a mono symbol file
Symbol file data-0x130708000 doesn't match image /Users/manaralsatrawi/GameDev/Blackwoods-Curse/BlackwoodsCurse/Library/ScriptAssemblies/Unity.PlasticSCM.Editor.dll
Symbol file LoadedFromMemory is not a mono symbol file
Symbol file data-0x1304d0000 doesn't match image /Users/manaralsatrawi/GameDev/Blackwoods-Curse/BlackwoodsCurse/Library/ScriptAssemblies/Unity.TestTools.CodeCoverage.Editor.dll
Symbol file LoadedFromMemory is not a mono symbol file
Symbol file data-0x130828000 doesn't match image /Users/manaralsatrawi/GameDev/Blackwoods-Curse/BlackwoodsCurse/Library/ScriptAssemblies/UnityEngine.UI.dll
Symbol file LoadedFromMemory is not a mono symbol file
Symbol file data-0x117185200 doesn't match image /Users/manaralsatrawi/GameDev/Blackwoods-Curse/BlackwoodsCurse/Library/ScriptAssemblies/Unity.InputSystem.TestFramework.dll
Symbol file LoadedFromMemory is not a mono symbol file
Symbol file data-0x117191a00 doesn't match image /Users/manaralsatrawi/GameDev/Blackwoods-Curse/BlackwoodsCurse/Library/ScriptAssemblies/Unity.VisualScripting.State.dll
Symbol file LoadedFromMemory is not a mono symbol file
Symbol file data-0x1308d8000 doesn't match image /Users/manaralsatrawi/GameDev/Blackwoods-Curse/BlackwoodsCurse/Library/ScriptAssemblies/Unity.VisualScripting.Core.dll
Symbol file LoadedFromMemory is not a mono symbol file
Symbol file data-0x117191a00 doesn't match image /Users/manaralsatrawi/GameDev/Blackwoods-Curse/BlackwoodsCurse/Library/ScriptAssemblies/Unity.EditorCoroutines.Editor.dll
Symbol file LoadedFromMemory is not a mono symbol file
Native extension for OSXStandalone target not found
Refreshing native plugins compatible for Editor in 0.59 ms, found 2 plugins.
Preloading 0 native plugins for Editor in 0.00 ms.
[Package Manager] Server::EnsureServerProcessIsRunning -- launch failed, reason: Unity was launched with the -noUpm command-line argument
[Package Manager] Cannot connect to Unity Package Manager local server
Mono: successfully reloaded assembly
- Completed reload, in  1.170 seconds
Domain Reload Profiling:
	ReloadAssembly (1170ms)
		BeginReloadAssembly (116ms)
			ExecutionOrderSort (0ms)
			DisableScriptedObjects (4ms)
			BackupInstance (0ms)
			ReleaseScriptingObjects (0ms)
			CreateAndSetChildDomain (46ms)
		EndReloadAssembly (976ms)
			LoadAssemblies (53ms)
			RebuildTransferFunctionScriptingTraits (0ms)
			SetupTypeCache (270ms)
			ReleaseScriptCaches (1ms)
			RebuildScriptCaches (38ms)
			SetupLoadedEditorAssemblies (588ms)
				LogAssemblyErrors (0ms)
				InitializePlatformSupportModulesInManaged (3ms)
				SetLoadedEditorAssemblies (0ms)
				RefreshPlugins (1ms)
				BeforeProcessingInitializeOnLoad (46ms)
				ProcessInitializeOnLoadAttributes (526ms)
				ProcessInitializeOnLoadMethodAttributes (11ms)
				AfterProcessingInitializeOnLoad (1ms)
				EditorAssembliesLoaded (0ms)
			ExecutionOrderSort2 (0ms)
			AwakeInstancesAfterBackupRestoration (2ms)
Platform modules already initialized, skipping
Refreshing native plugins compatible for Editor in 0.52 ms, found 2 plugins.
Preloading 0 native plugins for Editor in 0.00 ms.
Unloading 3509 Unused Serialized files (Serialized files now loaded: 0)
Unloading 34 unused Assets / (21.9 KB). Loaded Objects now: 4015.
Memory consumption went from 211.7 MB to 211.7 MB.
Total: 2.174166 ms (FindLiveObjects: 0.116125 ms CreateObjectMapping: 0.046583 ms MarkObjects: 1.996000 ms  DeleteObjects: 0.014666 ms)

AssetImportParameters requested are different than current active one (requested -> active):
  custom:video-decoder-ogg-theora: a1e56fd34408186e4bbccfd4996cb3dc -> 
  custom:container-muxer-webm: aa71ff27fc2769a1b78a27578f13a17b -> 
  custom:container-demuxer-webm: 4f35f7cbe854078d1ac9338744f61a02 -> 
  custom:video-encoder-webm-vp8: eb34c28f22e8b96e1ab97ce403110664 -> 
  custom:framework-osx-AVFoundation: e770b220cccbd017edd2c1fefb359320 -> 
  custom:CustomObjectIndexerAttribute: bc11b3a6c3213fcdd17b65e7da85e133 -> 
  custom:audio-encoder-webm-vorbis: bf7c407c2cedff20999df2af8eb42d56 -> 
  custom:SearchIndexIgnoredProperties: e643bd26f0fe6173181afceb89e7c659 -> 
  custom:container-demuxer-ogg: 62fdf1f143b41e24485cea50d1cbac27 -> 
  custom:video-decoder-webm-vp8: 9c59270c3fd7afecdb556c50c9e8de78 -> 
  custom:audio-decoder-ogg-vorbis: bf7c407c2cedff20999df2af8eb42d56 -> 
========================================================================
Received Prepare
Registering precompiled user dll's ...
Registered in 0.003622 seconds.
Begin MonoManager ReloadAssembly
Thread 0x16dfef000 may have been prematurely finalized
Symbol file data-0x131128000 doesn't match image /Users/manaralsatrawi/GameDev/Blackwoods-Curse/BlackwoodsCurse/Library/ScriptAssemblies/Unity.VisualScripting.Flow.Editor.dll
Symbol file LoadedFromMemory is not a mono symbol file
Symbol file data-0x3338e5800 doesn't match image /Users/manaralsatrawi/GameDev/Blackwoods-Curse/BlackwoodsCurse/Library/ScriptAssemblies/Unity.VSCode.Editor.dll
Symbol file LoadedFromMemory is not a mono symbol file
Symbol file data-0x126620000 doesn't match image /Users/manaralsatrawi/GameDev/Blackwoods-Curse/BlackwoodsCurse/Library/ScriptAssemblies/Unity.VisualScripting.Shared.Editor.dll
Symbol file LoadedFromMemory is not a mono symbol file
Symbol file data-0x131180000 doesn't match image /Users/manaralsatrawi/GameDev/Blackwoods-Curse/BlackwoodsCurse/Library/ScriptAssemblies/Unity.TextMeshPro.Editor.dll
Symbol file LoadedFromMemory is not a mono symbol file
Symbol file data-0x131198000 doesn't match image /Users/manaralsatrawi/GameDev/Blackwoods-Curse/BlackwoodsCurse/Library/ScriptAssemblies/Unity.VisualStudio.Editor.dll
Symbol file LoadedFromMemory is not a mono symbol file
Symbol file data-0x1311e8000 doesn't match image /Users/manaralsatrawi/GameDev/Blackwoods-Curse/BlackwoodsCurse/Library/ScriptAssemblies/Unity.Performance.Profile-Analyzer.Editor.dll
Symbol file LoadedFromMemory is not a mono symbol file
Symbol file data-0x126625c00 doesn't match image /Users/manaralsatrawi/GameDev/Blackwoods-Curse/BlackwoodsCurse/Library/ScriptAssemblies/Unity.TestTools.CodeCoverage.Editor.OpenCover.Model.dll
Symbol file LoadedFromMemory is not a mono symbol file
Symbol file data-0x12662bc00 doesn't match image /Users/manaralsatrawi/GameDev/Blackwoods-Curse/BlackwoodsCurse/Library/ScriptAssemblies/Unity.Settings.Editor.dll
Symbol file LoadedFromMemory is not a mono symbol file
Symbol file data-0x1312b0000 doesn't match image /Users/manaralsatrawi/GameDev/Blackwoods-Curse/BlackwoodsCurse/Library/ScriptAssemblies/Unity.Timeline.Editor.dll
Symbol file LoadedFromMemory is not a mono symbol file
Symbol file data-0x131320000 doesn't match image /Users/manaralsatrawi/GameDev/Blackwoods-Curse/BlackwoodsCurse/Library/ScriptAssemblies/Unity.Timeline.dll
Symbol file LoadedFromMemory is not a mono symbol file
Symbol file data-0x131438000 doesn't match image /Users/manaralsatrawi/GameDev/Blackwoods-Curse/BlackwoodsCurse/Library/ScriptAssemblies/Unity.VisualScripting.Core.Editor.dll
Symbol file LoadedFromMemory is not a mono symbol file
Symbol file data-0x1312b0000 doesn't match image /Users/manaralsatrawi/GameDev/Blackwoods-Curse/BlackwoodsCurse/Library/ScriptAssemblies/Unity.TextMeshPro.dll
Symbol file LoadedFromMemory is not a mono symbol file
Symbol file data-0x131320000 doesn't match image /Users/manaralsatrawi/GameDev/Blackwoods-Curse/BlackwoodsCurse/Library/ScriptAssemblies/Unity.VisualScripting.State.Editor.dll
Symbol file LoadedFromMemory is not a mono symbol file
Symbol file data-0x131320000 doesn't match image /Users/manaralsatrawi/GameDev/Blackwoods-Curse/BlackwoodsCurse/Library/ScriptAssemblies/MerryYellow.CodeAssist.Editor.dll
Symbol file LoadedFromMemory is not a mono symbol file
Symbol file data-0x126625c00 doesn't match image /Users/manaralsatrawi/GameDev/Blackwoods-Curse/BlackwoodsCurse/Library/ScriptAssemblies/Unity.CollabProxy.Editor.dll
Symbol file LoadedFromMemory is not a mono symbol file
Symbol file data-0x12662a000 doesn't match image /Users/manaralsatrawi/GameDev/Blackwoods-Curse/BlackwoodsCurse/Library/ScriptAssemblies/Unity.InputSystem.ForUI.dll
Symbol file LoadedFromMemory is not a mono symbol file
Symbol file data-0x12662d800 doesn't match image /Users/manaralsatrawi/GameDev/Blackwoods-Curse/BlackwoodsCurse/Library/ScriptAssemblies/Unity.VisualScripting.SettingsProvider.Editor.dll
Symbol file LoadedFromMemory is not a mono symbol file
Symbol file data-0x12662d800 doesn't match image /Users/manaralsatrawi/GameDev/Blackwoods-Curse/BlackwoodsCurse/Library/ScriptAssemblies/Unity.TestTools.CodeCoverage.Editor.OpenCover.Mono.Reflection.dll
Symbol file LoadedFromMemory is not a mono symbol file
Symbol file data-0x131548000 doesn't match image /Users/manaralsatrawi/GameDev/Blackwoods-Curse/BlackwoodsCurse/Library/ScriptAssemblies/Unity.VisualScripting.Flow.dll
Symbol file LoadedFromMemory is not a mono symbol file
Symbol file data-0x131480000 doesn't match image /Users/manaralsatrawi/GameDev/Blackwoods-Curse/BlackwoodsCurse/Library/ScriptAssemblies/UnityEditor.UI.dll
Symbol file LoadedFromMemory is not a mono symbol file
Symbol file data-0x1316b8000 doesn't match image /Users/manaralsatrawi/GameDev/Blackwoods-Curse/BlackwoodsCurse/Library/ScriptAssemblies/Unity.InputSystem.dll
Symbol file LoadedFromMemory is not a mono symbol file
Symbol file data-0x131480000 doesn't match image /Users/manaralsatrawi/GameDev/Blackwoods-Curse/BlackwoodsCurse/Library/ScriptAssemblies/Unity.Rider.Editor.dll
Symbol file LoadedFromMemory is not a mono symbol file
Symbol file data-0x1316b8000 doesn't match image /Users/manaralsatrawi/GameDev/Blackwoods-Curse/BlackwoodsCurse/Library/ScriptAssemblies/Unity.PlasticSCM.Editor.dll
Symbol file LoadedFromMemory is not a mono symbol file
Symbol file data-0x131480000 doesn't match image /Users/manaralsatrawi/GameDev/Blackwoods-Curse/BlackwoodsCurse/Library/ScriptAssemblies/Unity.TestTools.CodeCoverage.Editor.dll
Symbol file LoadedFromMemory is not a mono symbol file
Symbol file data-0x1317d8000 doesn't match image /Users/manaralsatrawi/GameDev/Blackwoods-Curse/BlackwoodsCurse/Library/ScriptAssemblies/UnityEngine.UI.dll
Symbol file LoadedFromMemory is not a mono symbol file
Symbol file data-0x12662d800 doesn't match image /Users/manaralsatrawi/GameDev/Blackwoods-Curse/BlackwoodsCurse/Library/ScriptAssemblies/Unity.InputSystem.TestFramework.dll
Symbol file LoadedFromMemory is not a mono symbol file
Symbol file data-0x12663a000 doesn't match image /Users/manaralsatrawi/GameDev/Blackwoods-Curse/BlackwoodsCurse/Library/ScriptAssemblies/Unity.VisualScripting.State.dll
Symbol file LoadedFromMemory is not a mono symbol file
Symbol file data-0x131888000 doesn't match image /Users/manaralsatrawi/GameDev/Blackwoods-Curse/BlackwoodsCurse/Library/ScriptAssemblies/Unity.VisualScripting.Core.dll
Symbol file LoadedFromMemory is not a mono symbol file
Symbol file data-0x12662d800 doesn't match image /Users/manaralsatrawi/GameDev/Blackwoods-Curse/BlackwoodsCurse/Library/ScriptAssemblies/Unity.EditorCoroutines.Editor.dll
Symbol file LoadedFromMemory is not a mono symbol file
Native extension for OSXStandalone target not found
Refreshing native plugins compatible for Editor in 0.74 ms, found 2 plugins.
Preloading 0 native plugins for Editor in 0.00 ms.
[Package Manager] Server::EnsureServerProcessIsRunning -- launch failed, reason: Unity was launched with the -noUpm command-line argument
[Package Manager] Cannot connect to Unity Package Manager local server
Mono: successfully reloaded assembly
- Completed reload, in  1.179 seconds
Domain Reload Profiling:
	ReloadAssembly (1180ms)
		BeginReloadAssembly (120ms)
			ExecutionOrderSort (0ms)
			DisableScriptedObjects (4ms)
			BackupInstance (0ms)
			ReleaseScriptingObjects (0ms)
			CreateAndSetChildDomain (48ms)
		EndReloadAssembly (980ms)
			LoadAssemblies (53ms)
			RebuildTransferFunctionScriptingTraits (0ms)
			SetupTypeCache (273ms)
			ReleaseScriptCaches (2ms)
			RebuildScriptCaches (37ms)
			SetupLoadedEditorAssemblies (590ms)
				LogAssemblyErrors (0ms)
				InitializePlatformSupportModulesInManaged (3ms)
				SetLoadedEditorAssemblies (0ms)
				RefreshPlugins (1ms)
				BeforeProcessingInitializeOnLoad (49ms)
				ProcessInitializeOnLoadAttributes (525ms)
				ProcessInitializeOnLoadMethodAttributes (11ms)
				AfterProcessingInitializeOnLoad (1ms)
				EditorAssembliesLoaded (0ms)
			ExecutionOrderSort2 (0ms)
			AwakeInstancesAfterBackupRestoration (2ms)
Platform modules already initialized, skipping
Refreshing native plugins compatible for Editor in 0.52 ms, found 2 plugins.
Preloading 0 native plugins for Editor in 0.00 ms.
Unloading 3509 Unused Serialized files (Serialized files now loaded: 0)
Unloading 34 unused Assets / (21.9 KB). Loaded Objects now: 4018.
Memory consumption went from 211.7 MB to 211.7 MB.
Total: 2.095833 ms (FindLiveObjects: 0.115750 ms CreateObjectMapping: 0.050542 ms MarkObjects: 1.914083 ms  DeleteObjects: 0.014583 ms)

AssetImportParameters requested are different than current active one (requested -> active):
  custom:video-decoder-ogg-theora: a1e56fd34408186e4bbccfd4996cb3dc -> 
  custom:container-muxer-webm: aa71ff27fc2769a1b78a27578f13a17b -> 
  custom:container-demuxer-webm: 4f35f7cbe854078d1ac9338744f61a02 -> 
  custom:video-encoder-webm-vp8: eb34c28f22e8b96e1ab97ce403110664 -> 
  custom:framework-osx-AVFoundation: e770b220cccbd017edd2c1fefb359320 -> 
  custom:CustomObjectIndexerAttribute: bc11b3a6c3213fcdd17b65e7da85e133 -> 
  custom:audio-encoder-webm-vorbis: bf7c407c2cedff20999df2af8eb42d56 -> 
  custom:SearchIndexIgnoredProperties: e643bd26f0fe6173181afceb89e7c659 -> 
  custom:container-demuxer-ogg: 62fdf1f143b41e24485cea50d1cbac27 -> 
  custom:video-decoder-webm-vp8: 9c59270c3fd7afecdb556c50c9e8de78 -> 
  custom:audio-decoder-ogg-vorbis: bf7c407c2cedff20999df2af8eb42d56 -> 
========================================================================
Received Prepare
Registering precompiled user dll's ...
Registered in 0.002319 seconds.
Begin MonoManager ReloadAssembly
Thread 0x16dfef000 may have been prematurely finalized
Symbol file data-0x12a188000 doesn't match image /Users/manaralsatrawi/GameDev/Blackwoods-Curse/BlackwoodsCurse/Library/ScriptAssemblies/Unity.VisualScripting.Flow.Editor.dll
Symbol file LoadedFromMemory is not a mono symbol file
Symbol file data-0x126680000 doesn't match image /Users/manaralsatrawi/GameDev/Blackwoods-Curse/BlackwoodsCurse/Library/ScriptAssemblies/Unity.VSCode.Editor.dll
Symbol file LoadedFromMemory is not a mono symbol file
Symbol file data-0x126116e00 doesn't match image /Users/manaralsatrawi/GameDev/Blackwoods-Curse/BlackwoodsCurse/Library/ScriptAssemblies/Unity.VisualScripting.Shared.Editor.dll
Symbol file LoadedFromMemory is not a mono symbol file
Symbol file data-0x12a1e0000 doesn't match image /Users/manaralsatrawi/GameDev/Blackwoods-Curse/BlackwoodsCurse/Library/ScriptAssemblies/Unity.TextMeshPro.Editor.dll
Symbol file LoadedFromMemory is not a mono symbol file
Symbol file data-0x12a1f8000 doesn't match image /Users/manaralsatrawi/GameDev/Blackwoods-Curse/BlackwoodsCurse/Library/ScriptAssemblies/Unity.VisualStudio.Editor.dll
Symbol file LoadedFromMemory is not a mono symbol file
Symbol file data-0x12a248000 doesn't match image /Users/manaralsatrawi/GameDev/Blackwoods-Curse/BlackwoodsCurse/Library/ScriptAssemblies/Unity.Performance.Profile-Analyzer.Editor.dll
Symbol file LoadedFromMemory is not a mono symbol file
Symbol file data-0x12676cc00 doesn't match image /Users/manaralsatrawi/GameDev/Blackwoods-Curse/BlackwoodsCurse/Library/ScriptAssemblies/Unity.TestTools.CodeCoverage.Editor.OpenCover.Model.dll
Symbol file LoadedFromMemory is not a mono symbol file
Symbol file data-0x1264b1200 doesn't match image /Users/manaralsatrawi/GameDev/Blackwoods-Curse/BlackwoodsCurse/Library/ScriptAssemblies/Unity.Settings.Editor.dll
Symbol file LoadedFromMemory is not a mono symbol file
Symbol file data-0x12a310000 doesn't match image /Users/manaralsatrawi/GameDev/Blackwoods-Curse/BlackwoodsCurse/Library/ScriptAssemblies/Unity.Timeline.Editor.dll
Symbol file LoadedFromMemory is not a mono symbol file
Symbol file data-0x12a380000 doesn't match image /Users/manaralsatrawi/GameDev/Blackwoods-Curse/BlackwoodsCurse/Library/ScriptAssemblies/Unity.Timeline.dll
Symbol file LoadedFromMemory is not a mono symbol file
Symbol file data-0x12a498000 doesn't match image /Users/manaralsatrawi/GameDev/Blackwoods-Curse/BlackwoodsCurse/Library/ScriptAssemblies/Unity.VisualScripting.Core.Editor.dll
Symbol file LoadedFromMemory is not a mono symbol file
Symbol file data-0x12a310000 doesn't match image /Users/manaralsatrawi/GameDev/Blackwoods-Curse/BlackwoodsCurse/Library/ScriptAssemblies/Unity.TextMeshPro.dll
Symbol file LoadedFromMemory is not a mono symbol file
Symbol file data-0x12a380000 doesn't match image /Users/manaralsatrawi/GameDev/Blackwoods-Curse/BlackwoodsCurse/Library/ScriptAssemblies/Unity.VisualScripting.State.Editor.dll
Symbol file LoadedFromMemory is not a mono symbol file
Symbol file data-0x12a380000 doesn't match image /Users/manaralsatrawi/GameDev/Blackwoods-Curse/BlackwoodsCurse/Library/ScriptAssemblies/MerryYellow.CodeAssist.Editor.dll
Symbol file LoadedFromMemory is not a mono symbol file
Symbol file data-0x12676cc00 doesn't match image /Users/manaralsatrawi/GameDev/Blackwoods-Curse/BlackwoodsCurse/Library/ScriptAssemblies/Unity.CollabProxy.Editor.dll
Symbol file LoadedFromMemory is not a mono symbol file
Symbol file data-0x12671ee00 doesn't match image /Users/manaralsatrawi/GameDev/Blackwoods-Curse/BlackwoodsCurse/Library/ScriptAssemblies/Unity.InputSystem.ForUI.dll
Symbol file LoadedFromMemory is not a mono symbol file
Symbol file data-0x12676cc00 doesn't match image /Users/manaralsatrawi/GameDev/Blackwoods-Curse/BlackwoodsCurse/Library/ScriptAssemblies/Unity.VisualScripting.SettingsProvider.Editor.dll
Symbol file LoadedFromMemory is not a mono symbol file
Symbol file data-0x12676cc00 doesn't match image /Users/manaralsatrawi/GameDev/Blackwoods-Curse/BlackwoodsCurse/Library/ScriptAssemblies/Unity.TestTools.CodeCoverage.Editor.OpenCover.Mono.Reflection.dll
Symbol file LoadedFromMemory is not a mono symbol file
Symbol file data-0x12a5a8000 doesn't match image /Users/manaralsatrawi/GameDev/Blackwoods-Curse/BlackwoodsCurse/Library/ScriptAssemblies/Unity.VisualScripting.Flow.dll
Symbol file LoadedFromMemory is not a mono symbol file
Symbol file data-0x12a4e0000 doesn't match image /Users/manaralsatrawi/GameDev/Blackwoods-Curse/BlackwoodsCurse/Library/ScriptAssemblies/UnityEditor.UI.dll
Symbol file LoadedFromMemory is not a mono symbol file
Symbol file data-0x12a718000 doesn't match image /Users/manaralsatrawi/GameDev/Blackwoods-Curse/BlackwoodsCurse/Library/ScriptAssemblies/Unity.InputSystem.dll
Symbol file LoadedFromMemory is not a mono symbol file
Symbol file data-0x12a4e0000 doesn't match image /Users/manaralsatrawi/GameDev/Blackwoods-Curse/BlackwoodsCurse/Library/ScriptAssemblies/Unity.Rider.Editor.dll
Symbol file LoadedFromMemory is not a mono symbol file
Symbol file data-0x12a718000 doesn't match image /Users/manaralsatrawi/GameDev/Blackwoods-Curse/BlackwoodsCurse/Library/ScriptAssemblies/Unity.PlasticSCM.Editor.dll
Symbol file LoadedFromMemory is not a mono symbol file
Symbol file data-0x12a4e0000 doesn't match image /Users/manaralsatrawi/GameDev/Blackwoods-Curse/BlackwoodsCurse/Library/ScriptAssemblies/Unity.TestTools.CodeCoverage.Editor.dll
Symbol file LoadedFromMemory is not a mono symbol file
Symbol file data-0x12a838000 doesn't match image /Users/manaralsatrawi/GameDev/Blackwoods-Curse/BlackwoodsCurse/Library/ScriptAssemblies/UnityEngine.UI.dll
Symbol file LoadedFromMemory is not a mono symbol file
Symbol file data-0x1262cd800 doesn't match image /Users/manaralsatrawi/GameDev/Blackwoods-Curse/BlackwoodsCurse/Library/ScriptAssemblies/Unity.InputSystem.TestFramework.dll
Symbol file LoadedFromMemory is not a mono symbol file
Symbol file data-0x126680000 doesn't match image /Users/manaralsatrawi/GameDev/Blackwoods-Curse/BlackwoodsCurse/Library/ScriptAssemblies/Unity.VisualScripting.State.dll
Symbol file LoadedFromMemory is not a mono symbol file
Symbol file data-0x12a8e8000 doesn't match image /Users/manaralsatrawi/GameDev/Blackwoods-Curse/BlackwoodsCurse/Library/ScriptAssemblies/Unity.VisualScripting.Core.dll
Symbol file LoadedFromMemory is not a mono symbol file
Symbol file data-0x12676cc00 doesn't match image /Users/manaralsatrawi/GameDev/Blackwoods-Curse/BlackwoodsCurse/Library/ScriptAssemblies/Unity.EditorCoroutines.Editor.dll
Symbol file LoadedFromMemory is not a mono symbol file
Native extension for OSXStandalone target not found
Refreshing native plugins compatible for Editor in 0.59 ms, found 2 plugins.
Preloading 0 native plugins for Editor in 0.00 ms.
[Package Manager] Server::EnsureServerProcessIsRunning -- launch failed, reason: Unity was launched with the -noUpm command-line argument
[Package Manager] Cannot connect to Unity Package Manager local server
Mono: successfully reloaded assembly
- Completed reload, in  1.065 seconds
Domain Reload Profiling:
	ReloadAssembly (1066ms)
		BeginReloadAssembly (138ms)
			ExecutionOrderSort (0ms)
			DisableScriptedObjects (3ms)
			BackupInstance (0ms)
			ReleaseScriptingObjects (0ms)
			CreateAndSetChildDomain (67ms)
		EndReloadAssembly (862ms)
			LoadAssemblies (54ms)
			RebuildTransferFunctionScriptingTraits (0ms)
			SetupTypeCache (214ms)
			ReleaseScriptCaches (1ms)
			RebuildScriptCaches (30ms)
			SetupLoadedEditorAssemblies (547ms)
				LogAssemblyErrors (0ms)
				InitializePlatformSupportModulesInManaged (2ms)
				SetLoadedEditorAssemblies (0ms)
				RefreshPlugins (1ms)
				BeforeProcessingInitializeOnLoad (37ms)
				ProcessInitializeOnLoadAttributes (496ms)
				ProcessInitializeOnLoadMethodAttributes (11ms)
				AfterProcessingInitializeOnLoad (1ms)
				EditorAssembliesLoaded (0ms)
			ExecutionOrderSort2 (0ms)
			AwakeInstancesAfterBackupRestoration (2ms)
Platform modules already initialized, skipping
Refreshing native plugins compatible for Editor in 0.48 ms, found 2 plugins.
Preloading 0 native plugins for Editor in 0.00 ms.
Unloading 3509 Unused Serialized files (Serialized files now loaded: 0)
Unloading 34 unused Assets / (23.1 KB). Loaded Objects now: 4021.
Memory consumption went from 211.7 MB to 211.7 MB.
Total: 2.189875 ms (FindLiveObjects: 0.160416 ms CreateObjectMapping: 0.062375 ms MarkObjects: 1.942167 ms  DeleteObjects: 0.024500 ms)

AssetImportParameters requested are different than current active one (requested -> active):
  custom:video-decoder-ogg-theora: a1e56fd34408186e4bbccfd4996cb3dc -> 
  custom:container-muxer-webm: aa71ff27fc2769a1b78a27578f13a17b -> 
  custom:container-demuxer-webm: 4f35f7cbe854078d1ac9338744f61a02 -> 
  custom:video-encoder-webm-vp8: eb34c28f22e8b96e1ab97ce403110664 -> 
  custom:framework-osx-AVFoundation: e770b220cccbd017edd2c1fefb359320 -> 
  custom:CustomObjectIndexerAttribute: bc11b3a6c3213fcdd17b65e7da85e133 -> 
  custom:audio-encoder-webm-vorbis: bf7c407c2cedff20999df2af8eb42d56 -> 
  custom:SearchIndexIgnoredProperties: e643bd26f0fe6173181afceb89e7c659 -> 
  custom:container-demuxer-ogg: 62fdf1f143b41e24485cea50d1cbac27 -> 
  custom:video-decoder-webm-vp8: 9c59270c3fd7afecdb556c50c9e8de78 -> 
  custom:audio-decoder-ogg-vorbis: bf7c407c2cedff20999df2af8eb42d56 -> 
========================================================================
Received Prepare
Registering precompiled user dll's ...
Registered in 0.002741 seconds.
Begin MonoManager ReloadAssembly
Thread 0x16dfef000 may have been prematurely finalized
Symbol file data-0x311278000 doesn't match image /Users/manaralsatrawi/GameDev/Blackwoods-Curse/BlackwoodsCurse/Library/ScriptAssemblies/Unity.VisualScripting.Flow.Editor.dll
Symbol file LoadedFromMemory is not a mono symbol file
Symbol file data-0x3227cb800 doesn't match image /Users/manaralsatrawi/GameDev/Blackwoods-Curse/BlackwoodsCurse/Library/ScriptAssemblies/Unity.VSCode.Editor.dll
Symbol file LoadedFromMemory is not a mono symbol file
Symbol file data-0x3227d1e00 doesn't match image /Users/manaralsatrawi/GameDev/Blackwoods-Curse/BlackwoodsCurse/Library/ScriptAssemblies/Unity.VisualScripting.Shared.Editor.dll
Symbol file LoadedFromMemory is not a mono symbol file
Symbol file data-0x3112d0000 doesn't match image /Users/manaralsatrawi/GameDev/Blackwoods-Curse/BlackwoodsCurse/Library/ScriptAssemblies/Unity.TextMeshPro.Editor.dll
Symbol file LoadedFromMemory is not a mono symbol file
Symbol file data-0x12c1c0000 doesn't match image /Users/manaralsatrawi/GameDev/Blackwoods-Curse/BlackwoodsCurse/Library/ScriptAssemblies/Unity.VisualStudio.Editor.dll
Symbol file LoadedFromMemory is not a mono symbol file
Symbol file data-0x12c230000 doesn't match image /Users/manaralsatrawi/GameDev/Blackwoods-Curse/BlackwoodsCurse/Library/ScriptAssemblies/Unity.Performance.Profile-Analyzer.Editor.dll
Symbol file LoadedFromMemory is not a mono symbol file
Symbol file data-0x116cf7000 doesn't match image /Users/manaralsatrawi/GameDev/Blackwoods-Curse/BlackwoodsCurse/Library/ScriptAssemblies/Unity.TestTools.CodeCoverage.Editor.OpenCover.Model.dll
Symbol file LoadedFromMemory is not a mono symbol file
Symbol file data-0x116cfd000 doesn't match image /Users/manaralsatrawi/GameDev/Blackwoods-Curse/BlackwoodsCurse/Library/ScriptAssemblies/Unity.Settings.Editor.dll
Symbol file LoadedFromMemory is not a mono symbol file
Symbol file data-0x12c2f8000 doesn't match image /Users/manaralsatrawi/GameDev/Blackwoods-Curse/BlackwoodsCurse/Library/ScriptAssemblies/Unity.Timeline.Editor.dll
Symbol file LoadedFromMemory is not a mono symbol file
Symbol file data-0x12c368000 doesn't match image /Users/manaralsatrawi/GameDev/Blackwoods-Curse/BlackwoodsCurse/Library/ScriptAssemblies/Unity.Timeline.dll
Symbol file LoadedFromMemory is not a mono symbol file
Symbol file data-0x12c480000 doesn't match image /Users/manaralsatrawi/GameDev/Blackwoods-Curse/BlackwoodsCurse/Library/ScriptAssemblies/Unity.VisualScripting.Core.Editor.dll
Symbol file LoadedFromMemory is not a mono symbol file
Symbol file data-0x12c2f8000 doesn't match image /Users/manaralsatrawi/GameDev/Blackwoods-Curse/BlackwoodsCurse/Library/ScriptAssemblies/Unity.TextMeshPro.dll
Symbol file LoadedFromMemory is not a mono symbol file
Symbol file data-0x12c368000 doesn't match image /Users/manaralsatrawi/GameDev/Blackwoods-Curse/BlackwoodsCurse/Library/ScriptAssemblies/Unity.VisualScripting.State.Editor.dll
Symbol file LoadedFromMemory is not a mono symbol file
Symbol file data-0x12c368000 doesn't match image /Users/manaralsatrawi/GameDev/Blackwoods-Curse/BlackwoodsCurse/Library/ScriptAssemblies/MerryYellow.CodeAssist.Editor.dll
Symbol file LoadedFromMemory is not a mono symbol file
Symbol file data-0x116cf8400 doesn't match image /Users/manaralsatrawi/GameDev/Blackwoods-Curse/BlackwoodsCurse/Library/ScriptAssemblies/Unity.CollabProxy.Editor.dll
Symbol file LoadedFromMemory is not a mono symbol file
Symbol file data-0x116cfde00 doesn't match image /Users/manaralsatrawi/GameDev/Blackwoods-Curse/BlackwoodsCurse/Library/ScriptAssemblies/Unity.InputSystem.ForUI.dll
Symbol file LoadedFromMemory is not a mono symbol file
Symbol file data-0x116d01e00 doesn't match image /Users/manaralsatrawi/GameDev/Blackwoods-Curse/BlackwoodsCurse/Library/ScriptAssemblies/Unity.VisualScripting.SettingsProvider.Editor.dll
Symbol file LoadedFromMemory is not a mono symbol file
Symbol file data-0x116cfde00 doesn't match image /Users/manaralsatrawi/GameDev/Blackwoods-Curse/BlackwoodsCurse/Library/ScriptAssemblies/Unity.TestTools.CodeCoverage.Editor.OpenCover.Mono.Reflection.dll
Symbol file LoadedFromMemory is not a mono symbol file
Symbol file data-0x12c590000 doesn't match image /Users/manaralsatrawi/GameDev/Blackwoods-Curse/BlackwoodsCurse/Library/ScriptAssemblies/Unity.VisualScripting.Flow.dll
Symbol file LoadedFromMemory is not a mono symbol file
Symbol file data-0x12c4c8000 doesn't match image /Users/manaralsatrawi/GameDev/Blackwoods-Curse/BlackwoodsCurse/Library/ScriptAssemblies/UnityEditor.UI.dll
Symbol file LoadedFromMemory is not a mono symbol file
Symbol file data-0x12c700000 doesn't match image /Users/manaralsatrawi/GameDev/Blackwoods-Curse/BlackwoodsCurse/Library/ScriptAssemblies/Unity.InputSystem.dll
Symbol file LoadedFromMemory is not a mono symbol file
Symbol file data-0x130658000 doesn't match image /Users/manaralsatrawi/GameDev/Blackwoods-Curse/BlackwoodsCurse/Library/ScriptAssemblies/Unity.Rider.Editor.dll
Symbol file LoadedFromMemory is not a mono symbol file
Symbol file data-0x118d78000 doesn't match image /Users/manaralsatrawi/GameDev/Blackwoods-Curse/BlackwoodsCurse/Library/ScriptAssemblies/Unity.PlasticSCM.Editor.dll
Symbol file LoadedFromMemory is not a mono symbol file
Symbol file data-0x118dd8000 doesn't match image /Users/manaralsatrawi/GameDev/Blackwoods-Curse/BlackwoodsCurse/Library/ScriptAssemblies/Unity.TestTools.CodeCoverage.Editor.dll
Symbol file LoadedFromMemory is not a mono symbol file
Symbol file data-0x118de8000 doesn't match image /Users/manaralsatrawi/GameDev/Blackwoods-Curse/BlackwoodsCurse/Library/ScriptAssemblies/UnityEngine.UI.dll
Symbol file LoadedFromMemory is not a mono symbol file
Symbol file data-0x33382b600 doesn't match image /Users/manaralsatrawi/GameDev/Blackwoods-Curse/BlackwoodsCurse/Library/ScriptAssemblies/Unity.InputSystem.TestFramework.dll
Symbol file LoadedFromMemory is not a mono symbol file
Symbol file data-0x333e90400 doesn't match image /Users/manaralsatrawi/GameDev/Blackwoods-Curse/BlackwoodsCurse/Library/ScriptAssemblies/Unity.VisualScripting.State.dll
Symbol file LoadedFromMemory is not a mono symbol file
Symbol file data-0x118e98000 doesn't match image /Users/manaralsatrawi/GameDev/Blackwoods-Curse/BlackwoodsCurse/Library/ScriptAssemblies/Unity.VisualScripting.Core.dll
Symbol file LoadedFromMemory is not a mono symbol file
Symbol file data-0x33381e200 doesn't match image /Users/manaralsatrawi/GameDev/Blackwoods-Curse/BlackwoodsCurse/Library/ScriptAssemblies/Unity.EditorCoroutines.Editor.dll
Symbol file LoadedFromMemory is not a mono symbol file
Native extension for OSXStandalone target not found
Refreshing native plugins compatible for Editor in 0.45 ms, found 2 plugins.
Preloading 0 native plugins for Editor in 0.00 ms.
[Package Manager] Server::EnsureServerProcessIsRunning -- launch failed, reason: Unity was launched with the -noUpm command-line argument
[Package Manager] Cannot connect to Unity Package Manager local server
Mono: successfully reloaded assembly
- Completed reload, in  1.047 seconds
Domain Reload Profiling:
	ReloadAssembly (1047ms)
		BeginReloadAssembly (96ms)
			ExecutionOrderSort (0ms)
			DisableScriptedObjects (3ms)
			BackupInstance (0ms)
			ReleaseScriptingObjects (0ms)
			CreateAndSetChildDomain (33ms)
		EndReloadAssembly (885ms)
			LoadAssemblies (65ms)
			RebuildTransferFunctionScriptingTraits (0ms)
			SetupTypeCache (214ms)
			ReleaseScriptCaches (1ms)
			RebuildScriptCaches (32ms)
			SetupLoadedEditorAssemblies (550ms)
				LogAssemblyErrors (0ms)
				InitializePlatformSupportModulesInManaged (2ms)
				SetLoadedEditorAssemblies (0ms)
				RefreshPlugins (0ms)
				BeforeProcessingInitializeOnLoad (37ms)
				ProcessInitializeOnLoadAttributes (499ms)
				ProcessInitializeOnLoadMethodAttributes (11ms)
				AfterProcessingInitializeOnLoad (1ms)
				EditorAssembliesLoaded (0ms)
			ExecutionOrderSort2 (0ms)
			AwakeInstancesAfterBackupRestoration (2ms)
Platform modules already initialized, skipping
Refreshing native plugins compatible for Editor in 0.50 ms, found 2 plugins.
Preloading 0 native plugins for Editor in 0.00 ms.
Unloading 3509 Unused Serialized files (Serialized files now loaded: 0)
Unloading 34 unused Assets / (21.9 KB). Loaded Objects now: 4024.
Memory consumption went from 211.7 MB to 211.7 MB.
Total: 2.336291 ms (FindLiveObjects: 0.142083 ms CreateObjectMapping: 0.045625 ms MarkObjects: 2.125459 ms  DeleteObjects: 0.022583 ms)

AssetImportParameters requested are different than current active one (requested -> active):
  custom:video-decoder-ogg-theora: a1e56fd34408186e4bbccfd4996cb3dc -> 
  custom:container-muxer-webm: aa71ff27fc2769a1b78a27578f13a17b -> 
  custom:container-demuxer-webm: 4f35f7cbe854078d1ac9338744f61a02 -> 
  custom:video-encoder-webm-vp8: eb34c28f22e8b96e1ab97ce403110664 -> 
  custom:framework-osx-AVFoundation: e770b220cccbd017edd2c1fefb359320 -> 
  custom:CustomObjectIndexerAttribute: bc11b3a6c3213fcdd17b65e7da85e133 -> 
  custom:audio-encoder-webm-vorbis: bf7c407c2cedff20999df2af8eb42d56 -> 
  custom:SearchIndexIgnoredProperties: e643bd26f0fe6173181afceb89e7c659 -> 
  custom:container-demuxer-ogg: 62fdf1f143b41e24485cea50d1cbac27 -> 
  custom:video-decoder-webm-vp8: 9c59270c3fd7afecdb556c50c9e8de78 -> 
  custom:audio-decoder-ogg-vorbis: bf7c407c2cedff20999df2af8eb42d56 -> 
========================================================================
Received Prepare
Registering precompiled user dll's ...
Registered in 0.002811 seconds.
Begin MonoManager ReloadAssembly
Thread 0x16df63000 may have been prematurely finalized
Symbol file data-0x12d0c0000 doesn't match image /Users/manaralsatrawi/GameDev/Blackwoods-Curse/BlackwoodsCurse/Library/ScriptAssemblies/Unity.VisualScripting.Flow.Editor.dll
Symbol file LoadedFromMemory is not a mono symbol file
Symbol file data-0x127a02200 doesn't match image /Users/manaralsatrawi/GameDev/Blackwoods-Curse/BlackwoodsCurse/Library/ScriptAssemblies/Unity.VSCode.Editor.dll
Symbol file LoadedFromMemory is not a mono symbol file
Symbol file data-0x1279f8200 doesn't match image /Users/manaralsatrawi/GameDev/Blackwoods-Curse/BlackwoodsCurse/Library/ScriptAssemblies/Unity.VisualScripting.Shared.Editor.dll
Symbol file LoadedFromMemory is not a mono symbol file
Symbol file data-0x3111b8000 doesn't match image /Users/manaralsatrawi/GameDev/Blackwoods-Curse/BlackwoodsCurse/Library/ScriptAssemblies/Unity.TextMeshPro.Editor.dll
Symbol file LoadedFromMemory is not a mono symbol file
Symbol file data-0x3111d0000 doesn't match image /Users/manaralsatrawi/GameDev/Blackwoods-Curse/BlackwoodsCurse/Library/ScriptAssemblies/Unity.VisualStudio.Editor.dll
Symbol file LoadedFromMemory is not a mono symbol file
Symbol file data-0x311220000 doesn't match image /Users/manaralsatrawi/GameDev/Blackwoods-Curse/BlackwoodsCurse/Library/ScriptAssemblies/Unity.Performance.Profile-Analyzer.Editor.dll
Symbol file LoadedFromMemory is not a mono symbol file
Symbol file data-0x127a07e00 doesn't match image /Users/manaralsatrawi/GameDev/Blackwoods-Curse/BlackwoodsCurse/Library/ScriptAssemblies/Unity.TestTools.CodeCoverage.Editor.OpenCover.Model.dll
Symbol file LoadedFromMemory is not a mono symbol file
Symbol file data-0x127a0de00 doesn't match image /Users/manaralsatrawi/GameDev/Blackwoods-Curse/BlackwoodsCurse/Library/ScriptAssemblies/Unity.Settings.Editor.dll
Symbol file LoadedFromMemory is not a mono symbol file
Symbol file data-0x3112e8000 doesn't match image /Users/manaralsatrawi/GameDev/Blackwoods-Curse/BlackwoodsCurse/Library/ScriptAssemblies/Unity.Timeline.Editor.dll
Symbol file LoadedFromMemory is not a mono symbol file
Symbol file data-0x311358000 doesn't match image /Users/manaralsatrawi/GameDev/Blackwoods-Curse/BlackwoodsCurse/Library/ScriptAssemblies/Unity.Timeline.dll
Symbol file LoadedFromMemory is not a mono symbol file
Symbol file data-0x311470000 doesn't match image /Users/manaralsatrawi/GameDev/Blackwoods-Curse/BlackwoodsCurse/Library/ScriptAssemblies/Unity.VisualScripting.Core.Editor.dll
Symbol file LoadedFromMemory is not a mono symbol file
Symbol file data-0x3112e8000 doesn't match image /Users/manaralsatrawi/GameDev/Blackwoods-Curse/BlackwoodsCurse/Library/ScriptAssemblies/Unity.TextMeshPro.dll
Symbol file LoadedFromMemory is not a mono symbol file
Symbol file data-0x311358000 doesn't match image /Users/manaralsatrawi/GameDev/Blackwoods-Curse/BlackwoodsCurse/Library/ScriptAssemblies/Unity.VisualScripting.State.Editor.dll
Symbol file LoadedFromMemory is not a mono symbol file
Symbol file data-0x311358000 doesn't match image /Users/manaralsatrawi/GameDev/Blackwoods-Curse/BlackwoodsCurse/Library/ScriptAssemblies/MerryYellow.CodeAssist.Editor.dll
Symbol file LoadedFromMemory is not a mono symbol file
Symbol file data-0x127a07e00 doesn't match image /Users/manaralsatrawi/GameDev/Blackwoods-Curse/BlackwoodsCurse/Library/ScriptAssemblies/Unity.CollabProxy.Editor.dll
Symbol file LoadedFromMemory is not a mono symbol file
Symbol file data-0x127a0c200 doesn't match image /Users/manaralsatrawi/GameDev/Blackwoods-Curse/BlackwoodsCurse/Library/ScriptAssemblies/Unity.InputSystem.ForUI.dll
Symbol file LoadedFromMemory is not a mono symbol file
Symbol file data-0x127a0fa00 doesn't match image /Users/manaralsatrawi/GameDev/Blackwoods-Curse/BlackwoodsCurse/Library/ScriptAssemblies/Unity.VisualScripting.SettingsProvider.Editor.dll
Symbol file LoadedFromMemory is not a mono symbol file
Symbol file data-0x127a0fa00 doesn't match image /Users/manaralsatrawi/GameDev/Blackwoods-Curse/BlackwoodsCurse/Library/ScriptAssemblies/Unity.TestTools.CodeCoverage.Editor.OpenCover.Mono.Reflection.dll
Symbol file LoadedFromMemory is not a mono symbol file
Symbol file data-0x311580000 doesn't match image /Users/manaralsatrawi/GameDev/Blackwoods-Curse/BlackwoodsCurse/Library/ScriptAssemblies/Unity.VisualScripting.Flow.dll
Symbol file LoadedFromMemory is not a mono symbol file
Symbol file data-0x3114b8000 doesn't match image /Users/manaralsatrawi/GameDev/Blackwoods-Curse/BlackwoodsCurse/Library/ScriptAssemblies/UnityEditor.UI.dll
Symbol file LoadedFromMemory is not a mono symbol file
Symbol file data-0x3116f0000 doesn't match image /Users/manaralsatrawi/GameDev/Blackwoods-Curse/BlackwoodsCurse/Library/ScriptAssemblies/Unity.InputSystem.dll
Symbol file LoadedFromMemory is not a mono symbol file
Symbol file data-0x3114b8000 doesn't match image /Users/manaralsatrawi/GameDev/Blackwoods-Curse/BlackwoodsCurse/Library/ScriptAssemblies/Unity.Rider.Editor.dll
Symbol file LoadedFromMemory is not a mono symbol file
Symbol file data-0x3116f0000 doesn't match image /Users/manaralsatrawi/GameDev/Blackwoods-Curse/BlackwoodsCurse/Library/ScriptAssemblies/Unity.PlasticSCM.Editor.dll
Symbol file LoadedFromMemory is not a mono symbol file
Symbol file data-0x3114b8000 doesn't match image /Users/manaralsatrawi/GameDev/Blackwoods-Curse/BlackwoodsCurse/Library/ScriptAssemblies/Unity.TestTools.CodeCoverage.Editor.dll
Symbol file LoadedFromMemory is not a mono symbol file
Symbol file data-0x311810000 doesn't match image /Users/manaralsatrawi/GameDev/Blackwoods-Curse/BlackwoodsCurse/Library/ScriptAssemblies/UnityEngine.UI.dll
Symbol file LoadedFromMemory is not a mono symbol file
Symbol file data-0x127a12200 doesn't match image /Users/manaralsatrawi/GameDev/Blackwoods-Curse/BlackwoodsCurse/Library/ScriptAssemblies/Unity.InputSystem.TestFramework.dll
Symbol file LoadedFromMemory is not a mono symbol file
Symbol file data-0x127a1f200 doesn't match image /Users/manaralsatrawi/GameDev/Blackwoods-Curse/BlackwoodsCurse/Library/ScriptAssemblies/Unity.VisualScripting.State.dll
Symbol file LoadedFromMemory is not a mono symbol file
Symbol file data-0x3118c0000 doesn't match image /Users/manaralsatrawi/GameDev/Blackwoods-Curse/BlackwoodsCurse/Library/ScriptAssemblies/Unity.VisualScripting.Core.dll
Symbol file LoadedFromMemory is not a mono symbol file
Symbol file data-0x127a1f200 doesn't match image /Users/manaralsatrawi/GameDev/Blackwoods-Curse/BlackwoodsCurse/Library/ScriptAssemblies/Unity.EditorCoroutines.Editor.dll
Symbol file LoadedFromMemory is not a mono symbol file
Native extension for OSXStandalone target not found
Refreshing native plugins compatible for Editor in 0.66 ms, found 2 plugins.
Preloading 0 native plugins for Editor in 0.00 ms.
[Package Manager] Server::EnsureServerProcessIsRunning -- launch failed, reason: Unity was launched with the -noUpm command-line argument
[Package Manager] Cannot connect to Unity Package Manager local server
Mono: successfully reloaded assembly
- Completed reload, in  1.094 seconds
Domain Reload Profiling:
	ReloadAssembly (1094ms)
		BeginReloadAssembly (91ms)
			ExecutionOrderSort (0ms)
			DisableScriptedObjects (3ms)
			BackupInstance (0ms)
			ReleaseScriptingObjects (0ms)
			CreateAndSetChildDomain (32ms)
		EndReloadAssembly (937ms)
			LoadAssemblies (45ms)
			RebuildTransferFunctionScriptingTraits (0ms)
			SetupTypeCache (250ms)
			ReleaseScriptCaches (1ms)
			RebuildScriptCaches (39ms)
			SetupLoadedEditorAssemblies (567ms)
				LogAssemblyErrors (0ms)
				InitializePlatformSupportModulesInManaged (3ms)
				SetLoadedEditorAssemblies (0ms)
				RefreshPlugins (1ms)
				BeforeProcessingInitializeOnLoad (46ms)
				ProcessInitializeOnLoadAttributes (506ms)
				ProcessInitializeOnLoadMethodAttributes (11ms)
				AfterProcessingInitializeOnLoad (1ms)
				EditorAssembliesLoaded (0ms)
			ExecutionOrderSort2 (0ms)
			AwakeInstancesAfterBackupRestoration (2ms)
Platform modules already initialized, skipping
Refreshing native plugins compatible for Editor in 0.47 ms, found 2 plugins.
Preloading 0 native plugins for Editor in 0.00 ms.
Unloading 3509 Unused Serialized files (Serialized files now loaded: 0)
Unloading 34 unused Assets / (22.0 KB). Loaded Objects now: 4027.
Memory consumption went from 211.7 MB to 211.7 MB.
Total: 2.114459 ms (FindLiveObjects: 0.112250 ms CreateObjectMapping: 0.039708 ms MarkObjects: 1.945584 ms  DeleteObjects: 0.016292 ms)

AssetImportParameters requested are different than current active one (requested -> active):
  custom:video-decoder-ogg-theora: a1e56fd34408186e4bbccfd4996cb3dc -> 
  custom:container-muxer-webm: aa71ff27fc2769a1b78a27578f13a17b -> 
  custom:container-demuxer-webm: 4f35f7cbe854078d1ac9338744f61a02 -> 
  custom:video-encoder-webm-vp8: eb34c28f22e8b96e1ab97ce403110664 -> 
  custom:framework-osx-AVFoundation: e770b220cccbd017edd2c1fefb359320 -> 
  custom:CustomObjectIndexerAttribute: bc11b3a6c3213fcdd17b65e7da85e133 -> 
  custom:audio-encoder-webm-vorbis: bf7c407c2cedff20999df2af8eb42d56 -> 
  custom:SearchIndexIgnoredProperties: e643bd26f0fe6173181afceb89e7c659 -> 
  custom:container-demuxer-ogg: 62fdf1f143b41e24485cea50d1cbac27 -> 
  custom:video-decoder-webm-vp8: 9c59270c3fd7afecdb556c50c9e8de78 -> 
  custom:audio-decoder-ogg-vorbis: bf7c407c2cedff20999df2af8eb42d56 -> 
========================================================================
Received Prepare
Registering precompiled user dll's ...
Registered in 0.003173 seconds.
Begin MonoManager ReloadAssembly
Thread 0x16df63000 may have been prematurely finalized
Symbol file data-0x130100000 doesn't match image /Users/manaralsatrawi/GameDev/Blackwoods-Curse/BlackwoodsCurse/Library/ScriptAssemblies/Unity.VisualScripting.Flow.Editor.dll
Symbol file LoadedFromMemory is not a mono symbol file
Symbol file data-0x333bee000 doesn't match image /Users/manaralsatrawi/GameDev/Blackwoods-Curse/BlackwoodsCurse/Library/ScriptAssemblies/Unity.VSCode.Editor.dll
Symbol file LoadedFromMemory is not a mono symbol file
Symbol file data-0x333bf7600 doesn't match image /Users/manaralsatrawi/GameDev/Blackwoods-Curse/BlackwoodsCurse/Library/ScriptAssemblies/Unity.VisualScripting.Shared.Editor.dll
Symbol file LoadedFromMemory is not a mono symbol file
Symbol file data-0x130168000 doesn't match image /Users/manaralsatrawi/GameDev/Blackwoods-Curse/BlackwoodsCurse/Library/ScriptAssemblies/Unity.TextMeshPro.Editor.dll
Symbol file LoadedFromMemory is not a mono symbol file
Symbol file data-0x130180000 doesn't match image /Users/manaralsatrawi/GameDev/Blackwoods-Curse/BlackwoodsCurse/Library/ScriptAssemblies/Unity.VisualStudio.Editor.dll
Symbol file LoadedFromMemory is not a mono symbol file
Symbol file data-0x1301d0000 doesn't match image /Users/manaralsatrawi/GameDev/Blackwoods-Curse/BlackwoodsCurse/Library/ScriptAssemblies/Unity.Performance.Profile-Analyzer.Editor.dll
Symbol file LoadedFromMemory is not a mono symbol file
Symbol file data-0x333bf7600 doesn't match image /Users/manaralsatrawi/GameDev/Blackwoods-Curse/BlackwoodsCurse/Library/ScriptAssemblies/Unity.TestTools.CodeCoverage.Editor.OpenCover.Model.dll
Symbol file LoadedFromMemory is not a mono symbol file
Symbol file data-0x333bfde00 doesn't match image /Users/manaralsatrawi/GameDev/Blackwoods-Curse/BlackwoodsCurse/Library/ScriptAssemblies/Unity.Settings.Editor.dll
Symbol file LoadedFromMemory is not a mono symbol file
Symbol file data-0x130298000 doesn't match image /Users/manaralsatrawi/GameDev/Blackwoods-Curse/BlackwoodsCurse/Library/ScriptAssemblies/Unity.Timeline.Editor.dll
Symbol file LoadedFromMemory is not a mono symbol file
Symbol file data-0x130308000 doesn't match image /Users/manaralsatrawi/GameDev/Blackwoods-Curse/BlackwoodsCurse/Library/ScriptAssemblies/Unity.Timeline.dll
Symbol file LoadedFromMemory is not a mono symbol file
Symbol file data-0x130420000 doesn't match image /Users/manaralsatrawi/GameDev/Blackwoods-Curse/BlackwoodsCurse/Library/ScriptAssemblies/Unity.VisualScripting.Core.Editor.dll
Symbol file LoadedFromMemory is not a mono symbol file
Symbol file data-0x130298000 doesn't match image /Users/manaralsatrawi/GameDev/Blackwoods-Curse/BlackwoodsCurse/Library/ScriptAssemblies/Unity.TextMeshPro.dll
Symbol file LoadedFromMemory is not a mono symbol file
Symbol file data-0x130308000 doesn't match image /Users/manaralsatrawi/GameDev/Blackwoods-Curse/BlackwoodsCurse/Library/ScriptAssemblies/Unity.VisualScripting.State.Editor.dll
Symbol file LoadedFromMemory is not a mono symbol file
Symbol file data-0x130308000 doesn't match image /Users/manaralsatrawi/GameDev/Blackwoods-Curse/BlackwoodsCurse/Library/ScriptAssemblies/MerryYellow.CodeAssist.Editor.dll
Symbol file LoadedFromMemory is not a mono symbol file
Symbol file data-0x333bff200 doesn't match image /Users/manaralsatrawi/GameDev/Blackwoods-Curse/BlackwoodsCurse/Library/ScriptAssemblies/Unity.CollabProxy.Editor.dll
Symbol file LoadedFromMemory is not a mono symbol file
Symbol file data-0x333c04400 doesn't match image /Users/manaralsatrawi/GameDev/Blackwoods-Curse/BlackwoodsCurse/Library/ScriptAssemblies/Unity.InputSystem.ForUI.dll
Symbol file LoadedFromMemory is not a mono symbol file
Symbol file data-0x333c08400 doesn't match image /Users/manaralsatrawi/GameDev/Blackwoods-Curse/BlackwoodsCurse/Library/ScriptAssemblies/Unity.VisualScripting.SettingsProvider.Editor.dll
Symbol file LoadedFromMemory is not a mono symbol file
Symbol file data-0x333c04400 doesn't match image /Users/manaralsatrawi/GameDev/Blackwoods-Curse/BlackwoodsCurse/Library/ScriptAssemblies/Unity.TestTools.CodeCoverage.Editor.OpenCover.Mono.Reflection.dll
Symbol file LoadedFromMemory is not a mono symbol file
Symbol file data-0x130530000 doesn't match image /Users/manaralsatrawi/GameDev/Blackwoods-Curse/BlackwoodsCurse/Library/ScriptAssemblies/Unity.VisualScripting.Flow.dll
Symbol file LoadedFromMemory is not a mono symbol file
Symbol file data-0x130468000 doesn't match image /Users/manaralsatrawi/GameDev/Blackwoods-Curse/BlackwoodsCurse/Library/ScriptAssemblies/UnityEditor.UI.dll
Symbol file LoadedFromMemory is not a mono symbol file
Symbol file data-0x1306a0000 doesn't match image /Users/manaralsatrawi/GameDev/Blackwoods-Curse/BlackwoodsCurse/Library/ScriptAssemblies/Unity.InputSystem.dll
Symbol file LoadedFromMemory is not a mono symbol file
Symbol file data-0x130468000 doesn't match image /Users/manaralsatrawi/GameDev/Blackwoods-Curse/BlackwoodsCurse/Library/ScriptAssemblies/Unity.Rider.Editor.dll
Symbol file LoadedFromMemory is not a mono symbol file
Symbol file data-0x1306a0000 doesn't match image /Users/manaralsatrawi/GameDev/Blackwoods-Curse/BlackwoodsCurse/Library/ScriptAssemblies/Unity.PlasticSCM.Editor.dll
Symbol file LoadedFromMemory is not a mono symbol file
Symbol file data-0x130468000 doesn't match image /Users/manaralsatrawi/GameDev/Blackwoods-Curse/BlackwoodsCurse/Library/ScriptAssemblies/Unity.TestTools.CodeCoverage.Editor.dll
Symbol file LoadedFromMemory is not a mono symbol file
Symbol file data-0x1307c0000 doesn't match image /Users/manaralsatrawi/GameDev/Blackwoods-Curse/BlackwoodsCurse/Library/ScriptAssemblies/UnityEngine.UI.dll
Symbol file LoadedFromMemory is not a mono symbol file
Symbol file data-0x333c0d400 doesn't match image /Users/manaralsatrawi/GameDev/Blackwoods-Curse/BlackwoodsCurse/Library/ScriptAssemblies/Unity.InputSystem.TestFramework.dll
Symbol file LoadedFromMemory is not a mono symbol file
Symbol file data-0x333c19c00 doesn't match image /Users/manaralsatrawi/GameDev/Blackwoods-Curse/BlackwoodsCurse/Library/ScriptAssemblies/Unity.VisualScripting.State.dll
Symbol file LoadedFromMemory is not a mono symbol file
Symbol file data-0x130870000 doesn't match image /Users/manaralsatrawi/GameDev/Blackwoods-Curse/BlackwoodsCurse/Library/ScriptAssemblies/Unity.VisualScripting.Core.dll
Symbol file LoadedFromMemory is not a mono symbol file
Symbol file data-0x333c19c00 doesn't match image /Users/manaralsatrawi/GameDev/Blackwoods-Curse/BlackwoodsCurse/Library/ScriptAssemblies/Unity.EditorCoroutines.Editor.dll
Symbol file LoadedFromMemory is not a mono symbol file
Native extension for OSXStandalone target not found
Refreshing native plugins compatible for Editor in 0.46 ms, found 2 plugins.
Preloading 0 native plugins for Editor in 0.00 ms.
[Package Manager] Server::EnsureServerProcessIsRunning -- launch failed, reason: Unity was launched with the -noUpm command-line argument
[Package Manager] Cannot connect to Unity Package Manager local server
Mono: successfully reloaded assembly
- Completed reload, in  1.058 seconds
Domain Reload Profiling:
	ReloadAssembly (1059ms)
		BeginReloadAssembly (119ms)
			ExecutionOrderSort (0ms)
			DisableScriptedObjects (4ms)
			BackupInstance (0ms)
			ReleaseScriptingObjects (0ms)
			CreateAndSetChildDomain (48ms)
		EndReloadAssembly (876ms)
			LoadAssemblies (48ms)
			RebuildTransferFunctionScriptingTraits (0ms)
			SetupTypeCache (226ms)
			ReleaseScriptCaches (1ms)
			RebuildScriptCaches (33ms)
			SetupLoadedEditorAssemblies (545ms)
				LogAssemblyErrors (0ms)
				InitializePlatformSupportModulesInManaged (2ms)
				SetLoadedEditorAssemblies (0ms)
				RefreshPlugins (0ms)
				BeforeProcessingInitializeOnLoad (37ms)
				ProcessInitializeOnLoadAttributes (494ms)
				ProcessInitializeOnLoadMethodAttributes (11ms)
				AfterProcessingInitializeOnLoad (1ms)
				EditorAssembliesLoaded (0ms)
			ExecutionOrderSort2 (0ms)
			AwakeInstancesAfterBackupRestoration (3ms)
Platform modules already initialized, skipping
Refreshing native plugins compatible for Editor in 0.50 ms, found 2 plugins.
Preloading 0 native plugins for Editor in 0.00 ms.
Unloading 3509 Unused Serialized files (Serialized files now loaded: 0)
Unloading 34 unused Assets / (23.0 KB). Loaded Objects now: 4030.
Memory consumption went from 211.7 MB to 211.7 MB.
Total: 2.342000 ms (FindLiveObjects: 0.131750 ms CreateObjectMapping: 0.047416 ms MarkObjects: 2.130834 ms  DeleteObjects: 0.031125 ms)

AssetImportParameters requested are different than current active one (requested -> active):
  custom:video-decoder-ogg-theora: a1e56fd34408186e4bbccfd4996cb3dc -> 
  custom:container-muxer-webm: aa71ff27fc2769a1b78a27578f13a17b -> 
  custom:container-demuxer-webm: 4f35f7cbe854078d1ac9338744f61a02 -> 
  custom:video-encoder-webm-vp8: eb34c28f22e8b96e1ab97ce403110664 -> 
  custom:framework-osx-AVFoundation: e770b220cccbd017edd2c1fefb359320 -> 
  custom:CustomObjectIndexerAttribute: bc11b3a6c3213fcdd17b65e7da85e133 -> 
  custom:audio-encoder-webm-vorbis: bf7c407c2cedff20999df2af8eb42d56 -> 
  custom:SearchIndexIgnoredProperties: e643bd26f0fe6173181afceb89e7c659 -> 
  custom:container-demuxer-ogg: 62fdf1f143b41e24485cea50d1cbac27 -> 
  custom:video-decoder-webm-vp8: 9c59270c3fd7afecdb556c50c9e8de78 -> 
  custom:audio-decoder-ogg-vorbis: bf7c407c2cedff20999df2af8eb42d56 -> 
========================================================================
Received Prepare
Registering precompiled user dll's ...
Registered in 0.003181 seconds.
Begin MonoManager ReloadAssembly
Thread 0x16df63000 may have been prematurely finalized
Symbol file data-0x130eb0000 doesn't match image /Users/manaralsatrawi/GameDev/Blackwoods-Curse/BlackwoodsCurse/Library/ScriptAssemblies/Unity.VisualScripting.Flow.Editor.dll
Symbol file LoadedFromMemory is not a mono symbol file
Symbol file data-0x332845400 doesn't match image /Users/manaralsatrawi/GameDev/Blackwoods-Curse/BlackwoodsCurse/Library/ScriptAssemblies/Unity.VSCode.Editor.dll
Symbol file LoadedFromMemory is not a mono symbol file
Symbol file data-0x33284ba00 doesn't match image /Users/manaralsatrawi/GameDev/Blackwoods-Curse/BlackwoodsCurse/Library/ScriptAssemblies/Unity.VisualScripting.Shared.Editor.dll
Symbol file LoadedFromMemory is not a mono symbol file
Symbol file data-0x130f08000 doesn't match image /Users/manaralsatrawi/GameDev/Blackwoods-Curse/BlackwoodsCurse/Library/ScriptAssemblies/Unity.TextMeshPro.Editor.dll
Symbol file LoadedFromMemory is not a mono symbol file
Symbol file data-0x130f20000 doesn't match image /Users/manaralsatrawi/GameDev/Blackwoods-Curse/BlackwoodsCurse/Library/ScriptAssemblies/Unity.VisualStudio.Editor.dll
Symbol file LoadedFromMemory is not a mono symbol file
Symbol file data-0x130f70000 doesn't match image /Users/manaralsatrawi/GameDev/Blackwoods-Curse/BlackwoodsCurse/Library/ScriptAssemblies/Unity.Performance.Profile-Analyzer.Editor.dll
Symbol file LoadedFromMemory is not a mono symbol file
Symbol file data-0x33284b000 doesn't match image /Users/manaralsatrawi/GameDev/Blackwoods-Curse/BlackwoodsCurse/Library/ScriptAssemblies/Unity.TestTools.CodeCoverage.Editor.OpenCover.Model.dll
Symbol file LoadedFromMemory is not a mono symbol file
Symbol file data-0x332851000 doesn't match image /Users/manaralsatrawi/GameDev/Blackwoods-Curse/BlackwoodsCurse/Library/ScriptAssemblies/Unity.Settings.Editor.dll
Symbol file LoadedFromMemory is not a mono symbol file
Symbol file data-0x131038000 doesn't match image /Users/manaralsatrawi/GameDev/Blackwoods-Curse/BlackwoodsCurse/Library/ScriptAssemblies/Unity.Timeline.Editor.dll
Symbol file LoadedFromMemory is not a mono symbol file
Symbol file data-0x1310a8000 doesn't match image /Users/manaralsatrawi/GameDev/Blackwoods-Curse/BlackwoodsCurse/Library/ScriptAssemblies/Unity.Timeline.dll
Symbol file LoadedFromMemory is not a mono symbol file
Symbol file data-0x1311c0000 doesn't match image /Users/manaralsatrawi/GameDev/Blackwoods-Curse/BlackwoodsCurse/Library/ScriptAssemblies/Unity.VisualScripting.Core.Editor.dll
Symbol file LoadedFromMemory is not a mono symbol file
Symbol file data-0x131038000 doesn't match image /Users/manaralsatrawi/GameDev/Blackwoods-Curse/BlackwoodsCurse/Library/ScriptAssemblies/Unity.TextMeshPro.dll
Symbol file LoadedFromMemory is not a mono symbol file
Symbol file data-0x1310a8000 doesn't match image /Users/manaralsatrawi/GameDev/Blackwoods-Curse/BlackwoodsCurse/Library/ScriptAssemblies/Unity.VisualScripting.State.Editor.dll
Symbol file LoadedFromMemory is not a mono symbol file
Symbol file data-0x1310a8000 doesn't match image /Users/manaralsatrawi/GameDev/Blackwoods-Curse/BlackwoodsCurse/Library/ScriptAssemblies/MerryYellow.CodeAssist.Editor.dll
Symbol file LoadedFromMemory is not a mono symbol file
Symbol file data-0x33284b800 doesn't match image /Users/manaralsatrawi/GameDev/Blackwoods-Curse/BlackwoodsCurse/Library/ScriptAssemblies/Unity.CollabProxy.Editor.dll
Symbol file LoadedFromMemory is not a mono symbol file
Symbol file data-0x332851200 doesn't match image /Users/manaralsatrawi/GameDev/Blackwoods-Curse/BlackwoodsCurse/Library/ScriptAssemblies/Unity.InputSystem.ForUI.dll
Symbol file LoadedFromMemory is not a mono symbol file
Symbol file data-0x332855200 doesn't match image /Users/manaralsatrawi/GameDev/Blackwoods-Curse/BlackwoodsCurse/Library/ScriptAssemblies/Unity.VisualScripting.SettingsProvider.Editor.dll
Symbol file LoadedFromMemory is not a mono symbol file
Symbol file data-0x332851200 doesn't match image /Users/manaralsatrawi/GameDev/Blackwoods-Curse/BlackwoodsCurse/Library/ScriptAssemblies/Unity.TestTools.CodeCoverage.Editor.OpenCover.Mono.Reflection.dll
Symbol file LoadedFromMemory is not a mono symbol file
Symbol file data-0x1312d0000 doesn't match image /Users/manaralsatrawi/GameDev/Blackwoods-Curse/BlackwoodsCurse/Library/ScriptAssemblies/Unity.VisualScripting.Flow.dll
Symbol file LoadedFromMemory is not a mono symbol file
Symbol file data-0x131208000 doesn't match image /Users/manaralsatrawi/GameDev/Blackwoods-Curse/BlackwoodsCurse/Library/ScriptAssemblies/UnityEditor.UI.dll
Symbol file LoadedFromMemory is not a mono symbol file
Symbol file data-0x131440000 doesn't match image /Users/manaralsatrawi/GameDev/Blackwoods-Curse/BlackwoodsCurse/Library/ScriptAssemblies/Unity.InputSystem.dll
Symbol file LoadedFromMemory is not a mono symbol file
Symbol file data-0x131208000 doesn't match image /Users/manaralsatrawi/GameDev/Blackwoods-Curse/BlackwoodsCurse/Library/ScriptAssemblies/Unity.Rider.Editor.dll
Symbol file LoadedFromMemory is not a mono symbol file
Symbol file data-0x131440000 doesn't match image /Users/manaralsatrawi/GameDev/Blackwoods-Curse/BlackwoodsCurse/Library/ScriptAssemblies/Unity.PlasticSCM.Editor.dll
Symbol file LoadedFromMemory is not a mono symbol file
Symbol file data-0x131208000 doesn't match image /Users/manaralsatrawi/GameDev/Blackwoods-Curse/BlackwoodsCurse/Library/ScriptAssemblies/Unity.TestTools.CodeCoverage.Editor.dll
Symbol file LoadedFromMemory is not a mono symbol file
Symbol file data-0x131560000 doesn't match image /Users/manaralsatrawi/GameDev/Blackwoods-Curse/BlackwoodsCurse/Library/ScriptAssemblies/UnityEngine.UI.dll
Symbol file LoadedFromMemory is not a mono symbol file
Symbol file data-0x33285a200 doesn't match image /Users/manaralsatrawi/GameDev/Blackwoods-Curse/BlackwoodsCurse/Library/ScriptAssemblies/Unity.InputSystem.TestFramework.dll
Symbol file LoadedFromMemory is not a mono symbol file
Symbol file data-0x3328c0c00 doesn't match image /Users/manaralsatrawi/GameDev/Blackwoods-Curse/BlackwoodsCurse/Library/ScriptAssemblies/Unity.VisualScripting.State.dll
Symbol file LoadedFromMemory is not a mono symbol file
Symbol file data-0x131610000 doesn't match image /Users/manaralsatrawi/GameDev/Blackwoods-Curse/BlackwoodsCurse/Library/ScriptAssemblies/Unity.VisualScripting.Core.dll
Symbol file LoadedFromMemory is not a mono symbol file
Symbol file data-0x3328c0c00 doesn't match image /Users/manaralsatrawi/GameDev/Blackwoods-Curse/BlackwoodsCurse/Library/ScriptAssemblies/Unity.EditorCoroutines.Editor.dll
Symbol file LoadedFromMemory is not a mono symbol file
Native extension for OSXStandalone target not found
Refreshing native plugins compatible for Editor in 0.64 ms, found 2 plugins.
Preloading 0 native plugins for Editor in 0.00 ms.
[Package Manager] Server::EnsureServerProcessIsRunning -- launch failed, reason: Unity was launched with the -noUpm command-line argument
[Package Manager] Cannot connect to Unity Package Manager local server
Mono: successfully reloaded assembly
- Completed reload, in  1.081 seconds
Domain Reload Profiling:
	ReloadAssembly (1081ms)
		BeginReloadAssembly (95ms)
			ExecutionOrderSort (0ms)
			DisableScriptedObjects (3ms)
			BackupInstance (0ms)
			ReleaseScriptingObjects (0ms)
			CreateAndSetChildDomain (33ms)
		EndReloadAssembly (923ms)
			LoadAssemblies (47ms)
			RebuildTransferFunctionScriptingTraits (0ms)
			SetupTypeCache (243ms)
			ReleaseScriptCaches (1ms)
			RebuildScriptCaches (37ms)
			SetupLoadedEditorAssemblies (566ms)
				LogAssemblyErrors (0ms)
				InitializePlatformSupportModulesInManaged (3ms)
				SetLoadedEditorAssemblies (0ms)
				RefreshPlugins (1ms)
				BeforeProcessingInitializeOnLoad (42ms)
				ProcessInitializeOnLoadAttributes (509ms)
				ProcessInitializeOnLoadMethodAttributes (11ms)
				AfterProcessingInitializeOnLoad (1ms)
				EditorAssembliesLoaded (0ms)
			ExecutionOrderSort2 (0ms)
			AwakeInstancesAfterBackupRestoration (2ms)
Platform modules already initialized, skipping
Refreshing native plugins compatible for Editor in 0.46 ms, found 2 plugins.
Preloading 0 native plugins for Editor in 0.00 ms.
Unloading 3509 Unused Serialized files (Serialized files now loaded: 0)
Unloading 34 unused Assets / (23.0 KB). Loaded Objects now: 4033.
Memory consumption went from 211.7 MB to 211.7 MB.
Total: 2.120417 ms (FindLiveObjects: 0.113708 ms CreateObjectMapping: 0.041958 ms MarkObjects: 1.946417 ms  DeleteObjects: 0.017667 ms)

AssetImportParameters requested are different than current active one (requested -> active):
  custom:video-decoder-ogg-theora: a1e56fd34408186e4bbccfd4996cb3dc -> 
  custom:container-muxer-webm: aa71ff27fc2769a1b78a27578f13a17b -> 
  custom:container-demuxer-webm: 4f35f7cbe854078d1ac9338744f61a02 -> 
  custom:video-encoder-webm-vp8: eb34c28f22e8b96e1ab97ce403110664 -> 
  custom:framework-osx-AVFoundation: e770b220cccbd017edd2c1fefb359320 -> 
  custom:CustomObjectIndexerAttribute: bc11b3a6c3213fcdd17b65e7da85e133 -> 
  custom:audio-encoder-webm-vorbis: bf7c407c2cedff20999df2af8eb42d56 -> 
  custom:SearchIndexIgnoredProperties: e643bd26f0fe6173181afceb89e7c659 -> 
  custom:container-demuxer-ogg: 62fdf1f143b41e24485cea50d1cbac27 -> 
  custom:video-decoder-webm-vp8: 9c59270c3fd7afecdb556c50c9e8de78 -> 
  custom:audio-decoder-ogg-vorbis: bf7c407c2cedff20999df2af8eb42d56 -> 
========================================================================
Received Prepare
Registering precompiled user dll's ...
Registered in 0.003216 seconds.
Begin MonoManager ReloadAssembly
Thread 0x16df63000 may have been prematurely finalized
Symbol file data-0x1311f0000 doesn't match image /Users/manaralsatrawi/GameDev/Blackwoods-Curse/BlackwoodsCurse/Library/ScriptAssemblies/Unity.VisualScripting.Flow.Editor.dll
Symbol file LoadedFromMemory is not a mono symbol file
Symbol file data-0x116db1200 doesn't match image /Users/manaralsatrawi/GameDev/Blackwoods-Curse/BlackwoodsCurse/Library/ScriptAssemblies/Unity.VSCode.Editor.dll
Symbol file LoadedFromMemory is not a mono symbol file
Symbol file data-0x116db7800 doesn't match image /Users/manaralsatrawi/GameDev/Blackwoods-Curse/BlackwoodsCurse/Library/ScriptAssemblies/Unity.VisualScripting.Shared.Editor.dll
Symbol file LoadedFromMemory is not a mono symbol file
Symbol file data-0x131248000 doesn't match image /Users/manaralsatrawi/GameDev/Blackwoods-Curse/BlackwoodsCurse/Library/ScriptAssemblies/Unity.TextMeshPro.Editor.dll
Symbol file LoadedFromMemory is not a mono symbol file
Symbol file data-0x1310c8000 doesn't match image /Users/manaralsatrawi/GameDev/Blackwoods-Curse/BlackwoodsCurse/Library/ScriptAssemblies/Unity.VisualStudio.Editor.dll
Symbol file LoadedFromMemory is not a mono symbol file
Symbol file data-0x131288000 doesn't match image /Users/manaralsatrawi/GameDev/Blackwoods-Curse/BlackwoodsCurse/Library/ScriptAssemblies/Unity.Performance.Profile-Analyzer.Editor.dll
Symbol file LoadedFromMemory is not a mono symbol file
Symbol file data-0x116dbc200 doesn't match image /Users/manaralsatrawi/GameDev/Blackwoods-Curse/BlackwoodsCurse/Library/ScriptAssemblies/Unity.TestTools.CodeCoverage.Editor.OpenCover.Model.dll
Symbol file LoadedFromMemory is not a mono symbol file
Symbol file data-0x126c66400 doesn't match image /Users/manaralsatrawi/GameDev/Blackwoods-Curse/BlackwoodsCurse/Library/ScriptAssemblies/Unity.Settings.Editor.dll
Symbol file LoadedFromMemory is not a mono symbol file
Symbol file data-0x311290000 doesn't match image /Users/manaralsatrawi/GameDev/Blackwoods-Curse/BlackwoodsCurse/Library/ScriptAssemblies/Unity.Timeline.Editor.dll
Symbol file LoadedFromMemory is not a mono symbol file
Symbol file data-0x131288000 doesn't match image /Users/manaralsatrawi/GameDev/Blackwoods-Curse/BlackwoodsCurse/Library/ScriptAssemblies/Unity.Timeline.dll
Symbol file LoadedFromMemory is not a mono symbol file
Symbol file data-0x131418000 doesn't match image /Users/manaralsatrawi/GameDev/Blackwoods-Curse/BlackwoodsCurse/Library/ScriptAssemblies/Unity.VisualScripting.Core.Editor.dll
Symbol file LoadedFromMemory is not a mono symbol file
Symbol file data-0x131470000 doesn't match image /Users/manaralsatrawi/GameDev/Blackwoods-Curse/BlackwoodsCurse/Library/ScriptAssemblies/Unity.TextMeshPro.dll
Symbol file LoadedFromMemory is not a mono symbol file
Symbol file data-0x1310c8000 doesn't match image /Users/manaralsatrawi/GameDev/Blackwoods-Curse/BlackwoodsCurse/Library/ScriptAssemblies/Unity.VisualScripting.State.Editor.dll
Symbol file LoadedFromMemory is not a mono symbol file
Symbol file data-0x1310c8000 doesn't match image /Users/manaralsatrawi/GameDev/Blackwoods-Curse/BlackwoodsCurse/Library/ScriptAssemblies/MerryYellow.CodeAssist.Editor.dll
Symbol file LoadedFromMemory is not a mono symbol file
Symbol file data-0x116dbde00 doesn't match image /Users/manaralsatrawi/GameDev/Blackwoods-Curse/BlackwoodsCurse/Library/ScriptAssemblies/Unity.CollabProxy.Editor.dll
Symbol file LoadedFromMemory is not a mono symbol file
Symbol file data-0x116dc3800 doesn't match image /Users/manaralsatrawi/GameDev/Blackwoods-Curse/BlackwoodsCurse/Library/ScriptAssemblies/Unity.InputSystem.ForUI.dll
Symbol file LoadedFromMemory is not a mono symbol file
Symbol file data-0x116dc7800 doesn't match image /Users/manaralsatrawi/GameDev/Blackwoods-Curse/BlackwoodsCurse/Library/ScriptAssemblies/Unity.VisualScripting.SettingsProvider.Editor.dll
Symbol file LoadedFromMemory is not a mono symbol file
Symbol file data-0x116dc3800 doesn't match image /Users/manaralsatrawi/GameDev/Blackwoods-Curse/BlackwoodsCurse/Library/ScriptAssemblies/Unity.TestTools.CodeCoverage.Editor.OpenCover.Mono.Reflection.dll
Symbol file LoadedFromMemory is not a mono symbol file
Symbol file data-0x1314f0000 doesn't match image /Users/manaralsatrawi/GameDev/Blackwoods-Curse/BlackwoodsCurse/Library/ScriptAssemblies/Unity.VisualScripting.Flow.dll
Symbol file LoadedFromMemory is not a mono symbol file
Symbol file data-0x1310c8000 doesn't match image /Users/manaralsatrawi/GameDev/Blackwoods-Curse/BlackwoodsCurse/Library/ScriptAssemblies/UnityEditor.UI.dll
Symbol file LoadedFromMemory is not a mono symbol file
Symbol file data-0x1316a8000 doesn't match image /Users/manaralsatrawi/GameDev/Blackwoods-Curse/BlackwoodsCurse/Library/ScriptAssemblies/Unity.InputSystem.dll
Symbol file LoadedFromMemory is not a mono symbol file
Symbol file data-0x1310c8000 doesn't match image /Users/manaralsatrawi/GameDev/Blackwoods-Curse/BlackwoodsCurse/Library/ScriptAssemblies/Unity.Rider.Editor.dll
Symbol file LoadedFromMemory is not a mono symbol file
Symbol file data-0x131730000 doesn't match image /Users/manaralsatrawi/GameDev/Blackwoods-Curse/BlackwoodsCurse/Library/ScriptAssemblies/Unity.PlasticSCM.Editor.dll
Symbol file LoadedFromMemory is not a mono symbol file
Symbol file data-0x1310c8000 doesn't match image /Users/manaralsatrawi/GameDev/Blackwoods-Curse/BlackwoodsCurse/Library/ScriptAssemblies/Unity.TestTools.CodeCoverage.Editor.dll
Symbol file LoadedFromMemory is not a mono symbol file
Symbol file data-0x131790000 doesn't match image /Users/manaralsatrawi/GameDev/Blackwoods-Curse/BlackwoodsCurse/Library/ScriptAssemblies/UnityEngine.UI.dll
Symbol file LoadedFromMemory is not a mono symbol file
Symbol file data-0x116dcc800 doesn't match image /Users/manaralsatrawi/GameDev/Blackwoods-Curse/BlackwoodsCurse/Library/ScriptAssemblies/Unity.InputSystem.TestFramework.dll
Symbol file LoadedFromMemory is not a mono symbol file
Symbol file data-0x116dd9000 doesn't match image /Users/manaralsatrawi/GameDev/Blackwoods-Curse/BlackwoodsCurse/Library/ScriptAssemblies/Unity.VisualScripting.State.dll
Symbol file LoadedFromMemory is not a mono symbol file
Symbol file data-0x131840000 doesn't match image /Users/manaralsatrawi/GameDev/Blackwoods-Curse/BlackwoodsCurse/Library/ScriptAssemblies/Unity.VisualScripting.Core.dll
Symbol file LoadedFromMemory is not a mono symbol file
Symbol file data-0x116dd9000 doesn't match image /Users/manaralsatrawi/GameDev/Blackwoods-Curse/BlackwoodsCurse/Library/ScriptAssemblies/Unity.EditorCoroutines.Editor.dll
Symbol file LoadedFromMemory is not a mono symbol file
Native extension for OSXStandalone target not found
Refreshing native plugins compatible for Editor in 0.66 ms, found 2 plugins.
Preloading 0 native plugins for Editor in 0.00 ms.
[Package Manager] Server::EnsureServerProcessIsRunning -- launch failed, reason: Unity was launched with the -noUpm command-line argument
[Package Manager] Cannot connect to Unity Package Manager local server
Mono: successfully reloaded assembly
- Completed reload, in  1.182 seconds
Domain Reload Profiling:
	ReloadAssembly (1184ms)
		BeginReloadAssembly (162ms)
			ExecutionOrderSort (0ms)
			DisableScriptedObjects (6ms)
			BackupInstance (0ms)
			ReleaseScriptingObjects (0ms)
			CreateAndSetChildDomain (66ms)
		EndReloadAssembly (955ms)
			LoadAssemblies (61ms)
			RebuildTransferFunctionScriptingTraits (0ms)
			SetupTypeCache (272ms)
			ReleaseScriptCaches (1ms)
			RebuildScriptCaches (39ms)
			SetupLoadedEditorAssemblies (559ms)
				LogAssemblyErrors (0ms)
				InitializePlatformSupportModulesInManaged (3ms)
				SetLoadedEditorAssemblies (0ms)
				RefreshPlugins (1ms)
				BeforeProcessingInitializeOnLoad (42ms)
				ProcessInitializeOnLoadAttributes (502ms)
				ProcessInitializeOnLoadMethodAttributes (11ms)
				AfterProcessingInitializeOnLoad (1ms)
				EditorAssembliesLoaded (0ms)
			ExecutionOrderSort2 (0ms)
			AwakeInstancesAfterBackupRestoration (2ms)
Platform modules already initialized, skipping
Refreshing native plugins compatible for Editor in 0.51 ms, found 2 plugins.
Preloading 0 native plugins for Editor in 0.00 ms.
Unloading 3509 Unused Serialized files (Serialized files now loaded: 0)
Unloading 34 unused Assets / (23.0 KB). Loaded Objects now: 4036.
Memory consumption went from 211.8 MB to 211.7 MB.
Total: 2.259542 ms (FindLiveObjects: 0.112458 ms CreateObjectMapping: 0.045083 ms MarkObjects: 2.073125 ms  DeleteObjects: 0.028083 ms)

AssetImportParameters requested are different than current active one (requested -> active):
  custom:video-decoder-ogg-theora: a1e56fd34408186e4bbccfd4996cb3dc -> 
  custom:container-muxer-webm: aa71ff27fc2769a1b78a27578f13a17b -> 
  custom:container-demuxer-webm: 4f35f7cbe854078d1ac9338744f61a02 -> 
  custom:video-encoder-webm-vp8: eb34c28f22e8b96e1ab97ce403110664 -> 
  custom:framework-osx-AVFoundation: e770b220cccbd017edd2c1fefb359320 -> 
  custom:CustomObjectIndexerAttribute: bc11b3a6c3213fcdd17b65e7da85e133 -> 
  custom:audio-encoder-webm-vorbis: bf7c407c2cedff20999df2af8eb42d56 -> 
  custom:SearchIndexIgnoredProperties: e643bd26f0fe6173181afceb89e7c659 -> 
  custom:container-demuxer-ogg: 62fdf1f143b41e24485cea50d1cbac27 -> 
  custom:video-decoder-webm-vp8: 9c59270c3fd7afecdb556c50c9e8de78 -> 
  custom:audio-decoder-ogg-vorbis: bf7c407c2cedff20999df2af8eb42d56 -> 
========================================================================
Received Prepare
Registering precompiled user dll's ...
Registered in 0.002269 seconds.
Begin MonoManager ReloadAssembly
Thread 0x16df63000 may have been prematurely finalized
Symbol file data-0x12a110000 doesn't match image /Users/manaralsatrawi/GameDev/Blackwoods-Curse/BlackwoodsCurse/Library/ScriptAssemblies/Unity.VisualScripting.Flow.Editor.dll
Symbol file LoadedFromMemory is not a mono symbol file
Symbol file data-0x33389ee00 doesn't match image /Users/manaralsatrawi/GameDev/Blackwoods-Curse/BlackwoodsCurse/Library/ScriptAssemblies/Unity.VSCode.Editor.dll
Symbol file LoadedFromMemory is not a mono symbol file
Symbol file data-0x3338a8400 doesn't match image /Users/manaralsatrawi/GameDev/Blackwoods-Curse/BlackwoodsCurse/Library/ScriptAssemblies/Unity.VisualScripting.Shared.Editor.dll
Symbol file LoadedFromMemory is not a mono symbol file
Symbol file data-0x12a168000 doesn't match image /Users/manaralsatrawi/GameDev/Blackwoods-Curse/BlackwoodsCurse/Library/ScriptAssemblies/Unity.TextMeshPro.Editor.dll
Symbol file LoadedFromMemory is not a mono symbol file
Symbol file data-0x12a180000 doesn't match image /Users/manaralsatrawi/GameDev/Blackwoods-Curse/BlackwoodsCurse/Library/ScriptAssemblies/Unity.VisualStudio.Editor.dll
Symbol file LoadedFromMemory is not a mono symbol file
Symbol file data-0x12a1d0000 doesn't match image /Users/manaralsatrawi/GameDev/Blackwoods-Curse/BlackwoodsCurse/Library/ScriptAssemblies/Unity.Performance.Profile-Analyzer.Editor.dll
Symbol file LoadedFromMemory is not a mono symbol file
Symbol file data-0x33386b800 doesn't match image /Users/manaralsatrawi/GameDev/Blackwoods-Curse/BlackwoodsCurse/Library/ScriptAssemblies/Unity.TestTools.CodeCoverage.Editor.OpenCover.Model.dll
Symbol file LoadedFromMemory is not a mono symbol file
Symbol file data-0x333871800 doesn't match image /Users/manaralsatrawi/GameDev/Blackwoods-Curse/BlackwoodsCurse/Library/ScriptAssemblies/Unity.Settings.Editor.dll
Symbol file LoadedFromMemory is not a mono symbol file
Symbol file data-0x12a298000 doesn't match image /Users/manaralsatrawi/GameDev/Blackwoods-Curse/BlackwoodsCurse/Library/ScriptAssemblies/Unity.Timeline.Editor.dll
Symbol file LoadedFromMemory is not a mono symbol file
Symbol file data-0x12a308000 doesn't match image /Users/manaralsatrawi/GameDev/Blackwoods-Curse/BlackwoodsCurse/Library/ScriptAssemblies/Unity.Timeline.dll
Symbol file LoadedFromMemory is not a mono symbol file
Symbol file data-0x12a420000 doesn't match image /Users/manaralsatrawi/GameDev/Blackwoods-Curse/BlackwoodsCurse/Library/ScriptAssemblies/Unity.VisualScripting.Core.Editor.dll
Symbol file LoadedFromMemory is not a mono symbol file
Symbol file data-0x12a298000 doesn't match image /Users/manaralsatrawi/GameDev/Blackwoods-Curse/BlackwoodsCurse/Library/ScriptAssemblies/Unity.TextMeshPro.dll
Symbol file LoadedFromMemory is not a mono symbol file
Symbol file data-0x12a308000 doesn't match image /Users/manaralsatrawi/GameDev/Blackwoods-Curse/BlackwoodsCurse/Library/ScriptAssemblies/Unity.VisualScripting.State.Editor.dll
Symbol file LoadedFromMemory is not a mono symbol file
Symbol file data-0x12a308000 doesn't match image /Users/manaralsatrawi/GameDev/Blackwoods-Curse/BlackwoodsCurse/Library/ScriptAssemblies/MerryYellow.CodeAssist.Editor.dll
Symbol file LoadedFromMemory is not a mono symbol file
Symbol file data-0x33389ee00 doesn't match image /Users/manaralsatrawi/GameDev/Blackwoods-Curse/BlackwoodsCurse/Library/ScriptAssemblies/Unity.CollabProxy.Editor.dll
Symbol file LoadedFromMemory is not a mono symbol file
Symbol file data-0x33386b800 doesn't match image /Users/manaralsatrawi/GameDev/Blackwoods-Curse/BlackwoodsCurse/Library/ScriptAssemblies/Unity.InputSystem.ForUI.dll
Symbol file LoadedFromMemory is not a mono symbol file
Symbol file data-0x33386f400 doesn't match image /Users/manaralsatrawi/GameDev/Blackwoods-Curse/BlackwoodsCurse/Library/ScriptAssemblies/Unity.VisualScripting.SettingsProvider.Editor.dll
Symbol file LoadedFromMemory is not a mono symbol file
Symbol file data-0x33386f400 doesn't match image /Users/manaralsatrawi/GameDev/Blackwoods-Curse/BlackwoodsCurse/Library/ScriptAssemblies/Unity.TestTools.CodeCoverage.Editor.OpenCover.Mono.Reflection.dll
Symbol file LoadedFromMemory is not a mono symbol file
Symbol file data-0x12a530000 doesn't match image /Users/manaralsatrawi/GameDev/Blackwoods-Curse/BlackwoodsCurse/Library/ScriptAssemblies/Unity.VisualScripting.Flow.dll
Symbol file LoadedFromMemory is not a mono symbol file
Symbol file data-0x12a468000 doesn't match image /Users/manaralsatrawi/GameDev/Blackwoods-Curse/BlackwoodsCurse/Library/ScriptAssemblies/UnityEditor.UI.dll
Symbol file LoadedFromMemory is not a mono symbol file
Symbol file data-0x12a6a0000 doesn't match image /Users/manaralsatrawi/GameDev/Blackwoods-Curse/BlackwoodsCurse/Library/ScriptAssemblies/Unity.InputSystem.dll
Symbol file LoadedFromMemory is not a mono symbol file
Symbol file data-0x12a468000 doesn't match image /Users/manaralsatrawi/GameDev/Blackwoods-Curse/BlackwoodsCurse/Library/ScriptAssemblies/Unity.Rider.Editor.dll
Symbol file LoadedFromMemory is not a mono symbol file
Symbol file data-0x12a6a0000 doesn't match image /Users/manaralsatrawi/GameDev/Blackwoods-Curse/BlackwoodsCurse/Library/ScriptAssemblies/Unity.PlasticSCM.Editor.dll
Symbol file LoadedFromMemory is not a mono symbol file
Symbol file data-0x12a468000 doesn't match image /Users/manaralsatrawi/GameDev/Blackwoods-Curse/BlackwoodsCurse/Library/ScriptAssemblies/Unity.TestTools.CodeCoverage.Editor.dll
Symbol file LoadedFromMemory is not a mono symbol file
Symbol file data-0x12a7c0000 doesn't match image /Users/manaralsatrawi/GameDev/Blackwoods-Curse/BlackwoodsCurse/Library/ScriptAssemblies/UnityEngine.UI.dll
Symbol file LoadedFromMemory is not a mono symbol file
Symbol file data-0x333871c00 doesn't match image /Users/manaralsatrawi/GameDev/Blackwoods-Curse/BlackwoodsCurse/Library/ScriptAssemblies/Unity.InputSystem.TestFramework.dll
Symbol file LoadedFromMemory is not a mono symbol file
Symbol file data-0x33387ec00 doesn't match image /Users/manaralsatrawi/GameDev/Blackwoods-Curse/BlackwoodsCurse/Library/ScriptAssemblies/Unity.VisualScripting.State.dll
Symbol file LoadedFromMemory is not a mono symbol file
Symbol file data-0x12a870000 doesn't match image /Users/manaralsatrawi/GameDev/Blackwoods-Curse/BlackwoodsCurse/Library/ScriptAssemblies/Unity.VisualScripting.Core.dll
Symbol file LoadedFromMemory is not a mono symbol file
Symbol file data-0x33387ec00 doesn't match image /Users/manaralsatrawi/GameDev/Blackwoods-Curse/BlackwoodsCurse/Library/ScriptAssemblies/Unity.EditorCoroutines.Editor.dll
Symbol file LoadedFromMemory is not a mono symbol file
Native extension for OSXStandalone target not found
Refreshing native plugins compatible for Editor in 0.57 ms, found 2 plugins.
Preloading 0 native plugins for Editor in 0.00 ms.
[Package Manager] Server::EnsureServerProcessIsRunning -- launch failed, reason: Unity was launched with the -noUpm command-line argument
[Package Manager] Cannot connect to Unity Package Manager local server
Mono: successfully reloaded assembly
- Completed reload, in  1.065 seconds
Domain Reload Profiling:
	ReloadAssembly (1066ms)
		BeginReloadAssembly (98ms)
			ExecutionOrderSort (0ms)
			DisableScriptedObjects (3ms)
			BackupInstance (0ms)
			ReleaseScriptingObjects (0ms)
			CreateAndSetChildDomain (34ms)
		EndReloadAssembly (901ms)
			LoadAssemblies (50ms)
			RebuildTransferFunctionScriptingTraits (0ms)
			SetupTypeCache (234ms)
			ReleaseScriptCaches (1ms)
			RebuildScriptCaches (34ms)
			SetupLoadedEditorAssemblies (556ms)
				LogAssemblyErrors (0ms)
				InitializePlatformSupportModulesInManaged (3ms)
				SetLoadedEditorAssemblies (0ms)
				RefreshPlugins (1ms)
				BeforeProcessingInitializeOnLoad (40ms)
				ProcessInitializeOnLoadAttributes (501ms)
				ProcessInitializeOnLoadMethodAttributes (11ms)
				AfterProcessingInitializeOnLoad (1ms)
				EditorAssembliesLoaded (0ms)
			ExecutionOrderSort2 (0ms)
			AwakeInstancesAfterBackupRestoration (2ms)
Platform modules already initialized, skipping
Refreshing native plugins compatible for Editor in 0.52 ms, found 2 plugins.
Preloading 0 native plugins for Editor in 0.00 ms.
Unloading 3509 Unused Serialized files (Serialized files now loaded: 0)
Unloading 34 unused Assets / (22.0 KB). Loaded Objects now: 4039.
Memory consumption went from 211.8 MB to 211.7 MB.
Total: 2.275541 ms (FindLiveObjects: 0.128875 ms CreateObjectMapping: 0.045000 ms MarkObjects: 2.070500 ms  DeleteObjects: 0.030541 ms)

AssetImportParameters requested are different than current active one (requested -> active):
  custom:video-decoder-ogg-theora: a1e56fd34408186e4bbccfd4996cb3dc -> 
  custom:container-muxer-webm: aa71ff27fc2769a1b78a27578f13a17b -> 
  custom:container-demuxer-webm: 4f35f7cbe854078d1ac9338744f61a02 -> 
  custom:video-encoder-webm-vp8: eb34c28f22e8b96e1ab97ce403110664 -> 
  custom:framework-osx-AVFoundation: e770b220cccbd017edd2c1fefb359320 -> 
  custom:CustomObjectIndexerAttribute: bc11b3a6c3213fcdd17b65e7da85e133 -> 
  custom:audio-encoder-webm-vorbis: bf7c407c2cedff20999df2af8eb42d56 -> 
  custom:SearchIndexIgnoredProperties: e643bd26f0fe6173181afceb89e7c659 -> 
  custom:container-demuxer-ogg: 62fdf1f143b41e24485cea50d1cbac27 -> 
  custom:video-decoder-webm-vp8: 9c59270c3fd7afecdb556c50c9e8de78 -> 
  custom:audio-decoder-ogg-vorbis: bf7c407c2cedff20999df2af8eb42d56 -> 
========================================================================
Received Prepare
Registering precompiled user dll's ...
Registered in 0.003073 seconds.
Begin MonoManager ReloadAssembly
Thread 0x16df63000 may have been prematurely finalized
Symbol file data-0x129ff8000 doesn't match image /Users/manaralsatrawi/GameDev/Blackwoods-Curse/BlackwoodsCurse/Library/ScriptAssemblies/Unity.VisualScripting.Flow.Editor.dll
Symbol file LoadedFromMemory is not a mono symbol file
Symbol file data-0x116b0ae00 doesn't match image /Users/manaralsatrawi/GameDev/Blackwoods-Curse/BlackwoodsCurse/Library/ScriptAssemblies/Unity.VSCode.Editor.dll
Symbol file LoadedFromMemory is not a mono symbol file
Symbol file data-0x116b14400 doesn't match image /Users/manaralsatrawi/GameDev/Blackwoods-Curse/BlackwoodsCurse/Library/ScriptAssemblies/Unity.VisualScripting.Shared.Editor.dll
Symbol file LoadedFromMemory is not a mono symbol file
Symbol file data-0x129fd8000 doesn't match image /Users/manaralsatrawi/GameDev/Blackwoods-Curse/BlackwoodsCurse/Library/ScriptAssemblies/Unity.TextMeshPro.Editor.dll
Symbol file LoadedFromMemory is not a mono symbol file
Symbol file data-0x128d70000 doesn't match image /Users/manaralsatrawi/GameDev/Blackwoods-Curse/BlackwoodsCurse/Library/ScriptAssemblies/Unity.VisualStudio.Editor.dll
Symbol file LoadedFromMemory is not a mono symbol file
Symbol file data-0x128dc0000 doesn't match image /Users/manaralsatrawi/GameDev/Blackwoods-Curse/BlackwoodsCurse/Library/ScriptAssemblies/Unity.Performance.Profile-Analyzer.Editor.dll
Symbol file LoadedFromMemory is not a mono symbol file
Symbol file data-0x116b1a000 doesn't match image /Users/manaralsatrawi/GameDev/Blackwoods-Curse/BlackwoodsCurse/Library/ScriptAssemblies/Unity.TestTools.CodeCoverage.Editor.OpenCover.Model.dll
Symbol file LoadedFromMemory is not a mono symbol file
Symbol file data-0x116b20000 doesn't match image /Users/manaralsatrawi/GameDev/Blackwoods-Curse/BlackwoodsCurse/Library/ScriptAssemblies/Unity.Settings.Editor.dll
Symbol file LoadedFromMemory is not a mono symbol file
Symbol file data-0x12a080000 doesn't match image /Users/manaralsatrawi/GameDev/Blackwoods-Curse/BlackwoodsCurse/Library/ScriptAssemblies/Unity.Timeline.Editor.dll
Symbol file LoadedFromMemory is not a mono symbol file
Symbol file data-0x12a0c8000 doesn't match image /Users/manaralsatrawi/GameDev/Blackwoods-Curse/BlackwoodsCurse/Library/ScriptAssemblies/Unity.Timeline.dll
Symbol file LoadedFromMemory is not a mono symbol file
Symbol file data-0x12a1e0000 doesn't match image /Users/manaralsatrawi/GameDev/Blackwoods-Curse/BlackwoodsCurse/Library/ScriptAssemblies/Unity.VisualScripting.Core.Editor.dll
Symbol file LoadedFromMemory is not a mono symbol file
Symbol file data-0x12a238000 doesn't match image /Users/manaralsatrawi/GameDev/Blackwoods-Curse/BlackwoodsCurse/Library/ScriptAssemblies/Unity.TextMeshPro.dll
Symbol file LoadedFromMemory is not a mono symbol file
Symbol file data-0x128e18000 doesn't match image /Users/manaralsatrawi/GameDev/Blackwoods-Curse/BlackwoodsCurse/Library/ScriptAssemblies/Unity.VisualScripting.State.Editor.dll
Symbol file LoadedFromMemory is not a mono symbol file
Symbol file data-0x128e18000 doesn't match image /Users/manaralsatrawi/GameDev/Blackwoods-Curse/BlackwoodsCurse/Library/ScriptAssemblies/MerryYellow.CodeAssist.Editor.dll
Symbol file LoadedFromMemory is not a mono symbol file
Symbol file data-0x116b1cc00 doesn't match image /Users/manaralsatrawi/GameDev/Blackwoods-Curse/BlackwoodsCurse/Library/ScriptAssemblies/Unity.CollabProxy.Editor.dll
Symbol file LoadedFromMemory is not a mono symbol file
Symbol file data-0x116b22600 doesn't match image /Users/manaralsatrawi/GameDev/Blackwoods-Curse/BlackwoodsCurse/Library/ScriptAssemblies/Unity.InputSystem.ForUI.dll
Symbol file LoadedFromMemory is not a mono symbol file
Symbol file data-0x116b26600 doesn't match image /Users/manaralsatrawi/GameDev/Blackwoods-Curse/BlackwoodsCurse/Library/ScriptAssemblies/Unity.VisualScripting.SettingsProvider.Editor.dll
Symbol file LoadedFromMemory is not a mono symbol file
Symbol file data-0x116b22600 doesn't match image /Users/manaralsatrawi/GameDev/Blackwoods-Curse/BlackwoodsCurse/Library/ScriptAssemblies/Unity.TestTools.CodeCoverage.Editor.OpenCover.Mono.Reflection.dll
Symbol file LoadedFromMemory is not a mono symbol file
Symbol file data-0x12a2b8000 doesn't match image /Users/manaralsatrawi/GameDev/Blackwoods-Curse/BlackwoodsCurse/Library/ScriptAssemblies/Unity.VisualScripting.Flow.dll
Symbol file LoadedFromMemory is not a mono symbol file
Symbol file data-0x128e18000 doesn't match image /Users/manaralsatrawi/GameDev/Blackwoods-Curse/BlackwoodsCurse/Library/ScriptAssemblies/UnityEditor.UI.dll
Symbol file LoadedFromMemory is not a mono symbol file
Symbol file data-0x12a470000 doesn't match image /Users/manaralsatrawi/GameDev/Blackwoods-Curse/BlackwoodsCurse/Library/ScriptAssemblies/Unity.InputSystem.dll
Symbol file LoadedFromMemory is not a mono symbol file
Symbol file data-0x128e18000 doesn't match image /Users/manaralsatrawi/GameDev/Blackwoods-Curse/BlackwoodsCurse/Library/ScriptAssemblies/Unity.Rider.Editor.dll
Symbol file LoadedFromMemory is not a mono symbol file
Symbol file data-0x12a4f8000 doesn't match image /Users/manaralsatrawi/GameDev/Blackwoods-Curse/BlackwoodsCurse/Library/ScriptAssemblies/Unity.PlasticSCM.Editor.dll
Symbol file LoadedFromMemory is not a mono symbol file
Symbol file data-0x128e18000 doesn't match image /Users/manaralsatrawi/GameDev/Blackwoods-Curse/BlackwoodsCurse/Library/ScriptAssemblies/Unity.TestTools.CodeCoverage.Editor.dll
Symbol file LoadedFromMemory is not a mono symbol file
Symbol file data-0x12a558000 doesn't match image /Users/manaralsatrawi/GameDev/Blackwoods-Curse/BlackwoodsCurse/Library/ScriptAssemblies/UnityEngine.UI.dll
Symbol file LoadedFromMemory is not a mono symbol file
Symbol file data-0x116b2b600 doesn't match image /Users/manaralsatrawi/GameDev/Blackwoods-Curse/BlackwoodsCurse/Library/ScriptAssemblies/Unity.InputSystem.TestFramework.dll
Symbol file LoadedFromMemory is not a mono symbol file
Symbol file data-0x116b37e00 doesn't match image /Users/manaralsatrawi/GameDev/Blackwoods-Curse/BlackwoodsCurse/Library/ScriptAssemblies/Unity.VisualScripting.State.dll
Symbol file LoadedFromMemory is not a mono symbol file
Symbol file data-0x12a608000 doesn't match image /Users/manaralsatrawi/GameDev/Blackwoods-Curse/BlackwoodsCurse/Library/ScriptAssemblies/Unity.VisualScripting.Core.dll
Symbol file LoadedFromMemory is not a mono symbol file
Symbol file data-0x116b37e00 doesn't match image /Users/manaralsatrawi/GameDev/Blackwoods-Curse/BlackwoodsCurse/Library/ScriptAssemblies/Unity.EditorCoroutines.Editor.dll
Symbol file LoadedFromMemory is not a mono symbol file
Native extension for OSXStandalone target not found
Refreshing native plugins compatible for Editor in 0.65 ms, found 2 plugins.
Preloading 0 native plugins for Editor in 0.00 ms.
[Package Manager] Server::EnsureServerProcessIsRunning -- launch failed, reason: Unity was launched with the -noUpm command-line argument
[Package Manager] Cannot connect to Unity Package Manager local server
Mono: successfully reloaded assembly
- Completed reload, in  1.086 seconds
Domain Reload Profiling:
	ReloadAssembly (1086ms)
		BeginReloadAssembly (97ms)
			ExecutionOrderSort (0ms)
			DisableScriptedObjects (3ms)
			BackupInstance (0ms)
			ReleaseScriptingObjects (0ms)
			CreateAndSetChildDomain (36ms)
		EndReloadAssembly (923ms)
			LoadAssemblies (42ms)
			RebuildTransferFunctionScriptingTraits (0ms)
			SetupTypeCache (244ms)
			ReleaseScriptCaches (1ms)
			RebuildScriptCaches (36ms)
			SetupLoadedEditorAssemblies (569ms)
				LogAssemblyErrors (0ms)
				InitializePlatformSupportModulesInManaged (3ms)
				SetLoadedEditorAssemblies (0ms)
				RefreshPlugins (1ms)
				BeforeProcessingInitializeOnLoad (42ms)
				ProcessInitializeOnLoadAttributes (513ms)
				ProcessInitializeOnLoadMethodAttributes (10ms)
				AfterProcessingInitializeOnLoad (1ms)
				EditorAssembliesLoaded (0ms)
			ExecutionOrderSort2 (0ms)
			AwakeInstancesAfterBackupRestoration (2ms)
Platform modules already initialized, skipping
Refreshing native plugins compatible for Editor in 0.47 ms, found 2 plugins.
Preloading 0 native plugins for Editor in 0.00 ms.
Unloading 3509 Unused Serialized files (Serialized files now loaded: 0)
Unloading 34 unused Assets / (22.0 KB). Loaded Objects now: 4042.
Memory consumption went from 211.8 MB to 211.7 MB.
Total: 2.024959 ms (FindLiveObjects: 0.099750 ms CreateObjectMapping: 0.040625 ms MarkObjects: 1.866541 ms  DeleteObjects: 0.017333 ms)

AssetImportParameters requested are different than current active one (requested -> active):
  custom:video-decoder-ogg-theora: a1e56fd34408186e4bbccfd4996cb3dc -> 
  custom:container-muxer-webm: aa71ff27fc2769a1b78a27578f13a17b -> 
  custom:container-demuxer-webm: 4f35f7cbe854078d1ac9338744f61a02 -> 
  custom:video-encoder-webm-vp8: eb34c28f22e8b96e1ab97ce403110664 -> 
  custom:framework-osx-AVFoundation: e770b220cccbd017edd2c1fefb359320 -> 
  custom:CustomObjectIndexerAttribute: bc11b3a6c3213fcdd17b65e7da85e133 -> 
  custom:audio-encoder-webm-vorbis: bf7c407c2cedff20999df2af8eb42d56 -> 
  custom:SearchIndexIgnoredProperties: e643bd26f0fe6173181afceb89e7c659 -> 
  custom:container-demuxer-ogg: 62fdf1f143b41e24485cea50d1cbac27 -> 
  custom:video-decoder-webm-vp8: 9c59270c3fd7afecdb556c50c9e8de78 -> 
  custom:audio-decoder-ogg-vorbis: bf7c407c2cedff20999df2af8eb42d56 -> 
========================================================================
Received Prepare
Registering precompiled user dll's ...
Registered in 0.002254 seconds.
Begin MonoManager ReloadAssembly
Thread 0x16df63000 may have been prematurely finalized
Symbol file data-0x3120a0000 doesn't match image /Users/manaralsatrawi/GameDev/Blackwoods-Curse/BlackwoodsCurse/Library/ScriptAssemblies/Unity.VisualScripting.Flow.Editor.dll
Symbol file LoadedFromMemory is not a mono symbol file
Symbol file data-0x3336c4a00 doesn't match image /Users/manaralsatrawi/GameDev/Blackwoods-Curse/BlackwoodsCurse/Library/ScriptAssemblies/Unity.VSCode.Editor.dll
Symbol file LoadedFromMemory is not a mono symbol file
Symbol file data-0x3336cb000 doesn't match image /Users/manaralsatrawi/GameDev/Blackwoods-Curse/BlackwoodsCurse/Library/ScriptAssemblies/Unity.VisualScripting.Shared.Editor.dll
Symbol file LoadedFromMemory is not a mono symbol file
Symbol file data-0x3121b0000 doesn't match image /Users/manaralsatrawi/GameDev/Blackwoods-Curse/BlackwoodsCurse/Library/ScriptAssemblies/Unity.TextMeshPro.Editor.dll
Symbol file LoadedFromMemory is not a mono symbol file
Symbol file data-0x3121c8000 doesn't match image /Users/manaralsatrawi/GameDev/Blackwoods-Curse/BlackwoodsCurse/Library/ScriptAssemblies/Unity.VisualStudio.Editor.dll
Symbol file LoadedFromMemory is not a mono symbol file
Symbol file data-0x312218000 doesn't match image /Users/manaralsatrawi/GameDev/Blackwoods-Curse/BlackwoodsCurse/Library/ScriptAssemblies/Unity.Performance.Profile-Analyzer.Editor.dll
Symbol file LoadedFromMemory is not a mono symbol file
Symbol file data-0x3336cb600 doesn't match image /Users/manaralsatrawi/GameDev/Blackwoods-Curse/BlackwoodsCurse/Library/ScriptAssemblies/Unity.TestTools.CodeCoverage.Editor.OpenCover.Model.dll
Symbol file LoadedFromMemory is not a mono symbol file
Symbol file data-0x3336d1e00 doesn't match image /Users/manaralsatrawi/GameDev/Blackwoods-Curse/BlackwoodsCurse/Library/ScriptAssemblies/Unity.Settings.Editor.dll
Symbol file LoadedFromMemory is not a mono symbol file
Symbol file data-0x3122e0000 doesn't match image /Users/manaralsatrawi/GameDev/Blackwoods-Curse/BlackwoodsCurse/Library/ScriptAssemblies/Unity.Timeline.Editor.dll
Symbol file LoadedFromMemory is not a mono symbol file
Symbol file data-0x312350000 doesn't match image /Users/manaralsatrawi/GameDev/Blackwoods-Curse/BlackwoodsCurse/Library/ScriptAssemblies/Unity.Timeline.dll
Symbol file LoadedFromMemory is not a mono symbol file
Symbol file data-0x312468000 doesn't match image /Users/manaralsatrawi/GameDev/Blackwoods-Curse/BlackwoodsCurse/Library/ScriptAssemblies/Unity.VisualScripting.Core.Editor.dll
Symbol file LoadedFromMemory is not a mono symbol file
Symbol file data-0x3122e0000 doesn't match image /Users/manaralsatrawi/GameDev/Blackwoods-Curse/BlackwoodsCurse/Library/ScriptAssemblies/Unity.TextMeshPro.dll
Symbol file LoadedFromMemory is not a mono symbol file
Symbol file data-0x312350000 doesn't match image /Users/manaralsatrawi/GameDev/Blackwoods-Curse/BlackwoodsCurse/Library/ScriptAssemblies/Unity.VisualScripting.State.Editor.dll
Symbol file LoadedFromMemory is not a mono symbol file
Symbol file data-0x312350000 doesn't match image /Users/manaralsatrawi/GameDev/Blackwoods-Curse/BlackwoodsCurse/Library/ScriptAssemblies/MerryYellow.CodeAssist.Editor.dll
Symbol file LoadedFromMemory is not a mono symbol file
Symbol file data-0x3336d3200 doesn't match image /Users/manaralsatrawi/GameDev/Blackwoods-Curse/BlackwoodsCurse/Library/ScriptAssemblies/Unity.CollabProxy.Editor.dll
Symbol file LoadedFromMemory is not a mono symbol file
Symbol file data-0x3336d8400 doesn't match image /Users/manaralsatrawi/GameDev/Blackwoods-Curse/BlackwoodsCurse/Library/ScriptAssemblies/Unity.InputSystem.ForUI.dll
Symbol file LoadedFromMemory is not a mono symbol file
Symbol file data-0x126e63800 doesn't match image /Users/manaralsatrawi/GameDev/Blackwoods-Curse/BlackwoodsCurse/Library/ScriptAssemblies/Unity.VisualScripting.SettingsProvider.Editor.dll
Symbol file LoadedFromMemory is not a mono symbol file
Symbol file data-0x3336df600 doesn't match image /Users/manaralsatrawi/GameDev/Blackwoods-Curse/BlackwoodsCurse/Library/ScriptAssemblies/Unity.TestTools.CodeCoverage.Editor.OpenCover.Mono.Reflection.dll
Symbol file LoadedFromMemory is not a mono symbol file
Symbol file data-0x312578000 doesn't match image /Users/manaralsatrawi/GameDev/Blackwoods-Curse/BlackwoodsCurse/Library/ScriptAssemblies/Unity.VisualScripting.Flow.dll
Symbol file LoadedFromMemory is not a mono symbol file
Symbol file data-0x128c58000 doesn't match image /Users/manaralsatrawi/GameDev/Blackwoods-Curse/BlackwoodsCurse/Library/ScriptAssemblies/UnityEditor.UI.dll
Symbol file LoadedFromMemory is not a mono symbol file
Symbol file data-0x128cd0000 doesn't match image /Users/manaralsatrawi/GameDev/Blackwoods-Curse/BlackwoodsCurse/Library/ScriptAssemblies/Unity.InputSystem.dll
Symbol file LoadedFromMemory is not a mono symbol file
Symbol file data-0x128c58000 doesn't match image /Users/manaralsatrawi/GameDev/Blackwoods-Curse/BlackwoodsCurse/Library/ScriptAssemblies/Unity.Rider.Editor.dll
Symbol file LoadedFromMemory is not a mono symbol file
Symbol file data-0x128cd0000 doesn't match image /Users/manaralsatrawi/GameDev/Blackwoods-Curse/BlackwoodsCurse/Library/ScriptAssemblies/Unity.PlasticSCM.Editor.dll
Symbol file LoadedFromMemory is not a mono symbol file
Symbol file data-0x128c58000 doesn't match image /Users/manaralsatrawi/GameDev/Blackwoods-Curse/BlackwoodsCurse/Library/ScriptAssemblies/Unity.TestTools.CodeCoverage.Editor.dll
Symbol file LoadedFromMemory is not a mono symbol file
Symbol file data-0x128d10000 doesn't match image /Users/manaralsatrawi/GameDev/Blackwoods-Curse/BlackwoodsCurse/Library/ScriptAssemblies/UnityEngine.UI.dll
Symbol file LoadedFromMemory is not a mono symbol file
Symbol file data-0x117500a00 doesn't match image /Users/manaralsatrawi/GameDev/Blackwoods-Curse/BlackwoodsCurse/Library/ScriptAssemblies/Unity.InputSystem.TestFramework.dll
Symbol file LoadedFromMemory is not a mono symbol file
Symbol file data-0x11750d200 doesn't match image /Users/manaralsatrawi/GameDev/Blackwoods-Curse/BlackwoodsCurse/Library/ScriptAssemblies/Unity.VisualScripting.State.dll
Symbol file LoadedFromMemory is not a mono symbol file
Symbol file data-0x12a190000 doesn't match image /Users/manaralsatrawi/GameDev/Blackwoods-Curse/BlackwoodsCurse/Library/ScriptAssemblies/Unity.VisualScripting.Core.dll
Symbol file LoadedFromMemory is not a mono symbol file
Symbol file data-0x117500a00 doesn't match image /Users/manaralsatrawi/GameDev/Blackwoods-Curse/BlackwoodsCurse/Library/ScriptAssemblies/Unity.EditorCoroutines.Editor.dll
Symbol file LoadedFromMemory is not a mono symbol file
Native extension for OSXStandalone target not found
Refreshing native plugins compatible for Editor in 0.72 ms, found 2 plugins.
Preloading 0 native plugins for Editor in 0.00 ms.
[Package Manager] Server::EnsureServerProcessIsRunning -- launch failed, reason: Unity was launched with the -noUpm command-line argument
[Package Manager] Cannot connect to Unity Package Manager local server
Mono: successfully reloaded assembly
- Completed reload, in  1.108 seconds
Domain Reload Profiling:
	ReloadAssembly (1112ms)
		BeginReloadAssembly (131ms)
			ExecutionOrderSort (0ms)
			DisableScriptedObjects (4ms)
			BackupInstance (0ms)
			ReleaseScriptingObjects (0ms)
			CreateAndSetChildDomain (43ms)
		EndReloadAssembly (913ms)
			LoadAssemblies (59ms)
			RebuildTransferFunctionScriptingTraits (0ms)
			SetupTypeCache (237ms)
			ReleaseScriptCaches (1ms)
			RebuildScriptCaches (33ms)
			SetupLoadedEditorAssemblies (560ms)
				LogAssemblyErrors (0ms)
				InitializePlatformSupportModulesInManaged (3ms)
				SetLoadedEditorAssemblies (0ms)
				RefreshPlugins (1ms)
				BeforeProcessingInitializeOnLoad (39ms)
				ProcessInitializeOnLoadAttributes (505ms)
				ProcessInitializeOnLoadMethodAttributes (12ms)
				AfterProcessingInitializeOnLoad (1ms)
				EditorAssembliesLoaded (0ms)
			ExecutionOrderSort2 (0ms)
			AwakeInstancesAfterBackupRestoration (2ms)
Platform modules already initialized, skipping
Refreshing native plugins compatible for Editor in 0.54 ms, found 2 plugins.
Preloading 0 native plugins for Editor in 0.00 ms.
Unloading 3509 Unused Serialized files (Serialized files now loaded: 0)
Unloading 34 unused Assets / (23.0 KB). Loaded Objects now: 4045.
Memory consumption went from 211.8 MB to 211.8 MB.
Total: 2.426209 ms (FindLiveObjects: 0.131250 ms CreateObjectMapping: 0.043541 ms MarkObjects: 2.213125 ms  DeleteObjects: 0.037584 ms)

AssetImportParameters requested are different than current active one (requested -> active):
  custom:video-decoder-ogg-theora: a1e56fd34408186e4bbccfd4996cb3dc -> 
  custom:container-muxer-webm: aa71ff27fc2769a1b78a27578f13a17b -> 
  custom:container-demuxer-webm: 4f35f7cbe854078d1ac9338744f61a02 -> 
  custom:video-encoder-webm-vp8: eb34c28f22e8b96e1ab97ce403110664 -> 
  custom:framework-osx-AVFoundation: e770b220cccbd017edd2c1fefb359320 -> 
  custom:CustomObjectIndexerAttribute: bc11b3a6c3213fcdd17b65e7da85e133 -> 
  custom:audio-encoder-webm-vorbis: bf7c407c2cedff20999df2af8eb42d56 -> 
  custom:SearchIndexIgnoredProperties: e643bd26f0fe6173181afceb89e7c659 -> 
  custom:container-demuxer-ogg: 62fdf1f143b41e24485cea50d1cbac27 -> 
  custom:video-decoder-webm-vp8: 9c59270c3fd7afecdb556c50c9e8de78 -> 
  custom:audio-decoder-ogg-vorbis: bf7c407c2cedff20999df2af8eb42d56 -> 
========================================================================
Received Prepare
Registering precompiled user dll's ...
Registered in 0.003119 seconds.
Begin MonoManager ReloadAssembly
Thread 0x16d9eb000 may have been prematurely finalized
Symbol file data-0x140058000 doesn't match image /Users/manaralsatrawi/GameDev/Blackwoods-Curse/BlackwoodsCurse/Library/ScriptAssemblies/Unity.VisualScripting.Flow.Editor.dll
Symbol file LoadedFromMemory is not a mono symbol file
Symbol file data-0x116f15400 doesn't match image /Users/manaralsatrawi/GameDev/Blackwoods-Curse/BlackwoodsCurse/Library/ScriptAssemblies/Unity.VSCode.Editor.dll
Symbol file LoadedFromMemory is not a mono symbol file
Symbol file data-0x116fcc000 doesn't match image /Users/manaralsatrawi/GameDev/Blackwoods-Curse/BlackwoodsCurse/Library/ScriptAssemblies/Unity.VisualScripting.Shared.Editor.dll
Symbol file LoadedFromMemory is not a mono symbol file
Symbol file data-0x140118000 doesn't match image /Users/manaralsatrawi/GameDev/Blackwoods-Curse/BlackwoodsCurse/Library/ScriptAssemblies/Unity.TextMeshPro.Editor.dll
Symbol file LoadedFromMemory is not a mono symbol file
Symbol file data-0x140008000 doesn't match image /Users/manaralsatrawi/GameDev/Blackwoods-Curse/BlackwoodsCurse/Library/ScriptAssemblies/Unity.VisualStudio.Editor.dll
Symbol file LoadedFromMemory is not a mono symbol file
Symbol file data-0x140158000 doesn't match image /Users/manaralsatrawi/GameDev/Blackwoods-Curse/BlackwoodsCurse/Library/ScriptAssemblies/Unity.Performance.Profile-Analyzer.Editor.dll
Symbol file LoadedFromMemory is not a mono symbol file
Symbol file data-0x116fcc000 doesn't match image /Users/manaralsatrawi/GameDev/Blackwoods-Curse/BlackwoodsCurse/Library/ScriptAssemblies/Unity.TestTools.CodeCoverage.Editor.OpenCover.Model.dll
Symbol file LoadedFromMemory is not a mono symbol file
Symbol file data-0x116fd2000 doesn't match image /Users/manaralsatrawi/GameDev/Blackwoods-Curse/BlackwoodsCurse/Library/ScriptAssemblies/Unity.Settings.Editor.dll
Symbol file LoadedFromMemory is not a mono symbol file
Symbol file data-0x140230000 doesn't match image /Users/manaralsatrawi/GameDev/Blackwoods-Curse/BlackwoodsCurse/Library/ScriptAssemblies/Unity.Timeline.Editor.dll
Symbol file LoadedFromMemory is not a mono symbol file
Symbol file data-0x1402a0000 doesn't match image /Users/manaralsatrawi/GameDev/Blackwoods-Curse/BlackwoodsCurse/Library/ScriptAssemblies/Unity.Timeline.dll
Symbol file LoadedFromMemory is not a mono symbol file
Symbol file data-0x1403b8000 doesn't match image /Users/manaralsatrawi/GameDev/Blackwoods-Curse/BlackwoodsCurse/Library/ScriptAssemblies/Unity.VisualScripting.Core.Editor.dll
Symbol file LoadedFromMemory is not a mono symbol file
Symbol file data-0x140230000 doesn't match image /Users/manaralsatrawi/GameDev/Blackwoods-Curse/BlackwoodsCurse/Library/ScriptAssemblies/Unity.TextMeshPro.dll
Symbol file LoadedFromMemory is not a mono symbol file
Symbol file data-0x1402a0000 doesn't match image /Users/manaralsatrawi/GameDev/Blackwoods-Curse/BlackwoodsCurse/Library/ScriptAssemblies/Unity.VisualScripting.State.Editor.dll
Symbol file LoadedFromMemory is not a mono symbol file
Symbol file data-0x1402a0000 doesn't match image /Users/manaralsatrawi/GameDev/Blackwoods-Curse/BlackwoodsCurse/Library/ScriptAssemblies/MerryYellow.CodeAssist.Editor.dll
Symbol file LoadedFromMemory is not a mono symbol file
Symbol file data-0x116fd0400 doesn't match image /Users/manaralsatrawi/GameDev/Blackwoods-Curse/BlackwoodsCurse/Library/ScriptAssemblies/Unity.CollabProxy.Editor.dll
Symbol file LoadedFromMemory is not a mono symbol file
Symbol file data-0x116fd5e00 doesn't match image /Users/manaralsatrawi/GameDev/Blackwoods-Curse/BlackwoodsCurse/Library/ScriptAssemblies/Unity.InputSystem.ForUI.dll
Symbol file LoadedFromMemory is not a mono symbol file
Symbol file data-0x116fd9e00 doesn't match image /Users/manaralsatrawi/GameDev/Blackwoods-Curse/BlackwoodsCurse/Library/ScriptAssemblies/Unity.VisualScripting.SettingsProvider.Editor.dll
Symbol file LoadedFromMemory is not a mono symbol file
Symbol file data-0x116fd5e00 doesn't match image /Users/manaralsatrawi/GameDev/Blackwoods-Curse/BlackwoodsCurse/Library/ScriptAssemblies/Unity.TestTools.CodeCoverage.Editor.OpenCover.Mono.Reflection.dll
Symbol file LoadedFromMemory is not a mono symbol file
Symbol file data-0x1404c8000 doesn't match image /Users/manaralsatrawi/GameDev/Blackwoods-Curse/BlackwoodsCurse/Library/ScriptAssemblies/Unity.VisualScripting.Flow.dll
Symbol file LoadedFromMemory is not a mono symbol file
Symbol file data-0x140400000 doesn't match image /Users/manaralsatrawi/GameDev/Blackwoods-Curse/BlackwoodsCurse/Library/ScriptAssemblies/UnityEditor.UI.dll
Symbol file LoadedFromMemory is not a mono symbol file
Symbol file data-0x140638000 doesn't match image /Users/manaralsatrawi/GameDev/Blackwoods-Curse/BlackwoodsCurse/Library/ScriptAssemblies/Unity.InputSystem.dll
Symbol file LoadedFromMemory is not a mono symbol file
Symbol file data-0x140400000 doesn't match image /Users/manaralsatrawi/GameDev/Blackwoods-Curse/BlackwoodsCurse/Library/ScriptAssemblies/Unity.Rider.Editor.dll
Symbol file LoadedFromMemory is not a mono symbol file
Symbol file data-0x140638000 doesn't match image /Users/manaralsatrawi/GameDev/Blackwoods-Curse/BlackwoodsCurse/Library/ScriptAssemblies/Unity.PlasticSCM.Editor.dll
Symbol file LoadedFromMemory is not a mono symbol file
Symbol file data-0x140400000 doesn't match image /Users/manaralsatrawi/GameDev/Blackwoods-Curse/BlackwoodsCurse/Library/ScriptAssemblies/Unity.TestTools.CodeCoverage.Editor.dll
Symbol file LoadedFromMemory is not a mono symbol file
Symbol file data-0x140758000 doesn't match image /Users/manaralsatrawi/GameDev/Blackwoods-Curse/BlackwoodsCurse/Library/ScriptAssemblies/UnityEngine.UI.dll
Symbol file LoadedFromMemory is not a mono symbol file
Symbol file data-0x116fdee00 doesn't match image /Users/manaralsatrawi/GameDev/Blackwoods-Curse/BlackwoodsCurse/Library/ScriptAssemblies/Unity.InputSystem.TestFramework.dll
Symbol file LoadedFromMemory is not a mono symbol file
Symbol file data-0x116feb600 doesn't match image /Users/manaralsatrawi/GameDev/Blackwoods-Curse/BlackwoodsCurse/Library/ScriptAssemblies/Unity.VisualScripting.State.dll
Symbol file LoadedFromMemory is not a mono symbol file
Symbol file data-0x140808000 doesn't match image /Users/manaralsatrawi/GameDev/Blackwoods-Curse/BlackwoodsCurse/Library/ScriptAssemblies/Unity.VisualScripting.Core.dll
Symbol file LoadedFromMemory is not a mono symbol file
Symbol file data-0x116feb600 doesn't match image /Users/manaralsatrawi/GameDev/Blackwoods-Curse/BlackwoodsCurse/Library/ScriptAssemblies/Unity.EditorCoroutines.Editor.dll
Symbol file LoadedFromMemory is not a mono symbol file
Native extension for OSXStandalone target not found
Refreshing native plugins compatible for Editor in 0.70 ms, found 2 plugins.
Preloading 0 native plugins for Editor in 0.00 ms.
[Package Manager] Server::EnsureServerProcessIsRunning -- launch failed, reason: Unity was launched with the -noUpm command-line argument
[Package Manager] Cannot connect to Unity Package Manager local server
Mono: successfully reloaded assembly
- Completed reload, in  1.077 seconds
Domain Reload Profiling:
	ReloadAssembly (1077ms)
		BeginReloadAssembly (92ms)
			ExecutionOrderSort (0ms)
			DisableScriptedObjects (3ms)
			BackupInstance (0ms)
			ReleaseScriptingObjects (0ms)
			CreateAndSetChildDomain (33ms)
		EndReloadAssembly (921ms)
			LoadAssemblies (44ms)
			RebuildTransferFunctionScriptingTraits (0ms)
			SetupTypeCache (243ms)
			ReleaseScriptCaches (1ms)
			RebuildScriptCaches (37ms)
			SetupLoadedEditorAssemblies (565ms)
				LogAssemblyErrors (0ms)
				InitializePlatformSupportModulesInManaged (2ms)
				SetLoadedEditorAssemblies (0ms)
				RefreshPlugins (1ms)
				BeforeProcessingInitializeOnLoad (41ms)
				ProcessInitializeOnLoadAttributes (510ms)
				ProcessInitializeOnLoadMethodAttributes (10ms)
				AfterProcessingInitializeOnLoad (1ms)
				EditorAssembliesLoaded (0ms)
			ExecutionOrderSort2 (0ms)
			AwakeInstancesAfterBackupRestoration (2ms)
Platform modules already initialized, skipping
Refreshing native plugins compatible for Editor in 0.47 ms, found 2 plugins.
Preloading 0 native plugins for Editor in 0.00 ms.
Unloading 3509 Unused Serialized files (Serialized files now loaded: 0)
Unloading 34 unused Assets / (22.0 KB). Loaded Objects now: 4048.
Memory consumption went from 211.8 MB to 211.8 MB.
Total: 2.040875 ms (FindLiveObjects: 0.102875 ms CreateObjectMapping: 0.041083 ms MarkObjects: 1.879459 ms  DeleteObjects: 0.016791 ms)

AssetImportParameters requested are different than current active one (requested -> active):
  custom:video-decoder-ogg-theora: a1e56fd34408186e4bbccfd4996cb3dc -> 
  custom:container-muxer-webm: aa71ff27fc2769a1b78a27578f13a17b -> 
  custom:container-demuxer-webm: 4f35f7cbe854078d1ac9338744f61a02 -> 
  custom:video-encoder-webm-vp8: eb34c28f22e8b96e1ab97ce403110664 -> 
  custom:framework-osx-AVFoundation: e770b220cccbd017edd2c1fefb359320 -> 
  custom:CustomObjectIndexerAttribute: bc11b3a6c3213fcdd17b65e7da85e133 -> 
  custom:audio-encoder-webm-vorbis: bf7c407c2cedff20999df2af8eb42d56 -> 
  custom:SearchIndexIgnoredProperties: e643bd26f0fe6173181afceb89e7c659 -> 
  custom:container-demuxer-ogg: 62fdf1f143b41e24485cea50d1cbac27 -> 
  custom:video-decoder-webm-vp8: 9c59270c3fd7afecdb556c50c9e8de78 -> 
  custom:audio-decoder-ogg-vorbis: bf7c407c2cedff20999df2af8eb42d56 -> 
========================================================================
Received Prepare
Registering precompiled user dll's ...
Registered in 0.002854 seconds.
Begin MonoManager ReloadAssembly
Thread 0x16d9eb000 may have been prematurely finalized
Symbol file data-0x118aa0000 doesn't match image /Users/manaralsatrawi/GameDev/Blackwoods-Curse/BlackwoodsCurse/Library/ScriptAssemblies/Unity.VisualScripting.Flow.Editor.dll
Symbol file LoadedFromMemory is not a mono symbol file
Symbol file data-0x333f14c00 doesn't match image /Users/manaralsatrawi/GameDev/Blackwoods-Curse/BlackwoodsCurse/Library/ScriptAssemblies/Unity.VSCode.Editor.dll
Symbol file LoadedFromMemory is not a mono symbol file
Symbol file data-0x333f1ea00 doesn't match image /Users/manaralsatrawi/GameDev/Blackwoods-Curse/BlackwoodsCurse/Library/ScriptAssemblies/Unity.VisualScripting.Shared.Editor.dll
Symbol file LoadedFromMemory is not a mono symbol file
Symbol file data-0x141898000 doesn't match image /Users/manaralsatrawi/GameDev/Blackwoods-Curse/BlackwoodsCurse/Library/ScriptAssemblies/Unity.TextMeshPro.Editor.dll
Symbol file LoadedFromMemory is not a mono symbol file
Symbol file data-0x1418d0000 doesn't match image /Users/manaralsatrawi/GameDev/Blackwoods-Curse/BlackwoodsCurse/Library/ScriptAssemblies/Unity.VisualStudio.Editor.dll
Symbol file LoadedFromMemory is not a mono symbol file
Symbol file data-0x141920000 doesn't match image /Users/manaralsatrawi/GameDev/Blackwoods-Curse/BlackwoodsCurse/Library/ScriptAssemblies/Unity.Performance.Profile-Analyzer.Editor.dll
Symbol file LoadedFromMemory is not a mono symbol file
Symbol file data-0x333f24600 doesn't match image /Users/manaralsatrawi/GameDev/Blackwoods-Curse/BlackwoodsCurse/Library/ScriptAssemblies/Unity.TestTools.CodeCoverage.Editor.OpenCover.Model.dll
Symbol file LoadedFromMemory is not a mono symbol file
Symbol file data-0x333f2a600 doesn't match image /Users/manaralsatrawi/GameDev/Blackwoods-Curse/BlackwoodsCurse/Library/ScriptAssemblies/Unity.Settings.Editor.dll
Symbol file LoadedFromMemory is not a mono symbol file
Symbol file data-0x1419e8000 doesn't match image /Users/manaralsatrawi/GameDev/Blackwoods-Curse/BlackwoodsCurse/Library/ScriptAssemblies/Unity.Timeline.Editor.dll
Symbol file LoadedFromMemory is not a mono symbol file
Symbol file data-0x141a58000 doesn't match image /Users/manaralsatrawi/GameDev/Blackwoods-Curse/BlackwoodsCurse/Library/ScriptAssemblies/Unity.Timeline.dll
Symbol file LoadedFromMemory is not a mono symbol file
Symbol file data-0x141b70000 doesn't match image /Users/manaralsatrawi/GameDev/Blackwoods-Curse/BlackwoodsCurse/Library/ScriptAssemblies/Unity.VisualScripting.Core.Editor.dll
Symbol file LoadedFromMemory is not a mono symbol file
Symbol file data-0x1419e8000 doesn't match image /Users/manaralsatrawi/GameDev/Blackwoods-Curse/BlackwoodsCurse/Library/ScriptAssemblies/Unity.TextMeshPro.dll
Symbol file LoadedFromMemory is not a mono symbol file
Symbol file data-0x141a58000 doesn't match image /Users/manaralsatrawi/GameDev/Blackwoods-Curse/BlackwoodsCurse/Library/ScriptAssemblies/Unity.VisualScripting.State.Editor.dll
Symbol file LoadedFromMemory is not a mono symbol file
Symbol file data-0x141a58000 doesn't match image /Users/manaralsatrawi/GameDev/Blackwoods-Curse/BlackwoodsCurse/Library/ScriptAssemblies/MerryYellow.CodeAssist.Editor.dll
Symbol file LoadedFromMemory is not a mono symbol file
Symbol file data-0x333f27a00 doesn't match image /Users/manaralsatrawi/GameDev/Blackwoods-Curse/BlackwoodsCurse/Library/ScriptAssemblies/Unity.CollabProxy.Editor.dll
Symbol file LoadedFromMemory is not a mono symbol file
Symbol file data-0x333f2d400 doesn't match image /Users/manaralsatrawi/GameDev/Blackwoods-Curse/BlackwoodsCurse/Library/ScriptAssemblies/Unity.InputSystem.ForUI.dll
Symbol file LoadedFromMemory is not a mono symbol file
Symbol file data-0x333f31400 doesn't match image /Users/manaralsatrawi/GameDev/Blackwoods-Curse/BlackwoodsCurse/Library/ScriptAssemblies/Unity.VisualScripting.SettingsProvider.Editor.dll
Symbol file LoadedFromMemory is not a mono symbol file
Symbol file data-0x333f2d400 doesn't match image /Users/manaralsatrawi/GameDev/Blackwoods-Curse/BlackwoodsCurse/Library/ScriptAssemblies/Unity.TestTools.CodeCoverage.Editor.OpenCover.Mono.Reflection.dll
Symbol file LoadedFromMemory is not a mono symbol file
Symbol file data-0x141c80000 doesn't match image /Users/manaralsatrawi/GameDev/Blackwoods-Curse/BlackwoodsCurse/Library/ScriptAssemblies/Unity.VisualScripting.Flow.dll
Symbol file LoadedFromMemory is not a mono symbol file
Symbol file data-0x141bb8000 doesn't match image /Users/manaralsatrawi/GameDev/Blackwoods-Curse/BlackwoodsCurse/Library/ScriptAssemblies/UnityEditor.UI.dll
Symbol file LoadedFromMemory is not a mono symbol file
Symbol file data-0x141df0000 doesn't match image /Users/manaralsatrawi/GameDev/Blackwoods-Curse/BlackwoodsCurse/Library/ScriptAssemblies/Unity.InputSystem.dll
Symbol file LoadedFromMemory is not a mono symbol file
Symbol file data-0x141bb8000 doesn't match image /Users/manaralsatrawi/GameDev/Blackwoods-Curse/BlackwoodsCurse/Library/ScriptAssemblies/Unity.Rider.Editor.dll
Symbol file LoadedFromMemory is not a mono symbol file
Symbol file data-0x141df0000 doesn't match image /Users/manaralsatrawi/GameDev/Blackwoods-Curse/BlackwoodsCurse/Library/ScriptAssemblies/Unity.PlasticSCM.Editor.dll
Symbol file LoadedFromMemory is not a mono symbol file
Symbol file data-0x141bb8000 doesn't match image /Users/manaralsatrawi/GameDev/Blackwoods-Curse/BlackwoodsCurse/Library/ScriptAssemblies/Unity.TestTools.CodeCoverage.Editor.dll
Symbol file LoadedFromMemory is not a mono symbol file
Symbol file data-0x141f10000 doesn't match image /Users/manaralsatrawi/GameDev/Blackwoods-Curse/BlackwoodsCurse/Library/ScriptAssemblies/UnityEngine.UI.dll
Symbol file LoadedFromMemory is not a mono symbol file
Symbol file data-0x333f36400 doesn't match image /Users/manaralsatrawi/GameDev/Blackwoods-Curse/BlackwoodsCurse/Library/ScriptAssemblies/Unity.InputSystem.TestFramework.dll
Symbol file LoadedFromMemory is not a mono symbol file
Symbol file data-0x333f42c00 doesn't match image /Users/manaralsatrawi/GameDev/Blackwoods-Curse/BlackwoodsCurse/Library/ScriptAssemblies/Unity.VisualScripting.State.dll
Symbol file LoadedFromMemory is not a mono symbol file
Symbol file data-0x141fc0000 doesn't match image /Users/manaralsatrawi/GameDev/Blackwoods-Curse/BlackwoodsCurse/Library/ScriptAssemblies/Unity.VisualScripting.Core.dll
Symbol file LoadedFromMemory is not a mono symbol file
Symbol file data-0x333f42c00 doesn't match image /Users/manaralsatrawi/GameDev/Blackwoods-Curse/BlackwoodsCurse/Library/ScriptAssemblies/Unity.EditorCoroutines.Editor.dll
Symbol file LoadedFromMemory is not a mono symbol file
Native extension for OSXStandalone target not found
Refreshing native plugins compatible for Editor in 0.52 ms, found 2 plugins.
Preloading 0 native plugins for Editor in 0.00 ms.
[Package Manager] Server::EnsureServerProcessIsRunning -- launch failed, reason: Unity was launched with the -noUpm command-line argument
[Package Manager] Cannot connect to Unity Package Manager local server
Mono: successfully reloaded assembly
- Completed reload, in  1.084 seconds
Domain Reload Profiling:
	ReloadAssembly (1085ms)
		BeginReloadAssembly (114ms)
			ExecutionOrderSort (0ms)
			DisableScriptedObjects (4ms)
			BackupInstance (0ms)
			ReleaseScriptingObjects (0ms)
			CreateAndSetChildDomain (47ms)
		EndReloadAssembly (904ms)
			LoadAssemblies (49ms)
			RebuildTransferFunctionScriptingTraits (0ms)
			SetupTypeCache (232ms)
			ReleaseScriptCaches (1ms)
			RebuildScriptCaches (34ms)
			SetupLoadedEditorAssemblies (564ms)
				LogAssemblyErrors (0ms)
				InitializePlatformSupportModulesInManaged (2ms)
				SetLoadedEditorAssemblies (0ms)
				RefreshPlugins (1ms)
				BeforeProcessingInitializeOnLoad (41ms)
				ProcessInitializeOnLoadAttributes (509ms)
				ProcessInitializeOnLoadMethodAttributes (10ms)
				AfterProcessingInitializeOnLoad (1ms)
				EditorAssembliesLoaded (0ms)
			ExecutionOrderSort2 (0ms)
			AwakeInstancesAfterBackupRestoration (2ms)
Platform modules already initialized, skipping
Refreshing native plugins compatible for Editor in 0.53 ms, found 2 plugins.
Preloading 0 native plugins for Editor in 0.00 ms.
Unloading 3509 Unused Serialized files (Serialized files now loaded: 0)
Unloading 34 unused Assets / (21.9 KB). Loaded Objects now: 4051.
Memory consumption went from 211.8 MB to 211.8 MB.
Total: 2.316833 ms (FindLiveObjects: 0.133875 ms CreateObjectMapping: 0.043542 ms MarkObjects: 2.119417 ms  DeleteObjects: 0.019250 ms)

AssetImportParameters requested are different than current active one (requested -> active):
  custom:video-decoder-ogg-theora: a1e56fd34408186e4bbccfd4996cb3dc -> 
  custom:container-muxer-webm: aa71ff27fc2769a1b78a27578f13a17b -> 
  custom:container-demuxer-webm: 4f35f7cbe854078d1ac9338744f61a02 -> 
  custom:video-encoder-webm-vp8: eb34c28f22e8b96e1ab97ce403110664 -> 
  custom:framework-osx-AVFoundation: e770b220cccbd017edd2c1fefb359320 -> 
  custom:CustomObjectIndexerAttribute: bc11b3a6c3213fcdd17b65e7da85e133 -> 
  custom:audio-encoder-webm-vorbis: bf7c407c2cedff20999df2af8eb42d56 -> 
  custom:SearchIndexIgnoredProperties: e643bd26f0fe6173181afceb89e7c659 -> 
  custom:container-demuxer-ogg: 62fdf1f143b41e24485cea50d1cbac27 -> 
  custom:video-decoder-webm-vp8: 9c59270c3fd7afecdb556c50c9e8de78 -> 
  custom:audio-decoder-ogg-vorbis: bf7c407c2cedff20999df2af8eb42d56 -> 
========================================================================
Received Prepare
Registering precompiled user dll's ...
Registered in 0.003035 seconds.
Begin MonoManager ReloadAssembly
Thread 0x16d9eb000 may have been prematurely finalized
Symbol file data-0x130050000 doesn't match image /Users/manaralsatrawi/GameDev/Blackwoods-Curse/BlackwoodsCurse/Library/ScriptAssemblies/Unity.VisualScripting.Flow.Editor.dll
Symbol file LoadedFromMemory is not a mono symbol file
Symbol file data-0x321ade400 doesn't match image /Users/manaralsatrawi/GameDev/Blackwoods-Curse/BlackwoodsCurse/Library/ScriptAssemblies/Unity.VSCode.Editor.dll
Symbol file LoadedFromMemory is not a mono symbol file
Symbol file data-0x3337d9c00 doesn't match image /Users/manaralsatrawi/GameDev/Blackwoods-Curse/BlackwoodsCurse/Library/ScriptAssemblies/Unity.VisualScripting.Shared.Editor.dll
Symbol file LoadedFromMemory is not a mono symbol file
Symbol file data-0x3110d0000 doesn't match image /Users/manaralsatrawi/GameDev/Blackwoods-Curse/BlackwoodsCurse/Library/ScriptAssemblies/Unity.TextMeshPro.Editor.dll
Symbol file LoadedFromMemory is not a mono symbol file
Symbol file data-0x3110e8000 doesn't match image /Users/manaralsatrawi/GameDev/Blackwoods-Curse/BlackwoodsCurse/Library/ScriptAssemblies/Unity.VisualStudio.Editor.dll
Symbol file LoadedFromMemory is not a mono symbol file
Symbol file data-0x311218000 doesn't match image /Users/manaralsatrawi/GameDev/Blackwoods-Curse/BlackwoodsCurse/Library/ScriptAssemblies/Unity.Performance.Profile-Analyzer.Editor.dll
Symbol file LoadedFromMemory is not a mono symbol file
Symbol file data-0x333437a00 doesn't match image /Users/manaralsatrawi/GameDev/Blackwoods-Curse/BlackwoodsCurse/Library/ScriptAssemblies/Unity.TestTools.CodeCoverage.Editor.OpenCover.Model.dll
Symbol file LoadedFromMemory is not a mono symbol file
Symbol file data-0x333591c00 doesn't match image /Users/manaralsatrawi/GameDev/Blackwoods-Curse/BlackwoodsCurse/Library/ScriptAssemblies/Unity.Settings.Editor.dll
Symbol file LoadedFromMemory is not a mono symbol file
Symbol file data-0x3112e0000 doesn't match image /Users/manaralsatrawi/GameDev/Blackwoods-Curse/BlackwoodsCurse/Library/ScriptAssemblies/Unity.Timeline.Editor.dll
Symbol file LoadedFromMemory is not a mono symbol file
Symbol file data-0x311350000 doesn't match image /Users/manaralsatrawi/GameDev/Blackwoods-Curse/BlackwoodsCurse/Library/ScriptAssemblies/Unity.Timeline.dll
Symbol file LoadedFromMemory is not a mono symbol file
Symbol file data-0x311468000 doesn't match image /Users/manaralsatrawi/GameDev/Blackwoods-Curse/BlackwoodsCurse/Library/ScriptAssemblies/Unity.VisualScripting.Core.Editor.dll
Symbol file LoadedFromMemory is not a mono symbol file
Symbol file data-0x3112e0000 doesn't match image /Users/manaralsatrawi/GameDev/Blackwoods-Curse/BlackwoodsCurse/Library/ScriptAssemblies/Unity.TextMeshPro.dll
Symbol file LoadedFromMemory is not a mono symbol file
Symbol file data-0x3110f0000 doesn't match image /Users/manaralsatrawi/GameDev/Blackwoods-Curse/BlackwoodsCurse/Library/ScriptAssemblies/Unity.VisualScripting.State.Editor.dll
Symbol file LoadedFromMemory is not a mono symbol file
Symbol file data-0x3110f0000 doesn't match image /Users/manaralsatrawi/GameDev/Blackwoods-Curse/BlackwoodsCurse/Library/ScriptAssemblies/MerryYellow.CodeAssist.Editor.dll
Symbol file LoadedFromMemory is not a mono symbol file
Symbol file data-0x3337d9c00 doesn't match image /Users/manaralsatrawi/GameDev/Blackwoods-Curse/BlackwoodsCurse/Library/ScriptAssemblies/Unity.CollabProxy.Editor.dll
Symbol file LoadedFromMemory is not a mono symbol file
Symbol file data-0x3337c1c00 doesn't match image /Users/manaralsatrawi/GameDev/Blackwoods-Curse/BlackwoodsCurse/Library/ScriptAssemblies/Unity.InputSystem.ForUI.dll
Symbol file LoadedFromMemory is not a mono symbol file
Symbol file data-0x3337d9c00 doesn't match image /Users/manaralsatrawi/GameDev/Blackwoods-Curse/BlackwoodsCurse/Library/ScriptAssemblies/Unity.VisualScripting.SettingsProvider.Editor.dll
Symbol file LoadedFromMemory is not a mono symbol file
Symbol file data-0x3337d9c00 doesn't match image /Users/manaralsatrawi/GameDev/Blackwoods-Curse/BlackwoodsCurse/Library/ScriptAssemblies/Unity.TestTools.CodeCoverage.Editor.OpenCover.Mono.Reflection.dll
Symbol file LoadedFromMemory is not a mono symbol file
Symbol file data-0x311578000 doesn't match image /Users/manaralsatrawi/GameDev/Blackwoods-Curse/BlackwoodsCurse/Library/ScriptAssemblies/Unity.VisualScripting.Flow.dll
Symbol file LoadedFromMemory is not a mono symbol file
Symbol file data-0x3114b0000 doesn't match image /Users/manaralsatrawi/GameDev/Blackwoods-Curse/BlackwoodsCurse/Library/ScriptAssemblies/UnityEditor.UI.dll
Symbol file LoadedFromMemory is not a mono symbol file
Symbol file data-0x3116e8000 doesn't match image /Users/manaralsatrawi/GameDev/Blackwoods-Curse/BlackwoodsCurse/Library/ScriptAssemblies/Unity.InputSystem.dll
Symbol file LoadedFromMemory is not a mono symbol file
Symbol file data-0x3114b0000 doesn't match image /Users/manaralsatrawi/GameDev/Blackwoods-Curse/BlackwoodsCurse/Library/ScriptAssemblies/Unity.Rider.Editor.dll
Symbol file LoadedFromMemory is not a mono symbol file
Symbol file data-0x3116e8000 doesn't match image /Users/manaralsatrawi/GameDev/Blackwoods-Curse/BlackwoodsCurse/Library/ScriptAssemblies/Unity.PlasticSCM.Editor.dll
Symbol file LoadedFromMemory is not a mono symbol file
Symbol file data-0x3114b0000 doesn't match image /Users/manaralsatrawi/GameDev/Blackwoods-Curse/BlackwoodsCurse/Library/ScriptAssemblies/Unity.TestTools.CodeCoverage.Editor.dll
Symbol file LoadedFromMemory is not a mono symbol file
Symbol file data-0x311808000 doesn't match image /Users/manaralsatrawi/GameDev/Blackwoods-Curse/BlackwoodsCurse/Library/ScriptAssemblies/UnityEngine.UI.dll
Symbol file LoadedFromMemory is not a mono symbol file
Symbol file data-0x333437a00 doesn't match image /Users/manaralsatrawi/GameDev/Blackwoods-Curse/BlackwoodsCurse/Library/ScriptAssemblies/Unity.InputSystem.TestFramework.dll
Symbol file LoadedFromMemory is not a mono symbol file
Symbol file data-0x3334b7a00 doesn't match image /Users/manaralsatrawi/GameDev/Blackwoods-Curse/BlackwoodsCurse/Library/ScriptAssemblies/Unity.VisualScripting.State.dll
Symbol file LoadedFromMemory is not a mono symbol file
Symbol file data-0x3118b8000 doesn't match image /Users/manaralsatrawi/GameDev/Blackwoods-Curse/BlackwoodsCurse/Library/ScriptAssemblies/Unity.VisualScripting.Core.dll
Symbol file LoadedFromMemory is not a mono symbol file
Symbol file data-0x3337faa00 doesn't match image /Users/manaralsatrawi/GameDev/Blackwoods-Curse/BlackwoodsCurse/Library/ScriptAssemblies/Unity.EditorCoroutines.Editor.dll
Symbol file LoadedFromMemory is not a mono symbol file
Native extension for OSXStandalone target not found
Refreshing native plugins compatible for Editor in 0.53 ms, found 2 plugins.
Preloading 0 native plugins for Editor in 0.00 ms.
[Package Manager] Server::EnsureServerProcessIsRunning -- launch failed, reason: Unity was launched with the -noUpm command-line argument
[Package Manager] Cannot connect to Unity Package Manager local server
Mono: successfully reloaded assembly
- Completed reload, in  1.116 seconds
Domain Reload Profiling:
	ReloadAssembly (1117ms)
		BeginReloadAssembly (142ms)
			ExecutionOrderSort (0ms)
			DisableScriptedObjects (4ms)
			BackupInstance (0ms)
			ReleaseScriptingObjects (0ms)
			CreateAndSetChildDomain (66ms)
		EndReloadAssembly (902ms)
			LoadAssemblies (57ms)
			RebuildTransferFunctionScriptingTraits (0ms)
			SetupTypeCache (231ms)
			ReleaseScriptCaches (1ms)
			RebuildScriptCaches (35ms)
			SetupLoadedEditorAssemblies (562ms)
				LogAssemblyErrors (0ms)
				InitializePlatformSupportModulesInManaged (2ms)
				SetLoadedEditorAssemblies (0ms)
				RefreshPlugins (1ms)
				BeforeProcessingInitializeOnLoad (41ms)
				ProcessInitializeOnLoadAttributes (506ms)
				ProcessInitializeOnLoadMethodAttributes (11ms)
				AfterProcessingInitializeOnLoad (1ms)
				EditorAssembliesLoaded (0ms)
			ExecutionOrderSort2 (0ms)
			AwakeInstancesAfterBackupRestoration (2ms)
Platform modules already initialized, skipping
Refreshing native plugins compatible for Editor in 0.51 ms, found 2 plugins.
Preloading 0 native plugins for Editor in 0.00 ms.
Unloading 3509 Unused Serialized files (Serialized files now loaded: 0)
Unloading 34 unused Assets / (23.0 KB). Loaded Objects now: 4054.
Memory consumption went from 211.8 MB to 211.8 MB.
Total: 2.258208 ms (FindLiveObjects: 0.123958 ms CreateObjectMapping: 0.044041 ms MarkObjects: 2.068834 ms  DeleteObjects: 0.020375 ms)

AssetImportParameters requested are different than current active one (requested -> active):
  custom:video-decoder-ogg-theora: a1e56fd34408186e4bbccfd4996cb3dc -> 
  custom:container-muxer-webm: aa71ff27fc2769a1b78a27578f13a17b -> 
  custom:container-demuxer-webm: 4f35f7cbe854078d1ac9338744f61a02 -> 
  custom:video-encoder-webm-vp8: eb34c28f22e8b96e1ab97ce403110664 -> 
  custom:framework-osx-AVFoundation: e770b220cccbd017edd2c1fefb359320 -> 
  custom:CustomObjectIndexerAttribute: bc11b3a6c3213fcdd17b65e7da85e133 -> 
  custom:audio-encoder-webm-vorbis: bf7c407c2cedff20999df2af8eb42d56 -> 
  custom:SearchIndexIgnoredProperties: e643bd26f0fe6173181afceb89e7c659 -> 
  custom:container-demuxer-ogg: 62fdf1f143b41e24485cea50d1cbac27 -> 
  custom:video-decoder-webm-vp8: 9c59270c3fd7afecdb556c50c9e8de78 -> 
  custom:audio-decoder-ogg-vorbis: bf7c407c2cedff20999df2af8eb42d56 -> 
========================================================================
Received Prepare
Registering precompiled user dll's ...
Registered in 0.002665 seconds.
Begin MonoManager ReloadAssembly
Thread 0x16d9eb000 may have been prematurely finalized
Symbol file data-0x140128000 doesn't match image /Users/manaralsatrawi/GameDev/Blackwoods-Curse/BlackwoodsCurse/Library/ScriptAssemblies/Unity.VisualScripting.Flow.Editor.dll
Symbol file LoadedFromMemory is not a mono symbol file
Symbol file data-0x332e3ee00 doesn't match image /Users/manaralsatrawi/GameDev/Blackwoods-Curse/BlackwoodsCurse/Library/ScriptAssemblies/Unity.VSCode.Editor.dll
Symbol file LoadedFromMemory is not a mono symbol file
Symbol file data-0x332e45400 doesn't match image /Users/manaralsatrawi/GameDev/Blackwoods-Curse/BlackwoodsCurse/Library/ScriptAssemblies/Unity.VisualScripting.Shared.Editor.dll
Symbol file LoadedFromMemory is not a mono symbol file
Symbol file data-0x1449f0000 doesn't match image /Users/manaralsatrawi/GameDev/Blackwoods-Curse/BlackwoodsCurse/Library/ScriptAssemblies/Unity.TextMeshPro.Editor.dll
Symbol file LoadedFromMemory is not a mono symbol file
Symbol file data-0x140148000 doesn't match image /Users/manaralsatrawi/GameDev/Blackwoods-Curse/BlackwoodsCurse/Library/ScriptAssemblies/Unity.VisualStudio.Editor.dll
Symbol file LoadedFromMemory is not a mono symbol file
Symbol file data-0x144a30000 doesn't match image /Users/manaralsatrawi/GameDev/Blackwoods-Curse/BlackwoodsCurse/Library/ScriptAssemblies/Unity.Performance.Profile-Analyzer.Editor.dll
Symbol file LoadedFromMemory is not a mono symbol file
Symbol file data-0x332e44a00 doesn't match image /Users/manaralsatrawi/GameDev/Blackwoods-Curse/BlackwoodsCurse/Library/ScriptAssemblies/Unity.TestTools.CodeCoverage.Editor.OpenCover.Model.dll
Symbol file LoadedFromMemory is not a mono symbol file
Symbol file data-0x332e4aa00 doesn't match image /Users/manaralsatrawi/GameDev/Blackwoods-Curse/BlackwoodsCurse/Library/ScriptAssemblies/Unity.Settings.Editor.dll
Symbol file LoadedFromMemory is not a mono symbol file
Symbol file data-0x140210000 doesn't match image /Users/manaralsatrawi/GameDev/Blackwoods-Curse/BlackwoodsCurse/Library/ScriptAssemblies/Unity.Timeline.Editor.dll
Symbol file LoadedFromMemory is not a mono symbol file
Symbol file data-0x140280000 doesn't match image /Users/manaralsatrawi/GameDev/Blackwoods-Curse/BlackwoodsCurse/Library/ScriptAssemblies/Unity.Timeline.dll
Symbol file LoadedFromMemory is not a mono symbol file
Symbol file data-0x140398000 doesn't match image /Users/manaralsatrawi/GameDev/Blackwoods-Curse/BlackwoodsCurse/Library/ScriptAssemblies/Unity.VisualScripting.Core.Editor.dll
Symbol file LoadedFromMemory is not a mono symbol file
Symbol file data-0x140210000 doesn't match image /Users/manaralsatrawi/GameDev/Blackwoods-Curse/BlackwoodsCurse/Library/ScriptAssemblies/Unity.TextMeshPro.dll
Symbol file LoadedFromMemory is not a mono symbol file
Symbol file data-0x140280000 doesn't match image /Users/manaralsatrawi/GameDev/Blackwoods-Curse/BlackwoodsCurse/Library/ScriptAssemblies/Unity.VisualScripting.State.Editor.dll
Symbol file LoadedFromMemory is not a mono symbol file
Symbol file data-0x140280000 doesn't match image /Users/manaralsatrawi/GameDev/Blackwoods-Curse/BlackwoodsCurse/Library/ScriptAssemblies/MerryYellow.CodeAssist.Editor.dll
Symbol file LoadedFromMemory is not a mono symbol file
Symbol file data-0x332e44a00 doesn't match image /Users/manaralsatrawi/GameDev/Blackwoods-Curse/BlackwoodsCurse/Library/ScriptAssemblies/Unity.CollabProxy.Editor.dll
Symbol file LoadedFromMemory is not a mono symbol file
Symbol file data-0x332e48e00 doesn't match image /Users/manaralsatrawi/GameDev/Blackwoods-Curse/BlackwoodsCurse/Library/ScriptAssemblies/Unity.InputSystem.ForUI.dll
Symbol file LoadedFromMemory is not a mono symbol file
Symbol file data-0x332e4c600 doesn't match image /Users/manaralsatrawi/GameDev/Blackwoods-Curse/BlackwoodsCurse/Library/ScriptAssemblies/Unity.VisualScripting.SettingsProvider.Editor.dll
Symbol file LoadedFromMemory is not a mono symbol file
Symbol file data-0x332e4c600 doesn't match image /Users/manaralsatrawi/GameDev/Blackwoods-Curse/BlackwoodsCurse/Library/ScriptAssemblies/Unity.TestTools.CodeCoverage.Editor.OpenCover.Mono.Reflection.dll
Symbol file LoadedFromMemory is not a mono symbol file
Symbol file data-0x1404a8000 doesn't match image /Users/manaralsatrawi/GameDev/Blackwoods-Curse/BlackwoodsCurse/Library/ScriptAssemblies/Unity.VisualScripting.Flow.dll
Symbol file LoadedFromMemory is not a mono symbol file
Symbol file data-0x1403e0000 doesn't match image /Users/manaralsatrawi/GameDev/Blackwoods-Curse/BlackwoodsCurse/Library/ScriptAssemblies/UnityEditor.UI.dll
Symbol file LoadedFromMemory is not a mono symbol file
Symbol file data-0x140618000 doesn't match image /Users/manaralsatrawi/GameDev/Blackwoods-Curse/BlackwoodsCurse/Library/ScriptAssemblies/Unity.InputSystem.dll
Symbol file LoadedFromMemory is not a mono symbol file
Symbol file data-0x1403e0000 doesn't match image /Users/manaralsatrawi/GameDev/Blackwoods-Curse/BlackwoodsCurse/Library/ScriptAssemblies/Unity.Rider.Editor.dll
Symbol file LoadedFromMemory is not a mono symbol file
Symbol file data-0x140618000 doesn't match image /Users/manaralsatrawi/GameDev/Blackwoods-Curse/BlackwoodsCurse/Library/ScriptAssemblies/Unity.PlasticSCM.Editor.dll
Symbol file LoadedFromMemory is not a mono symbol file
Symbol file data-0x1403e0000 doesn't match image /Users/manaralsatrawi/GameDev/Blackwoods-Curse/BlackwoodsCurse/Library/ScriptAssemblies/Unity.TestTools.CodeCoverage.Editor.dll
Symbol file LoadedFromMemory is not a mono symbol file
Symbol file data-0x140738000 doesn't match image /Users/manaralsatrawi/GameDev/Blackwoods-Curse/BlackwoodsCurse/Library/ScriptAssemblies/UnityEngine.UI.dll
Symbol file LoadedFromMemory is not a mono symbol file
Symbol file data-0x332e4f600 doesn't match image /Users/manaralsatrawi/GameDev/Blackwoods-Curse/BlackwoodsCurse/Library/ScriptAssemblies/Unity.InputSystem.TestFramework.dll
Symbol file LoadedFromMemory is not a mono symbol file
Symbol file data-0x332da5000 doesn't match image /Users/manaralsatrawi/GameDev/Blackwoods-Curse/BlackwoodsCurse/Library/ScriptAssemblies/Unity.VisualScripting.State.dll
Symbol file LoadedFromMemory is not a mono symbol file
Symbol file data-0x1407e8000 doesn't match image /Users/manaralsatrawi/GameDev/Blackwoods-Curse/BlackwoodsCurse/Library/ScriptAssemblies/Unity.VisualScripting.Core.dll
Symbol file LoadedFromMemory is not a mono symbol file
Symbol file data-0x332e4f600 doesn't match image /Users/manaralsatrawi/GameDev/Blackwoods-Curse/BlackwoodsCurse/Library/ScriptAssemblies/Unity.EditorCoroutines.Editor.dll
Symbol file LoadedFromMemory is not a mono symbol file
Native extension for OSXStandalone target not found
Refreshing native plugins compatible for Editor in 0.46 ms, found 2 plugins.
Preloading 0 native plugins for Editor in 0.00 ms.
[Package Manager] Server::EnsureServerProcessIsRunning -- launch failed, reason: Unity was launched with the -noUpm command-line argument
[Package Manager] Cannot connect to Unity Package Manager local server
Mono: successfully reloaded assembly
- Completed reload, in  1.025 seconds
Domain Reload Profiling:
	ReloadAssembly (1025ms)
		BeginReloadAssembly (108ms)
			ExecutionOrderSort (0ms)
			DisableScriptedObjects (3ms)
			BackupInstance (0ms)
			ReleaseScriptingObjects (0ms)
			CreateAndSetChildDomain (43ms)
		EndReloadAssembly (857ms)
			LoadAssemblies (47ms)
			RebuildTransferFunctionScriptingTraits (0ms)
			SetupTypeCache (212ms)
			ReleaseScriptCaches (1ms)
			RebuildScriptCaches (31ms)
			SetupLoadedEditorAssemblies (546ms)
				LogAssemblyErrors (0ms)
				InitializePlatformSupportModulesInManaged (2ms)
				SetLoadedEditorAssemblies (0ms)
				RefreshPlugins (0ms)
				BeforeProcessingInitializeOnLoad (37ms)
				ProcessInitializeOnLoadAttributes (495ms)
				ProcessInitializeOnLoadMethodAttributes (10ms)
				AfterProcessingInitializeOnLoad (1ms)
				EditorAssembliesLoaded (0ms)
			ExecutionOrderSort2 (0ms)
			AwakeInstancesAfterBackupRestoration (2ms)
Platform modules already initialized, skipping
Refreshing native plugins compatible for Editor in 0.51 ms, found 2 plugins.
Preloading 0 native plugins for Editor in 0.00 ms.
Unloading 3509 Unused Serialized files (Serialized files now loaded: 0)
Unloading 34 unused Assets / (22.0 KB). Loaded Objects now: 4057.
Memory consumption went from 211.8 MB to 211.8 MB.
Total: 2.114333 ms (FindLiveObjects: 0.120125 ms CreateObjectMapping: 0.044792 ms MarkObjects: 1.933167 ms  DeleteObjects: 0.015750 ms)

AssetImportParameters requested are different than current active one (requested -> active):
  custom:video-decoder-ogg-theora: a1e56fd34408186e4bbccfd4996cb3dc -> 
  custom:container-muxer-webm: aa71ff27fc2769a1b78a27578f13a17b -> 
  custom:container-demuxer-webm: 4f35f7cbe854078d1ac9338744f61a02 -> 
  custom:video-encoder-webm-vp8: eb34c28f22e8b96e1ab97ce403110664 -> 
  custom:framework-osx-AVFoundation: e770b220cccbd017edd2c1fefb359320 -> 
  custom:CustomObjectIndexerAttribute: bc11b3a6c3213fcdd17b65e7da85e133 -> 
  custom:audio-encoder-webm-vorbis: bf7c407c2cedff20999df2af8eb42d56 -> 
  custom:SearchIndexIgnoredProperties: e643bd26f0fe6173181afceb89e7c659 -> 
  custom:container-demuxer-ogg: 62fdf1f143b41e24485cea50d1cbac27 -> 
  custom:video-decoder-webm-vp8: 9c59270c3fd7afecdb556c50c9e8de78 -> 
  custom:audio-decoder-ogg-vorbis: bf7c407c2cedff20999df2af8eb42d56 -> 
========================================================================
Received Prepare
Registering precompiled user dll's ...
Registered in 0.002907 seconds.
Begin MonoManager ReloadAssembly
Thread 0x16d9eb000 may have been prematurely finalized
Symbol file data-0x140bf0000 doesn't match image /Users/manaralsatrawi/GameDev/Blackwoods-Curse/BlackwoodsCurse/Library/ScriptAssemblies/Unity.VisualScripting.Flow.Editor.dll
Symbol file LoadedFromMemory is not a mono symbol file
Symbol file data-0x321f10e00 doesn't match image /Users/manaralsatrawi/GameDev/Blackwoods-Curse/BlackwoodsCurse/Library/ScriptAssemblies/Unity.VSCode.Editor.dll
Symbol file LoadedFromMemory is not a mono symbol file
Symbol file data-0x321f96e00 doesn't match image /Users/manaralsatrawi/GameDev/Blackwoods-Curse/BlackwoodsCurse/Library/ScriptAssemblies/Unity.VisualScripting.Shared.Editor.dll
Symbol file LoadedFromMemory is not a mono symbol file
Symbol file data-0x140c48000 doesn't match image /Users/manaralsatrawi/GameDev/Blackwoods-Curse/BlackwoodsCurse/Library/ScriptAssemblies/Unity.TextMeshPro.Editor.dll
Symbol file LoadedFromMemory is not a mono symbol file
Symbol file data-0x140c60000 doesn't match image /Users/manaralsatrawi/GameDev/Blackwoods-Curse/BlackwoodsCurse/Library/ScriptAssemblies/Unity.VisualStudio.Editor.dll
Symbol file LoadedFromMemory is not a mono symbol file
Symbol file data-0x140cb0000 doesn't match image /Users/manaralsatrawi/GameDev/Blackwoods-Curse/BlackwoodsCurse/Library/ScriptAssemblies/Unity.Performance.Profile-Analyzer.Editor.dll
Symbol file LoadedFromMemory is not a mono symbol file
Symbol file data-0x321e83a00 doesn't match image /Users/manaralsatrawi/GameDev/Blackwoods-Curse/BlackwoodsCurse/Library/ScriptAssemblies/Unity.TestTools.CodeCoverage.Editor.OpenCover.Model.dll
Symbol file LoadedFromMemory is not a mono symbol file
Symbol file data-0x321f10e00 doesn't match image /Users/manaralsatrawi/GameDev/Blackwoods-Curse/BlackwoodsCurse/Library/ScriptAssemblies/Unity.Settings.Editor.dll
Symbol file LoadedFromMemory is not a mono symbol file
Symbol file data-0x140d78000 doesn't match image /Users/manaralsatrawi/GameDev/Blackwoods-Curse/BlackwoodsCurse/Library/ScriptAssemblies/Unity.Timeline.Editor.dll
Symbol file LoadedFromMemory is not a mono symbol file
Symbol file data-0x140de8000 doesn't match image /Users/manaralsatrawi/GameDev/Blackwoods-Curse/BlackwoodsCurse/Library/ScriptAssemblies/Unity.Timeline.dll
Symbol file LoadedFromMemory is not a mono symbol file
Symbol file data-0x140f00000 doesn't match image /Users/manaralsatrawi/GameDev/Blackwoods-Curse/BlackwoodsCurse/Library/ScriptAssemblies/Unity.VisualScripting.Core.Editor.dll
Symbol file LoadedFromMemory is not a mono symbol file
Symbol file data-0x140d78000 doesn't match image /Users/manaralsatrawi/GameDev/Blackwoods-Curse/BlackwoodsCurse/Library/ScriptAssemblies/Unity.TextMeshPro.dll
Symbol file LoadedFromMemory is not a mono symbol file
Symbol file data-0x140de8000 doesn't match image /Users/manaralsatrawi/GameDev/Blackwoods-Curse/BlackwoodsCurse/Library/ScriptAssemblies/Unity.VisualScripting.State.Editor.dll
Symbol file LoadedFromMemory is not a mono symbol file
Symbol file data-0x140de8000 doesn't match image /Users/manaralsatrawi/GameDev/Blackwoods-Curse/BlackwoodsCurse/Library/ScriptAssemblies/MerryYellow.CodeAssist.Editor.dll
Symbol file LoadedFromMemory is not a mono symbol file
Symbol file data-0x321f9ee00 doesn't match image /Users/manaralsatrawi/GameDev/Blackwoods-Curse/BlackwoodsCurse/Library/ScriptAssemblies/Unity.CollabProxy.Editor.dll
Symbol file LoadedFromMemory is not a mono symbol file
Symbol file data-0x321fdcc00 doesn't match image /Users/manaralsatrawi/GameDev/Blackwoods-Curse/BlackwoodsCurse/Library/ScriptAssemblies/Unity.InputSystem.ForUI.dll
Symbol file LoadedFromMemory is not a mono symbol file
Symbol file data-0x321e83a00 doesn't match image /Users/manaralsatrawi/GameDev/Blackwoods-Curse/BlackwoodsCurse/Library/ScriptAssemblies/Unity.VisualScripting.SettingsProvider.Editor.dll
Symbol file LoadedFromMemory is not a mono symbol file
Symbol file data-0x321e83a00 doesn't match image /Users/manaralsatrawi/GameDev/Blackwoods-Curse/BlackwoodsCurse/Library/ScriptAssemblies/Unity.TestTools.CodeCoverage.Editor.OpenCover.Mono.Reflection.dll
Symbol file LoadedFromMemory is not a mono symbol file
Symbol file data-0x141010000 doesn't match image /Users/manaralsatrawi/GameDev/Blackwoods-Curse/BlackwoodsCurse/Library/ScriptAssemblies/Unity.VisualScripting.Flow.dll
Symbol file LoadedFromMemory is not a mono symbol file
Symbol file data-0x140f48000 doesn't match image /Users/manaralsatrawi/GameDev/Blackwoods-Curse/BlackwoodsCurse/Library/ScriptAssemblies/UnityEditor.UI.dll
Symbol file LoadedFromMemory is not a mono symbol file
Symbol file data-0x141180000 doesn't match image /Users/manaralsatrawi/GameDev/Blackwoods-Curse/BlackwoodsCurse/Library/ScriptAssemblies/Unity.InputSystem.dll
Symbol file LoadedFromMemory is not a mono symbol file
Symbol file data-0x140f48000 doesn't match image /Users/manaralsatrawi/GameDev/Blackwoods-Curse/BlackwoodsCurse/Library/ScriptAssemblies/Unity.Rider.Editor.dll
Symbol file LoadedFromMemory is not a mono symbol file
Symbol file data-0x141180000 doesn't match image /Users/manaralsatrawi/GameDev/Blackwoods-Curse/BlackwoodsCurse/Library/ScriptAssemblies/Unity.PlasticSCM.Editor.dll
Symbol file LoadedFromMemory is not a mono symbol file
Symbol file data-0x140f48000 doesn't match image /Users/manaralsatrawi/GameDev/Blackwoods-Curse/BlackwoodsCurse/Library/ScriptAssemblies/Unity.TestTools.CodeCoverage.Editor.dll
Symbol file LoadedFromMemory is not a mono symbol file
Symbol file data-0x1412a0000 doesn't match image /Users/manaralsatrawi/GameDev/Blackwoods-Curse/BlackwoodsCurse/Library/ScriptAssemblies/UnityEngine.UI.dll
Symbol file LoadedFromMemory is not a mono symbol file
Symbol file data-0x321b27000 doesn't match image /Users/manaralsatrawi/GameDev/Blackwoods-Curse/BlackwoodsCurse/Library/ScriptAssemblies/Unity.InputSystem.TestFramework.dll
Symbol file LoadedFromMemory is not a mono symbol file
Symbol file data-0x321ade400 doesn't match image /Users/manaralsatrawi/GameDev/Blackwoods-Curse/BlackwoodsCurse/Library/ScriptAssemblies/Unity.VisualScripting.State.dll
Symbol file LoadedFromMemory is not a mono symbol file
Symbol file data-0x141350000 doesn't match image /Users/manaralsatrawi/GameDev/Blackwoods-Curse/BlackwoodsCurse/Library/ScriptAssemblies/Unity.VisualScripting.Core.dll
Symbol file LoadedFromMemory is not a mono symbol file
Symbol file data-0x321f9ee00 doesn't match image /Users/manaralsatrawi/GameDev/Blackwoods-Curse/BlackwoodsCurse/Library/ScriptAssemblies/Unity.EditorCoroutines.Editor.dll
Symbol file LoadedFromMemory is not a mono symbol file
Native extension for OSXStandalone target not found
Refreshing native plugins compatible for Editor in 0.47 ms, found 2 plugins.
Preloading 0 native plugins for Editor in 0.00 ms.
[Package Manager] Server::EnsureServerProcessIsRunning -- launch failed, reason: Unity was launched with the -noUpm command-line argument
[Package Manager] Cannot connect to Unity Package Manager local server
Mono: successfully reloaded assembly
- Completed reload, in  1.204 seconds
Domain Reload Profiling:
	ReloadAssembly (1205ms)
		BeginReloadAssembly (169ms)
			ExecutionOrderSort (0ms)
			DisableScriptedObjects (4ms)
			BackupInstance (0ms)
			ReleaseScriptingObjects (0ms)
			CreateAndSetChildDomain (85ms)
		EndReloadAssembly (969ms)
			LoadAssemblies (51ms)
			RebuildTransferFunctionScriptingTraits (0ms)
			SetupTypeCache (307ms)
			ReleaseScriptCaches (1ms)
			RebuildScriptCaches (38ms)
			SetupLoadedEditorAssemblies (550ms)
				LogAssemblyErrors (0ms)
				InitializePlatformSupportModulesInManaged (2ms)
				SetLoadedEditorAssemblies (0ms)
				RefreshPlugins (0ms)
				BeforeProcessingInitializeOnLoad (37ms)
				ProcessInitializeOnLoadAttributes (498ms)
				ProcessInitializeOnLoadMethodAttributes (11ms)
				AfterProcessingInitializeOnLoad (1ms)
				EditorAssembliesLoaded (0ms)
			ExecutionOrderSort2 (0ms)
			AwakeInstancesAfterBackupRestoration (2ms)
Platform modules already initialized, skipping
Refreshing native plugins compatible for Editor in 0.51 ms, found 2 plugins.
Preloading 0 native plugins for Editor in 0.00 ms.
Unloading 3509 Unused Serialized files (Serialized files now loaded: 0)
Unloading 34 unused Assets / (22.0 KB). Loaded Objects now: 4060.
Memory consumption went from 211.8 MB to 211.8 MB.
Total: 2.265917 ms (FindLiveObjects: 0.126000 ms CreateObjectMapping: 0.044458 ms MarkObjects: 2.063959 ms  DeleteObjects: 0.030958 ms)

AssetImportParameters requested are different than current active one (requested -> active):
  custom:video-decoder-ogg-theora: a1e56fd34408186e4bbccfd4996cb3dc -> 
  custom:container-muxer-webm: aa71ff27fc2769a1b78a27578f13a17b -> 
  custom:container-demuxer-webm: 4f35f7cbe854078d1ac9338744f61a02 -> 
  custom:video-encoder-webm-vp8: eb34c28f22e8b96e1ab97ce403110664 -> 
  custom:framework-osx-AVFoundation: e770b220cccbd017edd2c1fefb359320 -> 
  custom:CustomObjectIndexerAttribute: bc11b3a6c3213fcdd17b65e7da85e133 -> 
  custom:audio-encoder-webm-vorbis: bf7c407c2cedff20999df2af8eb42d56 -> 
  custom:SearchIndexIgnoredProperties: e643bd26f0fe6173181afceb89e7c659 -> 
  custom:container-demuxer-ogg: 62fdf1f143b41e24485cea50d1cbac27 -> 
  custom:video-decoder-webm-vp8: 9c59270c3fd7afecdb556c50c9e8de78 -> 
  custom:audio-decoder-ogg-vorbis: bf7c407c2cedff20999df2af8eb42d56 -> 
========================================================================
Received Prepare
Registering precompiled user dll's ...
Registered in 0.002660 seconds.
Begin MonoManager ReloadAssembly
Thread 0x16d9eb000 may have been prematurely finalized
Symbol file data-0x138510000 doesn't match image /Users/manaralsatrawi/GameDev/Blackwoods-Curse/BlackwoodsCurse/Library/ScriptAssemblies/Unity.VisualScripting.Flow.Editor.dll
Symbol file LoadedFromMemory is not a mono symbol file
Symbol file data-0x126e30a00 doesn't match image /Users/manaralsatrawi/GameDev/Blackwoods-Curse/BlackwoodsCurse/Library/ScriptAssemblies/Unity.VSCode.Editor.dll
Symbol file LoadedFromMemory is not a mono symbol file
Symbol file data-0x126e3a000 doesn't match image /Users/manaralsatrawi/GameDev/Blackwoods-Curse/BlackwoodsCurse/Library/ScriptAssemblies/Unity.VisualScripting.Shared.Editor.dll
Symbol file LoadedFromMemory is not a mono symbol file
Symbol file data-0x138578000 doesn't match image /Users/manaralsatrawi/GameDev/Blackwoods-Curse/BlackwoodsCurse/Library/ScriptAssemblies/Unity.TextMeshPro.Editor.dll
Symbol file LoadedFromMemory is not a mono symbol file
Symbol file data-0x138590000 doesn't match image /Users/manaralsatrawi/GameDev/Blackwoods-Curse/BlackwoodsCurse/Library/ScriptAssemblies/Unity.VisualStudio.Editor.dll
Symbol file LoadedFromMemory is not a mono symbol file
Symbol file data-0x1385e0000 doesn't match image /Users/manaralsatrawi/GameDev/Blackwoods-Curse/BlackwoodsCurse/Library/ScriptAssemblies/Unity.Performance.Profile-Analyzer.Editor.dll
Symbol file LoadedFromMemory is not a mono symbol file
Symbol file data-0x126e3fc00 doesn't match image /Users/manaralsatrawi/GameDev/Blackwoods-Curse/BlackwoodsCurse/Library/ScriptAssemblies/Unity.TestTools.CodeCoverage.Editor.OpenCover.Model.dll
Symbol file LoadedFromMemory is not a mono symbol file
Symbol file data-0x126e45c00 doesn't match image /Users/manaralsatrawi/GameDev/Blackwoods-Curse/BlackwoodsCurse/Library/ScriptAssemblies/Unity.Settings.Editor.dll
Symbol file LoadedFromMemory is not a mono symbol file
Symbol file data-0x311648000 doesn't match image /Users/manaralsatrawi/GameDev/Blackwoods-Curse/BlackwoodsCurse/Library/ScriptAssemblies/Unity.Timeline.Editor.dll
Symbol file LoadedFromMemory is not a mono symbol file
Symbol file data-0x3116b8000 doesn't match image /Users/manaralsatrawi/GameDev/Blackwoods-Curse/BlackwoodsCurse/Library/ScriptAssemblies/Unity.Timeline.dll
Symbol file LoadedFromMemory is not a mono symbol file
Symbol file data-0x3117d0000 doesn't match image /Users/manaralsatrawi/GameDev/Blackwoods-Curse/BlackwoodsCurse/Library/ScriptAssemblies/Unity.VisualScripting.Core.Editor.dll
Symbol file LoadedFromMemory is not a mono symbol file
Symbol file data-0x311648000 doesn't match image /Users/manaralsatrawi/GameDev/Blackwoods-Curse/BlackwoodsCurse/Library/ScriptAssemblies/Unity.TextMeshPro.dll
Symbol file LoadedFromMemory is not a mono symbol file
Symbol file data-0x3116b8000 doesn't match image /Users/manaralsatrawi/GameDev/Blackwoods-Curse/BlackwoodsCurse/Library/ScriptAssemblies/Unity.VisualScripting.State.Editor.dll
Symbol file LoadedFromMemory is not a mono symbol file
Symbol file data-0x3116b8000 doesn't match image /Users/manaralsatrawi/GameDev/Blackwoods-Curse/BlackwoodsCurse/Library/ScriptAssemblies/MerryYellow.CodeAssist.Editor.dll
Symbol file LoadedFromMemory is not a mono symbol file
Symbol file data-0x116ea0c00 doesn't match image /Users/manaralsatrawi/GameDev/Blackwoods-Curse/BlackwoodsCurse/Library/ScriptAssemblies/Unity.CollabProxy.Editor.dll
Symbol file LoadedFromMemory is not a mono symbol file
Symbol file data-0x116f0de00 doesn't match image /Users/manaralsatrawi/GameDev/Blackwoods-Curse/BlackwoodsCurse/Library/ScriptAssemblies/Unity.InputSystem.ForUI.dll
Symbol file LoadedFromMemory is not a mono symbol file
Symbol file data-0x116ea4800 doesn't match image /Users/manaralsatrawi/GameDev/Blackwoods-Curse/BlackwoodsCurse/Library/ScriptAssemblies/Unity.VisualScripting.SettingsProvider.Editor.dll
Symbol file LoadedFromMemory is not a mono symbol file
Symbol file data-0x116ea4800 doesn't match image /Users/manaralsatrawi/GameDev/Blackwoods-Curse/BlackwoodsCurse/Library/ScriptAssemblies/Unity.TestTools.CodeCoverage.Editor.OpenCover.Mono.Reflection.dll
Symbol file LoadedFromMemory is not a mono symbol file
Symbol file data-0x3118e0000 doesn't match image /Users/manaralsatrawi/GameDev/Blackwoods-Curse/BlackwoodsCurse/Library/ScriptAssemblies/Unity.VisualScripting.Flow.dll
Symbol file LoadedFromMemory is not a mono symbol file
Symbol file data-0x311818000 doesn't match image /Users/manaralsatrawi/GameDev/Blackwoods-Curse/BlackwoodsCurse/Library/ScriptAssemblies/UnityEditor.UI.dll
Symbol file LoadedFromMemory is not a mono symbol file
Symbol file data-0x311a50000 doesn't match image /Users/manaralsatrawi/GameDev/Blackwoods-Curse/BlackwoodsCurse/Library/ScriptAssemblies/Unity.InputSystem.dll
Symbol file LoadedFromMemory is not a mono symbol file
Symbol file data-0x1386a8000 doesn't match image /Users/manaralsatrawi/GameDev/Blackwoods-Curse/BlackwoodsCurse/Library/ScriptAssemblies/Unity.Rider.Editor.dll
Symbol file LoadedFromMemory is not a mono symbol file
Symbol file data-0x138740000 doesn't match image /Users/manaralsatrawi/GameDev/Blackwoods-Curse/BlackwoodsCurse/Library/ScriptAssemblies/Unity.PlasticSCM.Editor.dll
Symbol file LoadedFromMemory is not a mono symbol file
Symbol file data-0x1386a8000 doesn't match image /Users/manaralsatrawi/GameDev/Blackwoods-Curse/BlackwoodsCurse/Library/ScriptAssemblies/Unity.TestTools.CodeCoverage.Editor.dll
Symbol file LoadedFromMemory is not a mono symbol file
Symbol file data-0x1387a0000 doesn't match image /Users/manaralsatrawi/GameDev/Blackwoods-Curse/BlackwoodsCurse/Library/ScriptAssemblies/UnityEngine.UI.dll
Symbol file LoadedFromMemory is not a mono symbol file
Symbol file data-0x126e3fc00 doesn't match image /Users/manaralsatrawi/GameDev/Blackwoods-Curse/BlackwoodsCurse/Library/ScriptAssemblies/Unity.InputSystem.TestFramework.dll
Symbol file LoadedFromMemory is not a mono symbol file
Symbol file data-0x126e4c400 doesn't match image /Users/manaralsatrawi/GameDev/Blackwoods-Curse/BlackwoodsCurse/Library/ScriptAssemblies/Unity.VisualScripting.State.dll
Symbol file LoadedFromMemory is not a mono symbol file
Symbol file data-0x138850000 doesn't match image /Users/manaralsatrawi/GameDev/Blackwoods-Curse/BlackwoodsCurse/Library/ScriptAssemblies/Unity.VisualScripting.Core.dll
Symbol file LoadedFromMemory is not a mono symbol file
Symbol file data-0x126e3fc00 doesn't match image /Users/manaralsatrawi/GameDev/Blackwoods-Curse/BlackwoodsCurse/Library/ScriptAssemblies/Unity.EditorCoroutines.Editor.dll
Symbol file LoadedFromMemory is not a mono symbol file
Native extension for OSXStandalone target not found
Refreshing native plugins compatible for Editor in 0.55 ms, found 2 plugins.
Preloading 0 native plugins for Editor in 0.00 ms.
[Package Manager] Server::EnsureServerProcessIsRunning -- launch failed, reason: Unity was launched with the -noUpm command-line argument
[Package Manager] Cannot connect to Unity Package Manager local server
Mono: successfully reloaded assembly
- Completed reload, in  1.180 seconds
Domain Reload Profiling:
	ReloadAssembly (1182ms)
		BeginReloadAssembly (162ms)
			ExecutionOrderSort (0ms)
			DisableScriptedObjects (5ms)
			BackupInstance (0ms)
			ReleaseScriptingObjects (0ms)
			CreateAndSetChildDomain (76ms)
		EndReloadAssembly (949ms)
			LoadAssemblies (68ms)
			RebuildTransferFunctionScriptingTraits (0ms)
			SetupTypeCache (242ms)
			ReleaseScriptCaches (1ms)
			RebuildScriptCaches (44ms)
			SetupLoadedEditorAssemblies (572ms)
				LogAssemblyErrors (0ms)
				InitializePlatformSupportModulesInManaged (3ms)
				SetLoadedEditorAssemblies (0ms)
				RefreshPlugins (1ms)
				BeforeProcessingInitializeOnLoad (40ms)
				ProcessInitializeOnLoadAttributes (517ms)
				ProcessInitializeOnLoadMethodAttributes (10ms)
				AfterProcessingInitializeOnLoad (1ms)
				EditorAssembliesLoaded (0ms)
			ExecutionOrderSort2 (0ms)
			AwakeInstancesAfterBackupRestoration (2ms)
Platform modules already initialized, skipping
Refreshing native plugins compatible for Editor in 0.53 ms, found 2 plugins.
Preloading 0 native plugins for Editor in 0.00 ms.
Unloading 3509 Unused Serialized files (Serialized files now loaded: 0)
Unloading 34 unused Assets / (23.0 KB). Loaded Objects now: 4063.
Memory consumption went from 211.8 MB to 211.8 MB.
Total: 2.370792 ms (FindLiveObjects: 0.145584 ms CreateObjectMapping: 0.046709 ms MarkObjects: 2.137125 ms  DeleteObjects: 0.040417 ms)

AssetImportParameters requested are different than current active one (requested -> active):
  custom:video-decoder-ogg-theora: a1e56fd34408186e4bbccfd4996cb3dc -> 
  custom:container-muxer-webm: aa71ff27fc2769a1b78a27578f13a17b -> 
  custom:container-demuxer-webm: 4f35f7cbe854078d1ac9338744f61a02 -> 
  custom:video-encoder-webm-vp8: eb34c28f22e8b96e1ab97ce403110664 -> 
  custom:framework-osx-AVFoundation: e770b220cccbd017edd2c1fefb359320 -> 
  custom:CustomObjectIndexerAttribute: bc11b3a6c3213fcdd17b65e7da85e133 -> 
  custom:audio-encoder-webm-vorbis: bf7c407c2cedff20999df2af8eb42d56 -> 
  custom:SearchIndexIgnoredProperties: e643bd26f0fe6173181afceb89e7c659 -> 
  custom:container-demuxer-ogg: 62fdf1f143b41e24485cea50d1cbac27 -> 
  custom:video-decoder-webm-vp8: 9c59270c3fd7afecdb556c50c9e8de78 -> 
  custom:audio-decoder-ogg-vorbis: bf7c407c2cedff20999df2af8eb42d56 -> 
========================================================================
Received Prepare
Registering precompiled user dll's ...
Registered in 0.003036 seconds.
Begin MonoManager ReloadAssembly
Thread 0x16d9eb000 may have been prematurely finalized
Symbol file data-0x130180000 doesn't match image /Users/manaralsatrawi/GameDev/Blackwoods-Curse/BlackwoodsCurse/Library/ScriptAssemblies/Unity.VisualScripting.Flow.Editor.dll
Symbol file LoadedFromMemory is not a mono symbol file
Symbol file data-0x124df0200 doesn't match image /Users/manaralsatrawi/GameDev/Blackwoods-Curse/BlackwoodsCurse/Library/ScriptAssemblies/Unity.VSCode.Editor.dll
Symbol file LoadedFromMemory is not a mono symbol file
Symbol file data-0x124ad3c00 doesn't match image /Users/manaralsatrawi/GameDev/Blackwoods-Curse/BlackwoodsCurse/Library/ScriptAssemblies/Unity.VisualScripting.Shared.Editor.dll
Symbol file LoadedFromMemory is not a mono symbol file
Symbol file data-0x1301d8000 doesn't match image /Users/manaralsatrawi/GameDev/Blackwoods-Curse/BlackwoodsCurse/Library/ScriptAssemblies/Unity.TextMeshPro.Editor.dll
Symbol file LoadedFromMemory is not a mono symbol file
Symbol file data-0x130088000 doesn't match image /Users/manaralsatrawi/GameDev/Blackwoods-Curse/BlackwoodsCurse/Library/ScriptAssemblies/Unity.VisualStudio.Editor.dll
Symbol file LoadedFromMemory is not a mono symbol file
Symbol file data-0x130218000 doesn't match image /Users/manaralsatrawi/GameDev/Blackwoods-Curse/BlackwoodsCurse/Library/ScriptAssemblies/Unity.Performance.Profile-Analyzer.Editor.dll
Symbol file LoadedFromMemory is not a mono symbol file
Symbol file data-0x124f22a00 doesn't match image /Users/manaralsatrawi/GameDev/Blackwoods-Curse/BlackwoodsCurse/Library/ScriptAssemblies/Unity.TestTools.CodeCoverage.Editor.OpenCover.Model.dll
Symbol file LoadedFromMemory is not a mono symbol file
Symbol file data-0x124df0200 doesn't match image /Users/manaralsatrawi/GameDev/Blackwoods-Curse/BlackwoodsCurse/Library/ScriptAssemblies/Unity.Settings.Editor.dll
Symbol file LoadedFromMemory is not a mono symbol file
Symbol file data-0x1302f0000 doesn't match image /Users/manaralsatrawi/GameDev/Blackwoods-Curse/BlackwoodsCurse/Library/ScriptAssemblies/Unity.Timeline.Editor.dll
Symbol file LoadedFromMemory is not a mono symbol file
Symbol file data-0x130360000 doesn't match image /Users/manaralsatrawi/GameDev/Blackwoods-Curse/BlackwoodsCurse/Library/ScriptAssemblies/Unity.Timeline.dll
Symbol file LoadedFromMemory is not a mono symbol file
Symbol file data-0x130478000 doesn't match image /Users/manaralsatrawi/GameDev/Blackwoods-Curse/BlackwoodsCurse/Library/ScriptAssemblies/Unity.VisualScripting.Core.Editor.dll
Symbol file LoadedFromMemory is not a mono symbol file
Symbol file data-0x1302f0000 doesn't match image /Users/manaralsatrawi/GameDev/Blackwoods-Curse/BlackwoodsCurse/Library/ScriptAssemblies/Unity.TextMeshPro.dll
Symbol file LoadedFromMemory is not a mono symbol file
Symbol file data-0x130360000 doesn't match image /Users/manaralsatrawi/GameDev/Blackwoods-Curse/BlackwoodsCurse/Library/ScriptAssemblies/Unity.VisualScripting.State.Editor.dll
Symbol file LoadedFromMemory is not a mono symbol file
Symbol file data-0x130360000 doesn't match image /Users/manaralsatrawi/GameDev/Blackwoods-Curse/BlackwoodsCurse/Library/ScriptAssemblies/MerryYellow.CodeAssist.Editor.dll
Symbol file LoadedFromMemory is not a mono symbol file
Symbol file data-0x124f22a00 doesn't match image /Users/manaralsatrawi/GameDev/Blackwoods-Curse/BlackwoodsCurse/Library/ScriptAssemblies/Unity.CollabProxy.Editor.dll
Symbol file LoadedFromMemory is not a mono symbol file
Symbol file data-0x124e88c00 doesn't match image /Users/manaralsatrawi/GameDev/Blackwoods-Curse/BlackwoodsCurse/Library/ScriptAssemblies/Unity.InputSystem.ForUI.dll
Symbol file LoadedFromMemory is not a mono symbol file
Symbol file data-0x124f22a00 doesn't match image /Users/manaralsatrawi/GameDev/Blackwoods-Curse/BlackwoodsCurse/Library/ScriptAssemblies/Unity.VisualScripting.SettingsProvider.Editor.dll
Symbol file LoadedFromMemory is not a mono symbol file
Symbol file data-0x124f22a00 doesn't match image /Users/manaralsatrawi/GameDev/Blackwoods-Curse/BlackwoodsCurse/Library/ScriptAssemblies/Unity.TestTools.CodeCoverage.Editor.OpenCover.Mono.Reflection.dll
Symbol file LoadedFromMemory is not a mono symbol file
Symbol file data-0x130588000 doesn't match image /Users/manaralsatrawi/GameDev/Blackwoods-Curse/BlackwoodsCurse/Library/ScriptAssemblies/Unity.VisualScripting.Flow.dll
Symbol file LoadedFromMemory is not a mono symbol file
Symbol file data-0x1304c0000 doesn't match image /Users/manaralsatrawi/GameDev/Blackwoods-Curse/BlackwoodsCurse/Library/ScriptAssemblies/UnityEditor.UI.dll
Symbol file LoadedFromMemory is not a mono symbol file
Symbol file data-0x1306f8000 doesn't match image /Users/manaralsatrawi/GameDev/Blackwoods-Curse/BlackwoodsCurse/Library/ScriptAssemblies/Unity.InputSystem.dll
Symbol file LoadedFromMemory is not a mono symbol file
Symbol file data-0x1304c0000 doesn't match image /Users/manaralsatrawi/GameDev/Blackwoods-Curse/BlackwoodsCurse/Library/ScriptAssemblies/Unity.Rider.Editor.dll
Symbol file LoadedFromMemory is not a mono symbol file
Symbol file data-0x1306f8000 doesn't match image /Users/manaralsatrawi/GameDev/Blackwoods-Curse/BlackwoodsCurse/Library/ScriptAssemblies/Unity.PlasticSCM.Editor.dll
Symbol file LoadedFromMemory is not a mono symbol file
Symbol file data-0x1304c0000 doesn't match image /Users/manaralsatrawi/GameDev/Blackwoods-Curse/BlackwoodsCurse/Library/ScriptAssemblies/Unity.TestTools.CodeCoverage.Editor.dll
Symbol file LoadedFromMemory is not a mono symbol file
Symbol file data-0x130818000 doesn't match image /Users/manaralsatrawi/GameDev/Blackwoods-Curse/BlackwoodsCurse/Library/ScriptAssemblies/UnityEngine.UI.dll
Symbol file LoadedFromMemory is not a mono symbol file
Symbol file data-0x124f22a00 doesn't match image /Users/manaralsatrawi/GameDev/Blackwoods-Curse/BlackwoodsCurse/Library/ScriptAssemblies/Unity.InputSystem.TestFramework.dll
Symbol file LoadedFromMemory is not a mono symbol file
Symbol file data-0x124f04400 doesn't match image /Users/manaralsatrawi/GameDev/Blackwoods-Curse/BlackwoodsCurse/Library/ScriptAssemblies/Unity.VisualScripting.State.dll
Symbol file LoadedFromMemory is not a mono symbol file
Symbol file data-0x1308c8000 doesn't match image /Users/manaralsatrawi/GameDev/Blackwoods-Curse/BlackwoodsCurse/Library/ScriptAssemblies/Unity.VisualScripting.Core.dll
Symbol file LoadedFromMemory is not a mono symbol file
Symbol file data-0x124f22a00 doesn't match image /Users/manaralsatrawi/GameDev/Blackwoods-Curse/BlackwoodsCurse/Library/ScriptAssemblies/Unity.EditorCoroutines.Editor.dll
Symbol file LoadedFromMemory is not a mono symbol file
Native extension for OSXStandalone target not found
Refreshing native plugins compatible for Editor in 0.59 ms, found 2 plugins.
Preloading 0 native plugins for Editor in 0.00 ms.
[Package Manager] Server::EnsureServerProcessIsRunning -- launch failed, reason: Unity was launched with the -noUpm command-line argument
[Package Manager] Cannot connect to Unity Package Manager local server
Mono: successfully reloaded assembly
- Completed reload, in  1.130 seconds
Domain Reload Profiling:
	ReloadAssembly (1130ms)
		BeginReloadAssembly (111ms)
			ExecutionOrderSort (0ms)
			DisableScriptedObjects (3ms)
			BackupInstance (0ms)
			ReleaseScriptingObjects (0ms)
			CreateAndSetChildDomain (46ms)
		EndReloadAssembly (953ms)
			LoadAssemblies (49ms)
			RebuildTransferFunctionScriptingTraits (0ms)
			SetupTypeCache (256ms)
			ReleaseScriptCaches (2ms)
			RebuildScriptCaches (43ms)
			SetupLoadedEditorAssemblies (575ms)
				LogAssemblyErrors (0ms)
				InitializePlatformSupportModulesInManaged (3ms)
				SetLoadedEditorAssemblies (0ms)
				RefreshPlugins (1ms)
				BeforeProcessingInitializeOnLoad (43ms)
				ProcessInitializeOnLoadAttributes (517ms)
				ProcessInitializeOnLoadMethodAttributes (10ms)
				AfterProcessingInitializeOnLoad (1ms)
				EditorAssembliesLoaded (0ms)
			ExecutionOrderSort2 (0ms)
			AwakeInstancesAfterBackupRestoration (2ms)
Platform modules already initialized, skipping
Refreshing native plugins compatible for Editor in 0.51 ms, found 2 plugins.
Preloading 0 native plugins for Editor in 0.00 ms.
Unloading 3509 Unused Serialized files (Serialized files now loaded: 0)
Unloading 34 unused Assets / (22.0 KB). Loaded Objects now: 4066.
Memory consumption went from 211.8 MB to 211.8 MB.
Total: 2.259083 ms (FindLiveObjects: 0.130833 ms CreateObjectMapping: 0.065250 ms MarkObjects: 2.027917 ms  DeleteObjects: 0.034667 ms)

AssetImportParameters requested are different than current active one (requested -> active):
  custom:video-decoder-ogg-theora: a1e56fd34408186e4bbccfd4996cb3dc -> 
  custom:container-muxer-webm: aa71ff27fc2769a1b78a27578f13a17b -> 
  custom:container-demuxer-webm: 4f35f7cbe854078d1ac9338744f61a02 -> 
  custom:video-encoder-webm-vp8: eb34c28f22e8b96e1ab97ce403110664 -> 
  custom:framework-osx-AVFoundation: e770b220cccbd017edd2c1fefb359320 -> 
  custom:CustomObjectIndexerAttribute: bc11b3a6c3213fcdd17b65e7da85e133 -> 
  custom:audio-encoder-webm-vorbis: bf7c407c2cedff20999df2af8eb42d56 -> 
  custom:SearchIndexIgnoredProperties: e643bd26f0fe6173181afceb89e7c659 -> 
  custom:container-demuxer-ogg: 62fdf1f143b41e24485cea50d1cbac27 -> 
  custom:video-decoder-webm-vp8: 9c59270c3fd7afecdb556c50c9e8de78 -> 
  custom:audio-decoder-ogg-vorbis: bf7c407c2cedff20999df2af8eb42d56 -> 
========================================================================
Received Prepare
Registering precompiled user dll's ...
Registered in 0.003154 seconds.
Begin MonoManager ReloadAssembly
Thread 0x16d9eb000 may have been prematurely finalized
Symbol file data-0x130b68000 doesn't match image /Users/manaralsatrawi/GameDev/Blackwoods-Curse/BlackwoodsCurse/Library/ScriptAssemblies/Unity.VisualScripting.Flow.Editor.dll
Symbol file LoadedFromMemory is not a mono symbol file
Symbol file data-0x124df0200 doesn't match image /Users/manaralsatrawi/GameDev/Blackwoods-Curse/BlackwoodsCurse/Library/ScriptAssemblies/Unity.VSCode.Editor.dll
Symbol file LoadedFromMemory is not a mono symbol file
Symbol file data-0x124ae9400 doesn't match image /Users/manaralsatrawi/GameDev/Blackwoods-Curse/BlackwoodsCurse/Library/ScriptAssemblies/Unity.VisualScripting.Shared.Editor.dll
Symbol file LoadedFromMemory is not a mono symbol file
Symbol file data-0x130bc0000 doesn't match image /Users/manaralsatrawi/GameDev/Blackwoods-Curse/BlackwoodsCurse/Library/ScriptAssemblies/Unity.TextMeshPro.Editor.dll
Symbol file LoadedFromMemory is not a mono symbol file
Symbol file data-0x130bd8000 doesn't match image /Users/manaralsatrawi/GameDev/Blackwoods-Curse/BlackwoodsCurse/Library/ScriptAssemblies/Unity.VisualStudio.Editor.dll
Symbol file LoadedFromMemory is not a mono symbol file
Symbol file data-0x130c28000 doesn't match image /Users/manaralsatrawi/GameDev/Blackwoods-Curse/BlackwoodsCurse/Library/ScriptAssemblies/Unity.Performance.Profile-Analyzer.Editor.dll
Symbol file LoadedFromMemory is not a mono symbol file
Symbol file data-0x124f22a00 doesn't match image /Users/manaralsatrawi/GameDev/Blackwoods-Curse/BlackwoodsCurse/Library/ScriptAssemblies/Unity.TestTools.CodeCoverage.Editor.OpenCover.Model.dll
Symbol file LoadedFromMemory is not a mono symbol file
Symbol file data-0x124df0200 doesn't match image /Users/manaralsatrawi/GameDev/Blackwoods-Curse/BlackwoodsCurse/Library/ScriptAssemblies/Unity.Settings.Editor.dll
Symbol file LoadedFromMemory is not a mono symbol file
Symbol file data-0x130cf0000 doesn't match image /Users/manaralsatrawi/GameDev/Blackwoods-Curse/BlackwoodsCurse/Library/ScriptAssemblies/Unity.Timeline.Editor.dll
Symbol file LoadedFromMemory is not a mono symbol file
Symbol file data-0x130d60000 doesn't match image /Users/manaralsatrawi/GameDev/Blackwoods-Curse/BlackwoodsCurse/Library/ScriptAssemblies/Unity.Timeline.dll
Symbol file LoadedFromMemory is not a mono symbol file
Symbol file data-0x130e78000 doesn't match image /Users/manaralsatrawi/GameDev/Blackwoods-Curse/BlackwoodsCurse/Library/ScriptAssemblies/Unity.VisualScripting.Core.Editor.dll
Symbol file LoadedFromMemory is not a mono symbol file
Symbol file data-0x130cf0000 doesn't match image /Users/manaralsatrawi/GameDev/Blackwoods-Curse/BlackwoodsCurse/Library/ScriptAssemblies/Unity.TextMeshPro.dll
Symbol file LoadedFromMemory is not a mono symbol file
Symbol file data-0x130d60000 doesn't match image /Users/manaralsatrawi/GameDev/Blackwoods-Curse/BlackwoodsCurse/Library/ScriptAssemblies/Unity.VisualScripting.State.Editor.dll
Symbol file LoadedFromMemory is not a mono symbol file
Symbol file data-0x130d60000 doesn't match image /Users/manaralsatrawi/GameDev/Blackwoods-Curse/BlackwoodsCurse/Library/ScriptAssemblies/MerryYellow.CodeAssist.Editor.dll
Symbol file LoadedFromMemory is not a mono symbol file
Symbol file data-0x124f22a00 doesn't match image /Users/manaralsatrawi/GameDev/Blackwoods-Curse/BlackwoodsCurse/Library/ScriptAssemblies/Unity.CollabProxy.Editor.dll
Symbol file LoadedFromMemory is not a mono symbol file
Symbol file data-0x124e88c00 doesn't match image /Users/manaralsatrawi/GameDev/Blackwoods-Curse/BlackwoodsCurse/Library/ScriptAssemblies/Unity.InputSystem.ForUI.dll
Symbol file LoadedFromMemory is not a mono symbol file
Symbol file data-0x124f22a00 doesn't match image /Users/manaralsatrawi/GameDev/Blackwoods-Curse/BlackwoodsCurse/Library/ScriptAssemblies/Unity.VisualScripting.SettingsProvider.Editor.dll
Symbol file LoadedFromMemory is not a mono symbol file
Symbol file data-0x124f22a00 doesn't match image /Users/manaralsatrawi/GameDev/Blackwoods-Curse/BlackwoodsCurse/Library/ScriptAssemblies/Unity.TestTools.CodeCoverage.Editor.OpenCover.Mono.Reflection.dll
Symbol file LoadedFromMemory is not a mono symbol file
Symbol file data-0x130f88000 doesn't match image /Users/manaralsatrawi/GameDev/Blackwoods-Curse/BlackwoodsCurse/Library/ScriptAssemblies/Unity.VisualScripting.Flow.dll
Symbol file LoadedFromMemory is not a mono symbol file
Symbol file data-0x130ec0000 doesn't match image /Users/manaralsatrawi/GameDev/Blackwoods-Curse/BlackwoodsCurse/Library/ScriptAssemblies/UnityEditor.UI.dll
Symbol file LoadedFromMemory is not a mono symbol file
Symbol file data-0x1310f8000 doesn't match image /Users/manaralsatrawi/GameDev/Blackwoods-Curse/BlackwoodsCurse/Library/ScriptAssemblies/Unity.InputSystem.dll
Symbol file LoadedFromMemory is not a mono symbol file
Symbol file data-0x130ec0000 doesn't match image /Users/manaralsatrawi/GameDev/Blackwoods-Curse/BlackwoodsCurse/Library/ScriptAssemblies/Unity.Rider.Editor.dll
Symbol file LoadedFromMemory is not a mono symbol file
Symbol file data-0x1310f8000 doesn't match image /Users/manaralsatrawi/GameDev/Blackwoods-Curse/BlackwoodsCurse/Library/ScriptAssemblies/Unity.PlasticSCM.Editor.dll
Symbol file LoadedFromMemory is not a mono symbol file
Symbol file data-0x130ec0000 doesn't match image /Users/manaralsatrawi/GameDev/Blackwoods-Curse/BlackwoodsCurse/Library/ScriptAssemblies/Unity.TestTools.CodeCoverage.Editor.dll
Symbol file LoadedFromMemory is not a mono symbol file
Symbol file data-0x131218000 doesn't match image /Users/manaralsatrawi/GameDev/Blackwoods-Curse/BlackwoodsCurse/Library/ScriptAssemblies/UnityEngine.UI.dll
Symbol file LoadedFromMemory is not a mono symbol file
Symbol file data-0x124f22a00 doesn't match image /Users/manaralsatrawi/GameDev/Blackwoods-Curse/BlackwoodsCurse/Library/ScriptAssemblies/Unity.InputSystem.TestFramework.dll
Symbol file LoadedFromMemory is not a mono symbol file
Symbol file data-0x124f04400 doesn't match image /Users/manaralsatrawi/GameDev/Blackwoods-Curse/BlackwoodsCurse/Library/ScriptAssemblies/Unity.VisualScripting.State.dll
Symbol file LoadedFromMemory is not a mono symbol file
Symbol file data-0x1312c8000 doesn't match image /Users/manaralsatrawi/GameDev/Blackwoods-Curse/BlackwoodsCurse/Library/ScriptAssemblies/Unity.VisualScripting.Core.dll
Symbol file LoadedFromMemory is not a mono symbol file
Symbol file data-0x124f22a00 doesn't match image /Users/manaralsatrawi/GameDev/Blackwoods-Curse/BlackwoodsCurse/Library/ScriptAssemblies/Unity.EditorCoroutines.Editor.dll
Symbol file LoadedFromMemory is not a mono symbol file
Native extension for OSXStandalone target not found
Refreshing native plugins compatible for Editor in 0.75 ms, found 2 plugins.
Preloading 0 native plugins for Editor in 0.00 ms.
[Package Manager] Server::EnsureServerProcessIsRunning -- launch failed, reason: Unity was launched with the -noUpm command-line argument
[Package Manager] Cannot connect to Unity Package Manager local server
Mono: successfully reloaded assembly
- Completed reload, in  1.184 seconds
Domain Reload Profiling:
	ReloadAssembly (1185ms)
		BeginReloadAssembly (124ms)
			ExecutionOrderSort (0ms)
			DisableScriptedObjects (4ms)
			BackupInstance (0ms)
			ReleaseScriptingObjects (0ms)
			CreateAndSetChildDomain (53ms)
		EndReloadAssembly (990ms)
			LoadAssemblies (53ms)
			RebuildTransferFunctionScriptingTraits (0ms)
			SetupTypeCache (282ms)
			ReleaseScriptCaches (3ms)
			RebuildScriptCaches (36ms)
			SetupLoadedEditorAssemblies (589ms)
				LogAssemblyErrors (0ms)
				InitializePlatformSupportModulesInManaged (3ms)
				SetLoadedEditorAssemblies (0ms)
				RefreshPlugins (1ms)
				BeforeProcessingInitializeOnLoad (49ms)
				ProcessInitializeOnLoadAttributes (525ms)
				ProcessInitializeOnLoadMethodAttributes (11ms)
				AfterProcessingInitializeOnLoad (1ms)
				EditorAssembliesLoaded (0ms)
			ExecutionOrderSort2 (0ms)
			AwakeInstancesAfterBackupRestoration (2ms)
Platform modules already initialized, skipping
Refreshing native plugins compatible for Editor in 0.52 ms, found 2 plugins.
Preloading 0 native plugins for Editor in 0.00 ms.
Unloading 3509 Unused Serialized files (Serialized files now loaded: 0)
Unloading 34 unused Assets / (21.9 KB). Loaded Objects now: 4069.
Memory consumption went from 211.8 MB to 211.8 MB.
Total: 2.267375 ms (FindLiveObjects: 0.151250 ms CreateObjectMapping: 0.056667 ms MarkObjects: 2.040625 ms  DeleteObjects: 0.018042 ms)

AssetImportParameters requested are different than current active one (requested -> active):
  custom:video-decoder-ogg-theora: a1e56fd34408186e4bbccfd4996cb3dc -> 
  custom:container-muxer-webm: aa71ff27fc2769a1b78a27578f13a17b -> 
  custom:container-demuxer-webm: 4f35f7cbe854078d1ac9338744f61a02 -> 
  custom:video-encoder-webm-vp8: eb34c28f22e8b96e1ab97ce403110664 -> 
  custom:framework-osx-AVFoundation: e770b220cccbd017edd2c1fefb359320 -> 
  custom:CustomObjectIndexerAttribute: bc11b3a6c3213fcdd17b65e7da85e133 -> 
  custom:audio-encoder-webm-vorbis: bf7c407c2cedff20999df2af8eb42d56 -> 
  custom:SearchIndexIgnoredProperties: e643bd26f0fe6173181afceb89e7c659 -> 
  custom:container-demuxer-ogg: 62fdf1f143b41e24485cea50d1cbac27 -> 
  custom:video-decoder-webm-vp8: 9c59270c3fd7afecdb556c50c9e8de78 -> 
  custom:audio-decoder-ogg-vorbis: bf7c407c2cedff20999df2af8eb42d56 -> 
========================================================================
Received Prepare
Registering precompiled user dll's ...
Registered in 0.003166 seconds.
Begin MonoManager ReloadAssembly
Thread 0x16d9eb000 may have been prematurely finalized
Symbol file data-0x1390f0000 doesn't match image /Users/manaralsatrawi/GameDev/Blackwoods-Curse/BlackwoodsCurse/Library/ScriptAssemblies/Unity.VisualScripting.Flow.Editor.dll
Symbol file LoadedFromMemory is not a mono symbol file
Symbol file data-0x124f04400 doesn't match image /Users/manaralsatrawi/GameDev/Blackwoods-Curse/BlackwoodsCurse/Library/ScriptAssemblies/Unity.VSCode.Editor.dll
Symbol file LoadedFromMemory is not a mono symbol file
Symbol file data-0x124df2200 doesn't match image /Users/manaralsatrawi/GameDev/Blackwoods-Curse/BlackwoodsCurse/Library/ScriptAssemblies/Unity.VisualScripting.Shared.Editor.dll
Symbol file LoadedFromMemory is not a mono symbol file
Symbol file data-0x139148000 doesn't match image /Users/manaralsatrawi/GameDev/Blackwoods-Curse/BlackwoodsCurse/Library/ScriptAssemblies/Unity.TextMeshPro.Editor.dll
Symbol file LoadedFromMemory is not a mono symbol file
Symbol file data-0x139160000 doesn't match image /Users/manaralsatrawi/GameDev/Blackwoods-Curse/BlackwoodsCurse/Library/ScriptAssemblies/Unity.VisualStudio.Editor.dll
Symbol file LoadedFromMemory is not a mono symbol file
Symbol file data-0x1391b0000 doesn't match image /Users/manaralsatrawi/GameDev/Blackwoods-Curse/BlackwoodsCurse/Library/ScriptAssemblies/Unity.Performance.Profile-Analyzer.Editor.dll
Symbol file LoadedFromMemory is not a mono symbol file
Symbol file data-0x124ad3c00 doesn't match image /Users/manaralsatrawi/GameDev/Blackwoods-Curse/BlackwoodsCurse/Library/ScriptAssemblies/Unity.TestTools.CodeCoverage.Editor.OpenCover.Model.dll
Symbol file LoadedFromMemory is not a mono symbol file
Symbol file data-0x124f04400 doesn't match image /Users/manaralsatrawi/GameDev/Blackwoods-Curse/BlackwoodsCurse/Library/ScriptAssemblies/Unity.Settings.Editor.dll
Symbol file LoadedFromMemory is not a mono symbol file
Symbol file data-0x139278000 doesn't match image /Users/manaralsatrawi/GameDev/Blackwoods-Curse/BlackwoodsCurse/Library/ScriptAssemblies/Unity.Timeline.Editor.dll
Symbol file LoadedFromMemory is not a mono symbol file
Symbol file data-0x1392e8000 doesn't match image /Users/manaralsatrawi/GameDev/Blackwoods-Curse/BlackwoodsCurse/Library/ScriptAssemblies/Unity.Timeline.dll
Symbol file LoadedFromMemory is not a mono symbol file
Symbol file data-0x139400000 doesn't match image /Users/manaralsatrawi/GameDev/Blackwoods-Curse/BlackwoodsCurse/Library/ScriptAssemblies/Unity.VisualScripting.Core.Editor.dll
Symbol file LoadedFromMemory is not a mono symbol file
Symbol file data-0x139278000 doesn't match image /Users/manaralsatrawi/GameDev/Blackwoods-Curse/BlackwoodsCurse/Library/ScriptAssemblies/Unity.TextMeshPro.dll
Symbol file LoadedFromMemory is not a mono symbol file
Symbol file data-0x1392e8000 doesn't match image /Users/manaralsatrawi/GameDev/Blackwoods-Curse/BlackwoodsCurse/Library/ScriptAssemblies/Unity.VisualScripting.State.Editor.dll
Symbol file LoadedFromMemory is not a mono symbol file
Symbol file data-0x1392e8000 doesn't match image /Users/manaralsatrawi/GameDev/Blackwoods-Curse/BlackwoodsCurse/Library/ScriptAssemblies/MerryYellow.CodeAssist.Editor.dll
Symbol file LoadedFromMemory is not a mono symbol file
Symbol file data-0x124b6a200 doesn't match image /Users/manaralsatrawi/GameDev/Blackwoods-Curse/BlackwoodsCurse/Library/ScriptAssemblies/Unity.CollabProxy.Editor.dll
Symbol file LoadedFromMemory is not a mono symbol file
Symbol file data-0x124ad3c00 doesn't match image /Users/manaralsatrawi/GameDev/Blackwoods-Curse/BlackwoodsCurse/Library/ScriptAssemblies/Unity.InputSystem.ForUI.dll
Symbol file LoadedFromMemory is not a mono symbol file
Symbol file data-0x124ad3c00 doesn't match image /Users/manaralsatrawi/GameDev/Blackwoods-Curse/BlackwoodsCurse/Library/ScriptAssemblies/Unity.VisualScripting.SettingsProvider.Editor.dll
Symbol file LoadedFromMemory is not a mono symbol file
Symbol file data-0x124ad3c00 doesn't match image /Users/manaralsatrawi/GameDev/Blackwoods-Curse/BlackwoodsCurse/Library/ScriptAssemblies/Unity.TestTools.CodeCoverage.Editor.OpenCover.Mono.Reflection.dll
Symbol file LoadedFromMemory is not a mono symbol file
Symbol file data-0x139510000 doesn't match image /Users/manaralsatrawi/GameDev/Blackwoods-Curse/BlackwoodsCurse/Library/ScriptAssemblies/Unity.VisualScripting.Flow.dll
Symbol file LoadedFromMemory is not a mono symbol file
Symbol file data-0x139448000 doesn't match image /Users/manaralsatrawi/GameDev/Blackwoods-Curse/BlackwoodsCurse/Library/ScriptAssemblies/UnityEditor.UI.dll
Symbol file LoadedFromMemory is not a mono symbol file
Symbol file data-0x139680000 doesn't match image /Users/manaralsatrawi/GameDev/Blackwoods-Curse/BlackwoodsCurse/Library/ScriptAssemblies/Unity.InputSystem.dll
Symbol file LoadedFromMemory is not a mono symbol file
Symbol file data-0x139448000 doesn't match image /Users/manaralsatrawi/GameDev/Blackwoods-Curse/BlackwoodsCurse/Library/ScriptAssemblies/Unity.Rider.Editor.dll
Symbol file LoadedFromMemory is not a mono symbol file
Symbol file data-0x139680000 doesn't match image /Users/manaralsatrawi/GameDev/Blackwoods-Curse/BlackwoodsCurse/Library/ScriptAssemblies/Unity.PlasticSCM.Editor.dll
Symbol file LoadedFromMemory is not a mono symbol file
Symbol file data-0x139448000 doesn't match image /Users/manaralsatrawi/GameDev/Blackwoods-Curse/BlackwoodsCurse/Library/ScriptAssemblies/Unity.TestTools.CodeCoverage.Editor.dll
Symbol file LoadedFromMemory is not a mono symbol file
Symbol file data-0x1397a0000 doesn't match image /Users/manaralsatrawi/GameDev/Blackwoods-Curse/BlackwoodsCurse/Library/ScriptAssemblies/UnityEngine.UI.dll
Symbol file LoadedFromMemory is not a mono symbol file
Symbol file data-0x124ad3c00 doesn't match image /Users/manaralsatrawi/GameDev/Blackwoods-Curse/BlackwoodsCurse/Library/ScriptAssemblies/Unity.InputSystem.TestFramework.dll
Symbol file LoadedFromMemory is not a mono symbol file
Symbol file data-0x124ed8600 doesn't match image /Users/manaralsatrawi/GameDev/Blackwoods-Curse/BlackwoodsCurse/Library/ScriptAssemblies/Unity.VisualScripting.State.dll
Symbol file LoadedFromMemory is not a mono symbol file
Symbol file data-0x139850000 doesn't match image /Users/manaralsatrawi/GameDev/Blackwoods-Curse/BlackwoodsCurse/Library/ScriptAssemblies/Unity.VisualScripting.Core.dll
Symbol file LoadedFromMemory is not a mono symbol file
Symbol file data-0x124ad3c00 doesn't match image /Users/manaralsatrawi/GameDev/Blackwoods-Curse/BlackwoodsCurse/Library/ScriptAssemblies/Unity.EditorCoroutines.Editor.dll
Symbol file LoadedFromMemory is not a mono symbol file
Native extension for OSXStandalone target not found
Refreshing native plugins compatible for Editor in 0.69 ms, found 2 plugins.
Preloading 0 native plugins for Editor in 0.00 ms.
[Package Manager] Server::EnsureServerProcessIsRunning -- launch failed, reason: Unity was launched with the -noUpm command-line argument
[Package Manager] Cannot connect to Unity Package Manager local server
Mono: successfully reloaded assembly
- Completed reload, in  1.216 seconds
Domain Reload Profiling:
	ReloadAssembly (1217ms)
		BeginReloadAssembly (119ms)
			ExecutionOrderSort (0ms)
			DisableScriptedObjects (4ms)
			BackupInstance (0ms)
			ReleaseScriptingObjects (0ms)
			CreateAndSetChildDomain (45ms)
		EndReloadAssembly (1027ms)
			LoadAssemblies (52ms)
			RebuildTransferFunctionScriptingTraits (0ms)
			SetupTypeCache (306ms)
			ReleaseScriptCaches (1ms)
			RebuildScriptCaches (39ms)
			SetupLoadedEditorAssemblies (599ms)
				LogAssemblyErrors (0ms)
				InitializePlatformSupportModulesInManaged (3ms)
				SetLoadedEditorAssemblies (0ms)
				RefreshPlugins (1ms)
				BeforeProcessingInitializeOnLoad (48ms)
				ProcessInitializeOnLoadAttributes (536ms)
				ProcessInitializeOnLoadMethodAttributes (11ms)
				AfterProcessingInitializeOnLoad (1ms)
				EditorAssembliesLoaded (0ms)
			ExecutionOrderSort2 (0ms)
			AwakeInstancesAfterBackupRestoration (2ms)
Platform modules already initialized, skipping
Refreshing native plugins compatible for Editor in 0.50 ms, found 2 plugins.
Preloading 0 native plugins for Editor in 0.00 ms.
Unloading 3509 Unused Serialized files (Serialized files now loaded: 0)
Unloading 34 unused Assets / (22.0 KB). Loaded Objects now: 4072.
Memory consumption went from 211.9 MB to 211.8 MB.
Total: 2.322709 ms (FindLiveObjects: 0.151458 ms CreateObjectMapping: 0.046291 ms MarkObjects: 2.097542 ms  DeleteObjects: 0.026417 ms)

AssetImportParameters requested are different than current active one (requested -> active):
  custom:video-decoder-ogg-theora: a1e56fd34408186e4bbccfd4996cb3dc -> 
  custom:container-muxer-webm: aa71ff27fc2769a1b78a27578f13a17b -> 
  custom:container-demuxer-webm: 4f35f7cbe854078d1ac9338744f61a02 -> 
  custom:video-encoder-webm-vp8: eb34c28f22e8b96e1ab97ce403110664 -> 
  custom:framework-osx-AVFoundation: e770b220cccbd017edd2c1fefb359320 -> 
  custom:CustomObjectIndexerAttribute: bc11b3a6c3213fcdd17b65e7da85e133 -> 
  custom:audio-encoder-webm-vorbis: bf7c407c2cedff20999df2af8eb42d56 -> 
  custom:SearchIndexIgnoredProperties: e643bd26f0fe6173181afceb89e7c659 -> 
  custom:container-demuxer-ogg: 62fdf1f143b41e24485cea50d1cbac27 -> 
  custom:video-decoder-webm-vp8: 9c59270c3fd7afecdb556c50c9e8de78 -> 
  custom:audio-decoder-ogg-vorbis: bf7c407c2cedff20999df2af8eb42d56 -> 
========================================================================
Received Prepare
Registering precompiled user dll's ...
Registered in 0.002664 seconds.
Begin MonoManager ReloadAssembly
Thread 0x16d9eb000 may have been prematurely finalized
Symbol file data-0x139180000 doesn't match image /Users/manaralsatrawi/GameDev/Blackwoods-Curse/BlackwoodsCurse/Library/ScriptAssemblies/Unity.VisualScripting.Flow.Editor.dll
Symbol file LoadedFromMemory is not a mono symbol file
Symbol file data-0x3224e1c00 doesn't match image /Users/manaralsatrawi/GameDev/Blackwoods-Curse/BlackwoodsCurse/Library/ScriptAssemblies/Unity.VSCode.Editor.dll
Symbol file LoadedFromMemory is not a mono symbol file
Symbol file data-0x3224eba00 doesn't match image /Users/manaralsatrawi/GameDev/Blackwoods-Curse/BlackwoodsCurse/Library/ScriptAssemblies/Unity.VisualScripting.Shared.Editor.dll
Symbol file LoadedFromMemory is not a mono symbol file
Symbol file data-0x1391d8000 doesn't match image /Users/manaralsatrawi/GameDev/Blackwoods-Curse/BlackwoodsCurse/Library/ScriptAssemblies/Unity.TextMeshPro.Editor.dll
Symbol file LoadedFromMemory is not a mono symbol file
Symbol file data-0x1391f0000 doesn't match image /Users/manaralsatrawi/GameDev/Blackwoods-Curse/BlackwoodsCurse/Library/ScriptAssemblies/Unity.VisualStudio.Editor.dll
Symbol file LoadedFromMemory is not a mono symbol file
Symbol file data-0x139240000 doesn't match image /Users/manaralsatrawi/GameDev/Blackwoods-Curse/BlackwoodsCurse/Library/ScriptAssemblies/Unity.Performance.Profile-Analyzer.Editor.dll
Symbol file LoadedFromMemory is not a mono symbol file
Symbol file data-0x3224f1600 doesn't match image /Users/manaralsatrawi/GameDev/Blackwoods-Curse/BlackwoodsCurse/Library/ScriptAssemblies/Unity.TestTools.CodeCoverage.Editor.OpenCover.Model.dll
Symbol file LoadedFromMemory is not a mono symbol file
Symbol file data-0x3224c8400 doesn't match image /Users/manaralsatrawi/GameDev/Blackwoods-Curse/BlackwoodsCurse/Library/ScriptAssemblies/Unity.Settings.Editor.dll
Symbol file LoadedFromMemory is not a mono symbol file
Symbol file data-0x139308000 doesn't match image /Users/manaralsatrawi/GameDev/Blackwoods-Curse/BlackwoodsCurse/Library/ScriptAssemblies/Unity.Timeline.Editor.dll
Symbol file LoadedFromMemory is not a mono symbol file
Symbol file data-0x139378000 doesn't match image /Users/manaralsatrawi/GameDev/Blackwoods-Curse/BlackwoodsCurse/Library/ScriptAssemblies/Unity.Timeline.dll
Symbol file LoadedFromMemory is not a mono symbol file
Symbol file data-0x139490000 doesn't match image /Users/manaralsatrawi/GameDev/Blackwoods-Curse/BlackwoodsCurse/Library/ScriptAssemblies/Unity.VisualScripting.Core.Editor.dll
Symbol file LoadedFromMemory is not a mono symbol file
Symbol file data-0x139308000 doesn't match image /Users/manaralsatrawi/GameDev/Blackwoods-Curse/BlackwoodsCurse/Library/ScriptAssemblies/Unity.TextMeshPro.dll
Symbol file LoadedFromMemory is not a mono symbol file
Symbol file data-0x139378000 doesn't match image /Users/manaralsatrawi/GameDev/Blackwoods-Curse/BlackwoodsCurse/Library/ScriptAssemblies/Unity.VisualScripting.State.Editor.dll
Symbol file LoadedFromMemory is not a mono symbol file
Symbol file data-0x139378000 doesn't match image /Users/manaralsatrawi/GameDev/Blackwoods-Curse/BlackwoodsCurse/Library/ScriptAssemblies/MerryYellow.CodeAssist.Editor.dll
Symbol file LoadedFromMemory is not a mono symbol file
Symbol file data-0x3224c8400 doesn't match image /Users/manaralsatrawi/GameDev/Blackwoods-Curse/BlackwoodsCurse/Library/ScriptAssemblies/Unity.CollabProxy.Editor.dll
Symbol file LoadedFromMemory is not a mono symbol file
Symbol file data-0x3224f1600 doesn't match image /Users/manaralsatrawi/GameDev/Blackwoods-Curse/BlackwoodsCurse/Library/ScriptAssemblies/Unity.InputSystem.ForUI.dll
Symbol file LoadedFromMemory is not a mono symbol file
Symbol file data-0x3224f5200 doesn't match image /Users/manaralsatrawi/GameDev/Blackwoods-Curse/BlackwoodsCurse/Library/ScriptAssemblies/Unity.VisualScripting.SettingsProvider.Editor.dll
Symbol file LoadedFromMemory is not a mono symbol file
Symbol file data-0x3224f5200 doesn't match image /Users/manaralsatrawi/GameDev/Blackwoods-Curse/BlackwoodsCurse/Library/ScriptAssemblies/Unity.TestTools.CodeCoverage.Editor.OpenCover.Mono.Reflection.dll
Symbol file LoadedFromMemory is not a mono symbol file
Symbol file data-0x1395a0000 doesn't match image /Users/manaralsatrawi/GameDev/Blackwoods-Curse/BlackwoodsCurse/Library/ScriptAssemblies/Unity.VisualScripting.Flow.dll
Symbol file LoadedFromMemory is not a mono symbol file
Symbol file data-0x1394d8000 doesn't match image /Users/manaralsatrawi/GameDev/Blackwoods-Curse/BlackwoodsCurse/Library/ScriptAssemblies/UnityEditor.UI.dll
Symbol file LoadedFromMemory is not a mono symbol file
Symbol file data-0x139710000 doesn't match image /Users/manaralsatrawi/GameDev/Blackwoods-Curse/BlackwoodsCurse/Library/ScriptAssemblies/Unity.InputSystem.dll
Symbol file LoadedFromMemory is not a mono symbol file
Symbol file data-0x1394d8000 doesn't match image /Users/manaralsatrawi/GameDev/Blackwoods-Curse/BlackwoodsCurse/Library/ScriptAssemblies/Unity.Rider.Editor.dll
Symbol file LoadedFromMemory is not a mono symbol file
Symbol file data-0x139710000 doesn't match image /Users/manaralsatrawi/GameDev/Blackwoods-Curse/BlackwoodsCurse/Library/ScriptAssemblies/Unity.PlasticSCM.Editor.dll
Symbol file LoadedFromMemory is not a mono symbol file
Symbol file data-0x1394d8000 doesn't match image /Users/manaralsatrawi/GameDev/Blackwoods-Curse/BlackwoodsCurse/Library/ScriptAssemblies/Unity.TestTools.CodeCoverage.Editor.dll
Symbol file LoadedFromMemory is not a mono symbol file
Symbol file data-0x139830000 doesn't match image /Users/manaralsatrawi/GameDev/Blackwoods-Curse/BlackwoodsCurse/Library/ScriptAssemblies/UnityEngine.UI.dll
Symbol file LoadedFromMemory is not a mono symbol file
Symbol file data-0x322517e00 doesn't match image /Users/manaralsatrawi/GameDev/Blackwoods-Curse/BlackwoodsCurse/Library/ScriptAssemblies/Unity.InputSystem.TestFramework.dll
Symbol file LoadedFromMemory is not a mono symbol file
Symbol file data-0x322524600 doesn't match image /Users/manaralsatrawi/GameDev/Blackwoods-Curse/BlackwoodsCurse/Library/ScriptAssemblies/Unity.VisualScripting.State.dll
Symbol file LoadedFromMemory is not a mono symbol file
Symbol file data-0x1398e0000 doesn't match image /Users/manaralsatrawi/GameDev/Blackwoods-Curse/BlackwoodsCurse/Library/ScriptAssemblies/Unity.VisualScripting.Core.dll
Symbol file LoadedFromMemory is not a mono symbol file
Symbol file data-0x322517e00 doesn't match image /Users/manaralsatrawi/GameDev/Blackwoods-Curse/BlackwoodsCurse/Library/ScriptAssemblies/Unity.EditorCoroutines.Editor.dll
Symbol file LoadedFromMemory is not a mono symbol file
Native extension for OSXStandalone target not found
Refreshing native plugins compatible for Editor in 0.74 ms, found 2 plugins.
Preloading 0 native plugins for Editor in 0.00 ms.
[Package Manager] Server::EnsureServerProcessIsRunning -- launch failed, reason: Unity was launched with the -noUpm command-line argument
[Package Manager] Cannot connect to Unity Package Manager local server
Mono: successfully reloaded assembly
- Completed reload, in  1.143 seconds
Domain Reload Profiling:
	ReloadAssembly (1143ms)
		BeginReloadAssembly (136ms)
			ExecutionOrderSort (0ms)
			DisableScriptedObjects (4ms)
			BackupInstance (0ms)
			ReleaseScriptingObjects (0ms)
			CreateAndSetChildDomain (61ms)
		EndReloadAssembly (941ms)
			LoadAssemblies (54ms)
			RebuildTransferFunctionScriptingTraits (0ms)
			SetupTypeCache (258ms)
			ReleaseScriptCaches (1ms)
			RebuildScriptCaches (34ms)
			SetupLoadedEditorAssemblies (572ms)
				LogAssemblyErrors (0ms)
				InitializePlatformSupportModulesInManaged (3ms)
				SetLoadedEditorAssemblies (0ms)
				RefreshPlugins (1ms)
				BeforeProcessingInitializeOnLoad (43ms)
				ProcessInitializeOnLoadAttributes (513ms)
				ProcessInitializeOnLoadMethodAttributes (11ms)
				AfterProcessingInitializeOnLoad (1ms)
				EditorAssembliesLoaded (0ms)
			ExecutionOrderSort2 (0ms)
			AwakeInstancesAfterBackupRestoration (2ms)
Platform modules already initialized, skipping
Refreshing native plugins compatible for Editor in 0.55 ms, found 2 plugins.
Preloading 0 native plugins for Editor in 0.00 ms.
Unloading 3509 Unused Serialized files (Serialized files now loaded: 0)
Unloading 34 unused Assets / (22.0 KB). Loaded Objects now: 4075.
Memory consumption went from 211.9 MB to 211.8 MB.
Total: 2.237042 ms (FindLiveObjects: 0.149709 ms CreateObjectMapping: 0.069084 ms MarkObjects: 1.998958 ms  DeleteObjects: 0.018709 ms)

AssetImportParameters requested are different than current active one (requested -> active):
  custom:video-decoder-ogg-theora: a1e56fd34408186e4bbccfd4996cb3dc -> 
  custom:container-muxer-webm: aa71ff27fc2769a1b78a27578f13a17b -> 
  custom:container-demuxer-webm: 4f35f7cbe854078d1ac9338744f61a02 -> 
  custom:video-encoder-webm-vp8: eb34c28f22e8b96e1ab97ce403110664 -> 
  custom:framework-osx-AVFoundation: e770b220cccbd017edd2c1fefb359320 -> 
  custom:CustomObjectIndexerAttribute: bc11b3a6c3213fcdd17b65e7da85e133 -> 
  custom:audio-encoder-webm-vorbis: bf7c407c2cedff20999df2af8eb42d56 -> 
  custom:SearchIndexIgnoredProperties: e643bd26f0fe6173181afceb89e7c659 -> 
  custom:container-demuxer-ogg: 62fdf1f143b41e24485cea50d1cbac27 -> 
  custom:video-decoder-webm-vp8: 9c59270c3fd7afecdb556c50c9e8de78 -> 
  custom:audio-decoder-ogg-vorbis: bf7c407c2cedff20999df2af8eb42d56 -> 
========================================================================
Received Prepare
Registering precompiled user dll's ...
Registered in 0.003653 seconds.
Begin MonoManager ReloadAssembly
Thread 0x16d9eb000 may have been prematurely finalized
Symbol file data-0x138158000 doesn't match image /Users/manaralsatrawi/GameDev/Blackwoods-Curse/BlackwoodsCurse/Library/ScriptAssemblies/Unity.VisualScripting.Flow.Editor.dll
Symbol file LoadedFromMemory is not a mono symbol file
Symbol file data-0x127074200 doesn't match image /Users/manaralsatrawi/GameDev/Blackwoods-Curse/BlackwoodsCurse/Library/ScriptAssemblies/Unity.VSCode.Editor.dll
Symbol file LoadedFromMemory is not a mono symbol file
Symbol file data-0x12707d800 doesn't match image /Users/manaralsatrawi/GameDev/Blackwoods-Curse/BlackwoodsCurse/Library/ScriptAssemblies/Unity.VisualScripting.Shared.Editor.dll
Symbol file LoadedFromMemory is not a mono symbol file
Symbol file data-0x1381b0000 doesn't match image /Users/manaralsatrawi/GameDev/Blackwoods-Curse/BlackwoodsCurse/Library/ScriptAssemblies/Unity.TextMeshPro.Editor.dll
Symbol file LoadedFromMemory is not a mono symbol file
Symbol file data-0x1381c8000 doesn't match image /Users/manaralsatrawi/GameDev/Blackwoods-Curse/BlackwoodsCurse/Library/ScriptAssemblies/Unity.VisualStudio.Editor.dll
Symbol file LoadedFromMemory is not a mono symbol file
Symbol file data-0x138218000 doesn't match image /Users/manaralsatrawi/GameDev/Blackwoods-Curse/BlackwoodsCurse/Library/ScriptAssemblies/Unity.Performance.Profile-Analyzer.Editor.dll
Symbol file LoadedFromMemory is not a mono symbol file
Symbol file data-0x127083400 doesn't match image /Users/manaralsatrawi/GameDev/Blackwoods-Curse/BlackwoodsCurse/Library/ScriptAssemblies/Unity.TestTools.CodeCoverage.Editor.OpenCover.Model.dll
Symbol file LoadedFromMemory is not a mono symbol file
Symbol file data-0x127089400 doesn't match image /Users/manaralsatrawi/GameDev/Blackwoods-Curse/BlackwoodsCurse/Library/ScriptAssemblies/Unity.Settings.Editor.dll
Symbol file LoadedFromMemory is not a mono symbol file
Symbol file data-0x1382e0000 doesn't match image /Users/manaralsatrawi/GameDev/Blackwoods-Curse/BlackwoodsCurse/Library/ScriptAssemblies/Unity.Timeline.Editor.dll
Symbol file LoadedFromMemory is not a mono symbol file
Symbol file data-0x138350000 doesn't match image /Users/manaralsatrawi/GameDev/Blackwoods-Curse/BlackwoodsCurse/Library/ScriptAssemblies/Unity.Timeline.dll
Symbol file LoadedFromMemory is not a mono symbol file
Symbol file data-0x138468000 doesn't match image /Users/manaralsatrawi/GameDev/Blackwoods-Curse/BlackwoodsCurse/Library/ScriptAssemblies/Unity.VisualScripting.Core.Editor.dll
Symbol file LoadedFromMemory is not a mono symbol file
Symbol file data-0x1382e0000 doesn't match image /Users/manaralsatrawi/GameDev/Blackwoods-Curse/BlackwoodsCurse/Library/ScriptAssemblies/Unity.TextMeshPro.dll
Symbol file LoadedFromMemory is not a mono symbol file
Symbol file data-0x138350000 doesn't match image /Users/manaralsatrawi/GameDev/Blackwoods-Curse/BlackwoodsCurse/Library/ScriptAssemblies/Unity.VisualScripting.State.Editor.dll
Symbol file LoadedFromMemory is not a mono symbol file
Symbol file data-0x138350000 doesn't match image /Users/manaralsatrawi/GameDev/Blackwoods-Curse/BlackwoodsCurse/Library/ScriptAssemblies/MerryYellow.CodeAssist.Editor.dll
Symbol file LoadedFromMemory is not a mono symbol file
Symbol file data-0x127083400 doesn't match image /Users/manaralsatrawi/GameDev/Blackwoods-Curse/BlackwoodsCurse/Library/ScriptAssemblies/Unity.CollabProxy.Editor.dll
Symbol file LoadedFromMemory is not a mono symbol file
Symbol file data-0x127087800 doesn't match image /Users/manaralsatrawi/GameDev/Blackwoods-Curse/BlackwoodsCurse/Library/ScriptAssemblies/Unity.InputSystem.ForUI.dll
Symbol file LoadedFromMemory is not a mono symbol file
Symbol file data-0x12708b000 doesn't match image /Users/manaralsatrawi/GameDev/Blackwoods-Curse/BlackwoodsCurse/Library/ScriptAssemblies/Unity.VisualScripting.SettingsProvider.Editor.dll
Symbol file LoadedFromMemory is not a mono symbol file
Symbol file data-0x12708b000 doesn't match image /Users/manaralsatrawi/GameDev/Blackwoods-Curse/BlackwoodsCurse/Library/ScriptAssemblies/Unity.TestTools.CodeCoverage.Editor.OpenCover.Mono.Reflection.dll
Symbol file LoadedFromMemory is not a mono symbol file
Symbol file data-0x138578000 doesn't match image /Users/manaralsatrawi/GameDev/Blackwoods-Curse/BlackwoodsCurse/Library/ScriptAssemblies/Unity.VisualScripting.Flow.dll
Symbol file LoadedFromMemory is not a mono symbol file
Symbol file data-0x1384b0000 doesn't match image /Users/manaralsatrawi/GameDev/Blackwoods-Curse/BlackwoodsCurse/Library/ScriptAssemblies/UnityEditor.UI.dll
Symbol file LoadedFromMemory is not a mono symbol file
Symbol file data-0x1386e8000 doesn't match image /Users/manaralsatrawi/GameDev/Blackwoods-Curse/BlackwoodsCurse/Library/ScriptAssemblies/Unity.InputSystem.dll
Symbol file LoadedFromMemory is not a mono symbol file
Symbol file data-0x1384b0000 doesn't match image /Users/manaralsatrawi/GameDev/Blackwoods-Curse/BlackwoodsCurse/Library/ScriptAssemblies/Unity.Rider.Editor.dll
Symbol file LoadedFromMemory is not a mono symbol file
Symbol file data-0x1386e8000 doesn't match image /Users/manaralsatrawi/GameDev/Blackwoods-Curse/BlackwoodsCurse/Library/ScriptAssemblies/Unity.PlasticSCM.Editor.dll
Symbol file LoadedFromMemory is not a mono symbol file
Symbol file data-0x1384b0000 doesn't match image /Users/manaralsatrawi/GameDev/Blackwoods-Curse/BlackwoodsCurse/Library/ScriptAssemblies/Unity.TestTools.CodeCoverage.Editor.dll
Symbol file LoadedFromMemory is not a mono symbol file
Symbol file data-0x138808000 doesn't match image /Users/manaralsatrawi/GameDev/Blackwoods-Curse/BlackwoodsCurse/Library/ScriptAssemblies/UnityEngine.UI.dll
Symbol file LoadedFromMemory is not a mono symbol file
Symbol file data-0x12708d000 doesn't match image /Users/manaralsatrawi/GameDev/Blackwoods-Curse/BlackwoodsCurse/Library/ScriptAssemblies/Unity.InputSystem.TestFramework.dll
Symbol file LoadedFromMemory is not a mono symbol file
Symbol file data-0x127243200 doesn't match image /Users/manaralsatrawi/GameDev/Blackwoods-Curse/BlackwoodsCurse/Library/ScriptAssemblies/Unity.VisualScripting.State.dll
Symbol file LoadedFromMemory is not a mono symbol file
Symbol file data-0x1388b8000 doesn't match image /Users/manaralsatrawi/GameDev/Blackwoods-Curse/BlackwoodsCurse/Library/ScriptAssemblies/Unity.VisualScripting.Core.dll
Symbol file LoadedFromMemory is not a mono symbol file
Symbol file data-0x12708d000 doesn't match image /Users/manaralsatrawi/GameDev/Blackwoods-Curse/BlackwoodsCurse/Library/ScriptAssemblies/Unity.EditorCoroutines.Editor.dll
Symbol file LoadedFromMemory is not a mono symbol file
Native extension for OSXStandalone target not found
Refreshing native plugins compatible for Editor in 0.80 ms, found 2 plugins.
Preloading 0 native plugins for Editor in 0.00 ms.
[Package Manager] Server::EnsureServerProcessIsRunning -- launch failed, reason: Unity was launched with the -noUpm command-line argument
[Package Manager] Cannot connect to Unity Package Manager local server
Mono: successfully reloaded assembly
- Completed reload, in  1.907 seconds
Domain Reload Profiling:
	ReloadAssembly (1907ms)
		BeginReloadAssembly (163ms)
			ExecutionOrderSort (0ms)
			DisableScriptedObjects (5ms)
			BackupInstance (0ms)
			ReleaseScriptingObjects (0ms)
			CreateAndSetChildDomain (63ms)
		EndReloadAssembly (1600ms)
			LoadAssemblies (84ms)
			RebuildTransferFunctionScriptingTraits (0ms)
			SetupTypeCache (574ms)
			ReleaseScriptCaches (1ms)
			RebuildScriptCaches (72ms)
			SetupLoadedEditorAssemblies (808ms)
				LogAssemblyErrors (0ms)
				InitializePlatformSupportModulesInManaged (5ms)
				SetLoadedEditorAssemblies (1ms)
				RefreshPlugins (1ms)
				BeforeProcessingInitializeOnLoad (86ms)
				ProcessInitializeOnLoadAttributes (699ms)
				ProcessInitializeOnLoadMethodAttributes (14ms)
				AfterProcessingInitializeOnLoad (1ms)
				EditorAssembliesLoaded (0ms)
			ExecutionOrderSort2 (0ms)
			AwakeInstancesAfterBackupRestoration (3ms)
Platform modules already initialized, skipping
Refreshing native plugins compatible for Editor in 0.57 ms, found 2 plugins.
Preloading 0 native plugins for Editor in 0.00 ms.
Unloading 3509 Unused Serialized files (Serialized files now loaded: 0)
Unloading 34 unused Assets / (22.0 KB). Loaded Objects now: 4078.
Memory consumption went from 211.9 MB to 211.8 MB.
Total: 2.701167 ms (FindLiveObjects: 0.158625 ms CreateObjectMapping: 0.056917 ms MarkObjects: 2.456417 ms  DeleteObjects: 0.028208 ms)

AssetImportParameters requested are different than current active one (requested -> active):
  custom:video-decoder-ogg-theora: a1e56fd34408186e4bbccfd4996cb3dc -> 
  custom:container-muxer-webm: aa71ff27fc2769a1b78a27578f13a17b -> 
  custom:container-demuxer-webm: 4f35f7cbe854078d1ac9338744f61a02 -> 
  custom:video-encoder-webm-vp8: eb34c28f22e8b96e1ab97ce403110664 -> 
  custom:framework-osx-AVFoundation: e770b220cccbd017edd2c1fefb359320 -> 
  custom:CustomObjectIndexerAttribute: bc11b3a6c3213fcdd17b65e7da85e133 -> 
  custom:audio-encoder-webm-vorbis: bf7c407c2cedff20999df2af8eb42d56 -> 
  custom:SearchIndexIgnoredProperties: e643bd26f0fe6173181afceb89e7c659 -> 
  custom:container-demuxer-ogg: 62fdf1f143b41e24485cea50d1cbac27 -> 
  custom:video-decoder-webm-vp8: 9c59270c3fd7afecdb556c50c9e8de78 -> 
  custom:audio-decoder-ogg-vorbis: bf7c407c2cedff20999df2af8eb42d56 -> 
========================================================================
Received Prepare
Registering precompiled user dll's ...
Registered in 0.004635 seconds.
Begin MonoManager ReloadAssembly
Thread 0x16d9eb000 may have been prematurely finalized
Symbol file data-0x130178000 doesn't match image /Users/manaralsatrawi/GameDev/Blackwoods-Curse/BlackwoodsCurse/Library/ScriptAssemblies/Unity.VisualScripting.Flow.Editor.dll
Symbol file LoadedFromMemory is not a mono symbol file
Symbol file data-0x333d80400 doesn't match image /Users/manaralsatrawi/GameDev/Blackwoods-Curse/BlackwoodsCurse/Library/ScriptAssemblies/Unity.VSCode.Editor.dll
Symbol file LoadedFromMemory is not a mono symbol file
Symbol file data-0x333c24a00 doesn't match image /Users/manaralsatrawi/GameDev/Blackwoods-Curse/BlackwoodsCurse/Library/ScriptAssemblies/Unity.VisualScripting.Shared.Editor.dll
Symbol file LoadedFromMemory is not a mono symbol file
Symbol file data-0x1301d0000 doesn't match image /Users/manaralsatrawi/GameDev/Blackwoods-Curse/BlackwoodsCurse/Library/ScriptAssemblies/Unity.TextMeshPro.Editor.dll
Symbol file LoadedFromMemory is not a mono symbol file
Symbol file data-0x1301e8000 doesn't match image /Users/manaralsatrawi/GameDev/Blackwoods-Curse/BlackwoodsCurse/Library/ScriptAssemblies/Unity.VisualStudio.Editor.dll
Symbol file LoadedFromMemory is not a mono symbol file
Symbol file data-0x130238000 doesn't match image /Users/manaralsatrawi/GameDev/Blackwoods-Curse/BlackwoodsCurse/Library/ScriptAssemblies/Unity.Performance.Profile-Analyzer.Editor.dll
Symbol file LoadedFromMemory is not a mono symbol file
Symbol file data-0x333c24a00 doesn't match image /Users/manaralsatrawi/GameDev/Blackwoods-Curse/BlackwoodsCurse/Library/ScriptAssemblies/Unity.TestTools.CodeCoverage.Editor.OpenCover.Model.dll
Symbol file LoadedFromMemory is not a mono symbol file
Symbol file data-0x333c2aa00 doesn't match image /Users/manaralsatrawi/GameDev/Blackwoods-Curse/BlackwoodsCurse/Library/ScriptAssemblies/Unity.Settings.Editor.dll
Symbol file LoadedFromMemory is not a mono symbol file
Symbol file data-0x130300000 doesn't match image /Users/manaralsatrawi/GameDev/Blackwoods-Curse/BlackwoodsCurse/Library/ScriptAssemblies/Unity.Timeline.Editor.dll
Symbol file LoadedFromMemory is not a mono symbol file
Symbol file data-0x130370000 doesn't match image /Users/manaralsatrawi/GameDev/Blackwoods-Curse/BlackwoodsCurse/Library/ScriptAssemblies/Unity.Timeline.dll
Symbol file LoadedFromMemory is not a mono symbol file
Symbol file data-0x130488000 doesn't match image /Users/manaralsatrawi/GameDev/Blackwoods-Curse/BlackwoodsCurse/Library/ScriptAssemblies/Unity.VisualScripting.Core.Editor.dll
Symbol file LoadedFromMemory is not a mono symbol file
Symbol file data-0x130300000 doesn't match image /Users/manaralsatrawi/GameDev/Blackwoods-Curse/BlackwoodsCurse/Library/ScriptAssemblies/Unity.TextMeshPro.dll
Symbol file LoadedFromMemory is not a mono symbol file
Symbol file data-0x130370000 doesn't match image /Users/manaralsatrawi/GameDev/Blackwoods-Curse/BlackwoodsCurse/Library/ScriptAssemblies/Unity.VisualScripting.State.Editor.dll
Symbol file LoadedFromMemory is not a mono symbol file
Symbol file data-0x130370000 doesn't match image /Users/manaralsatrawi/GameDev/Blackwoods-Curse/BlackwoodsCurse/Library/ScriptAssemblies/MerryYellow.CodeAssist.Editor.dll
Symbol file LoadedFromMemory is not a mono symbol file
Symbol file data-0x333c25200 doesn't match image /Users/manaralsatrawi/GameDev/Blackwoods-Curse/BlackwoodsCurse/Library/ScriptAssemblies/Unity.CollabProxy.Editor.dll
Symbol file LoadedFromMemory is not a mono symbol file
Symbol file data-0x333c2ac00 doesn't match image /Users/manaralsatrawi/GameDev/Blackwoods-Curse/BlackwoodsCurse/Library/ScriptAssemblies/Unity.InputSystem.ForUI.dll
Symbol file LoadedFromMemory is not a mono symbol file
Symbol file data-0x333c2ec00 doesn't match image /Users/manaralsatrawi/GameDev/Blackwoods-Curse/BlackwoodsCurse/Library/ScriptAssemblies/Unity.VisualScripting.SettingsProvider.Editor.dll
Symbol file LoadedFromMemory is not a mono symbol file
Symbol file data-0x333c2ac00 doesn't match image /Users/manaralsatrawi/GameDev/Blackwoods-Curse/BlackwoodsCurse/Library/ScriptAssemblies/Unity.TestTools.CodeCoverage.Editor.OpenCover.Mono.Reflection.dll
Symbol file LoadedFromMemory is not a mono symbol file
Symbol file data-0x130598000 doesn't match image /Users/manaralsatrawi/GameDev/Blackwoods-Curse/BlackwoodsCurse/Library/ScriptAssemblies/Unity.VisualScripting.Flow.dll
Symbol file LoadedFromMemory is not a mono symbol file
Symbol file data-0x1304d0000 doesn't match image /Users/manaralsatrawi/GameDev/Blackwoods-Curse/BlackwoodsCurse/Library/ScriptAssemblies/UnityEditor.UI.dll
Symbol file LoadedFromMemory is not a mono symbol file
Symbol file data-0x130708000 doesn't match image /Users/manaralsatrawi/GameDev/Blackwoods-Curse/BlackwoodsCurse/Library/ScriptAssemblies/Unity.InputSystem.dll
Symbol file LoadedFromMemory is not a mono symbol file
Symbol file data-0x1304d0000 doesn't match image /Users/manaralsatrawi/GameDev/Blackwoods-Curse/BlackwoodsCurse/Library/ScriptAssemblies/Unity.Rider.Editor.dll
Symbol file LoadedFromMemory is not a mono symbol file
Symbol file data-0x130708000 doesn't match image /Users/manaralsatrawi/GameDev/Blackwoods-Curse/BlackwoodsCurse/Library/ScriptAssemblies/Unity.PlasticSCM.Editor.dll
Symbol file LoadedFromMemory is not a mono symbol file
Symbol file data-0x1304d0000 doesn't match image /Users/manaralsatrawi/GameDev/Blackwoods-Curse/BlackwoodsCurse/Library/ScriptAssemblies/Unity.TestTools.CodeCoverage.Editor.dll
Symbol file LoadedFromMemory is not a mono symbol file
Symbol file data-0x130828000 doesn't match image /Users/manaralsatrawi/GameDev/Blackwoods-Curse/BlackwoodsCurse/Library/ScriptAssemblies/UnityEngine.UI.dll
Symbol file LoadedFromMemory is not a mono symbol file
Symbol file data-0x333c33c00 doesn't match image /Users/manaralsatrawi/GameDev/Blackwoods-Curse/BlackwoodsCurse/Library/ScriptAssemblies/Unity.InputSystem.TestFramework.dll
Symbol file LoadedFromMemory is not a mono symbol file
Symbol file data-0x333c46c00 doesn't match image /Users/manaralsatrawi/GameDev/Blackwoods-Curse/BlackwoodsCurse/Library/ScriptAssemblies/Unity.VisualScripting.State.dll
Symbol file LoadedFromMemory is not a mono symbol file
Symbol file data-0x1308d8000 doesn't match image /Users/manaralsatrawi/GameDev/Blackwoods-Curse/BlackwoodsCurse/Library/ScriptAssemblies/Unity.VisualScripting.Core.dll
Symbol file LoadedFromMemory is not a mono symbol file
Symbol file data-0x333c40400 doesn't match image /Users/manaralsatrawi/GameDev/Blackwoods-Curse/BlackwoodsCurse/Library/ScriptAssemblies/Unity.EditorCoroutines.Editor.dll
Symbol file LoadedFromMemory is not a mono symbol file
Native extension for OSXStandalone target not found
Refreshing native plugins compatible for Editor in 1.04 ms, found 2 plugins.
Preloading 0 native plugins for Editor in 0.00 ms.
[Package Manager] Server::EnsureServerProcessIsRunning -- launch failed, reason: Unity was launched with the -noUpm command-line argument
[Package Manager] Cannot connect to Unity Package Manager local server
Mono: successfully reloaded assembly
- Completed reload, in  2.292 seconds
Domain Reload Profiling:
	ReloadAssembly (2294ms)
		BeginReloadAssembly (335ms)
			ExecutionOrderSort (0ms)
			DisableScriptedObjects (10ms)
			BackupInstance (0ms)
			ReleaseScriptingObjects (0ms)
			CreateAndSetChildDomain (145ms)
		EndReloadAssembly (1735ms)
			LoadAssemblies (152ms)
			RebuildTransferFunctionScriptingTraits (0ms)
			SetupTypeCache (598ms)
			ReleaseScriptCaches (1ms)
			RebuildScriptCaches (93ms)
			SetupLoadedEditorAssemblies (882ms)
				LogAssemblyErrors (0ms)
				InitializePlatformSupportModulesInManaged (6ms)
				SetLoadedEditorAssemblies (1ms)
				RefreshPlugins (1ms)
				BeforeProcessingInitializeOnLoad (109ms)
				ProcessInitializeOnLoadAttributes (747ms)
				ProcessInitializeOnLoadMethodAttributes (16ms)
				AfterProcessingInitializeOnLoad (1ms)
				EditorAssembliesLoaded (0ms)
			ExecutionOrderSort2 (0ms)
			AwakeInstancesAfterBackupRestoration (4ms)
Platform modules already initialized, skipping
Refreshing native plugins compatible for Editor in 0.57 ms, found 2 plugins.
Preloading 0 native plugins for Editor in 0.00 ms.
Unloading 3509 Unused Serialized files (Serialized files now loaded: 0)
Unloading 34 unused Assets / (22.0 KB). Loaded Objects now: 4081.
Memory consumption went from 211.9 MB to 211.8 MB.
Total: 3.014208 ms (FindLiveObjects: 0.168583 ms CreateObjectMapping: 0.060583 ms MarkObjects: 2.745333 ms  DeleteObjects: 0.038791 ms)

AssetImportParameters requested are different than current active one (requested -> active):
  custom:video-decoder-ogg-theora: a1e56fd34408186e4bbccfd4996cb3dc -> 
  custom:container-muxer-webm: aa71ff27fc2769a1b78a27578f13a17b -> 
  custom:container-demuxer-webm: 4f35f7cbe854078d1ac9338744f61a02 -> 
  custom:video-encoder-webm-vp8: eb34c28f22e8b96e1ab97ce403110664 -> 
  custom:framework-osx-AVFoundation: e770b220cccbd017edd2c1fefb359320 -> 
  custom:CustomObjectIndexerAttribute: bc11b3a6c3213fcdd17b65e7da85e133 -> 
  custom:audio-encoder-webm-vorbis: bf7c407c2cedff20999df2af8eb42d56 -> 
  custom:SearchIndexIgnoredProperties: e643bd26f0fe6173181afceb89e7c659 -> 
  custom:container-demuxer-ogg: 62fdf1f143b41e24485cea50d1cbac27 -> 
  custom:video-decoder-webm-vp8: 9c59270c3fd7afecdb556c50c9e8de78 -> 
  custom:audio-decoder-ogg-vorbis: bf7c407c2cedff20999df2af8eb42d56 -> 
========================================================================
Received Prepare
Registering precompiled user dll's ...
Registered in 0.005875 seconds.
Begin MonoManager ReloadAssembly
Thread 0x16d9eb000 may have been prematurely finalized
Symbol file data-0x138150000 doesn't match image /Users/manaralsatrawi/GameDev/Blackwoods-Curse/BlackwoodsCurse/Library/ScriptAssemblies/Unity.VisualScripting.Flow.Editor.dll
Symbol file LoadedFromMemory is not a mono symbol file
Symbol file data-0x322473400 doesn't match image /Users/manaralsatrawi/GameDev/Blackwoods-Curse/BlackwoodsCurse/Library/ScriptAssemblies/Unity.VSCode.Editor.dll
Symbol file LoadedFromMemory is not a mono symbol file
Symbol file data-0x32247ca00 doesn't match image /Users/manaralsatrawi/GameDev/Blackwoods-Curse/BlackwoodsCurse/Library/ScriptAssemblies/Unity.VisualScripting.Shared.Editor.dll
Symbol file LoadedFromMemory is not a mono symbol file
Symbol file data-0x1381a8000 doesn't match image /Users/manaralsatrawi/GameDev/Blackwoods-Curse/BlackwoodsCurse/Library/ScriptAssemblies/Unity.TextMeshPro.Editor.dll
Symbol file LoadedFromMemory is not a mono symbol file
Symbol file data-0x1381c0000 doesn't match image /Users/manaralsatrawi/GameDev/Blackwoods-Curse/BlackwoodsCurse/Library/ScriptAssemblies/Unity.VisualStudio.Editor.dll
Symbol file LoadedFromMemory is not a mono symbol file
Symbol file data-0x138210000 doesn't match image /Users/manaralsatrawi/GameDev/Blackwoods-Curse/BlackwoodsCurse/Library/ScriptAssemblies/Unity.Performance.Profile-Analyzer.Editor.dll
Symbol file LoadedFromMemory is not a mono symbol file
Symbol file data-0x32247ca00 doesn't match image /Users/manaralsatrawi/GameDev/Blackwoods-Curse/BlackwoodsCurse/Library/ScriptAssemblies/Unity.TestTools.CodeCoverage.Editor.OpenCover.Model.dll
Symbol file LoadedFromMemory is not a mono symbol file
Symbol file data-0x322482a00 doesn't match image /Users/manaralsatrawi/GameDev/Blackwoods-Curse/BlackwoodsCurse/Library/ScriptAssemblies/Unity.Settings.Editor.dll
Symbol file LoadedFromMemory is not a mono symbol file
Symbol file data-0x1382d8000 doesn't match image /Users/manaralsatrawi/GameDev/Blackwoods-Curse/BlackwoodsCurse/Library/ScriptAssemblies/Unity.Timeline.Editor.dll
Symbol file LoadedFromMemory is not a mono symbol file
Symbol file data-0x138348000 doesn't match image /Users/manaralsatrawi/GameDev/Blackwoods-Curse/BlackwoodsCurse/Library/ScriptAssemblies/Unity.Timeline.dll
Symbol file LoadedFromMemory is not a mono symbol file
Symbol file data-0x138460000 doesn't match image /Users/manaralsatrawi/GameDev/Blackwoods-Curse/BlackwoodsCurse/Library/ScriptAssemblies/Unity.VisualScripting.Core.Editor.dll
Symbol file LoadedFromMemory is not a mono symbol file
Symbol file data-0x1382d8000 doesn't match image /Users/manaralsatrawi/GameDev/Blackwoods-Curse/BlackwoodsCurse/Library/ScriptAssemblies/Unity.TextMeshPro.dll
Symbol file LoadedFromMemory is not a mono symbol file
Symbol file data-0x138348000 doesn't match image /Users/manaralsatrawi/GameDev/Blackwoods-Curse/BlackwoodsCurse/Library/ScriptAssemblies/Unity.VisualScripting.State.Editor.dll
Symbol file LoadedFromMemory is not a mono symbol file
Symbol file data-0x138348000 doesn't match image /Users/manaralsatrawi/GameDev/Blackwoods-Curse/BlackwoodsCurse/Library/ScriptAssemblies/MerryYellow.CodeAssist.Editor.dll
Symbol file LoadedFromMemory is not a mono symbol file
Symbol file data-0x322484000 doesn't match image /Users/manaralsatrawi/GameDev/Blackwoods-Curse/BlackwoodsCurse/Library/ScriptAssemblies/Unity.CollabProxy.Editor.dll
Symbol file LoadedFromMemory is not a mono symbol file
Symbol file data-0x322449c00 doesn't match image /Users/manaralsatrawi/GameDev/Blackwoods-Curse/BlackwoodsCurse/Library/ScriptAssemblies/Unity.InputSystem.ForUI.dll
Symbol file LoadedFromMemory is not a mono symbol file
Symbol file data-0x322449c00 doesn't match image /Users/manaralsatrawi/GameDev/Blackwoods-Curse/BlackwoodsCurse/Library/ScriptAssemblies/Unity.VisualScripting.SettingsProvider.Editor.dll
Symbol file LoadedFromMemory is not a mono symbol file
Symbol file data-0x322449c00 doesn't match image /Users/manaralsatrawi/GameDev/Blackwoods-Curse/BlackwoodsCurse/Library/ScriptAssemblies/Unity.TestTools.CodeCoverage.Editor.OpenCover.Mono.Reflection.dll
Symbol file LoadedFromMemory is not a mono symbol file
Symbol file data-0x138570000 doesn't match image /Users/manaralsatrawi/GameDev/Blackwoods-Curse/BlackwoodsCurse/Library/ScriptAssemblies/Unity.VisualScripting.Flow.dll
Symbol file LoadedFromMemory is not a mono symbol file
Symbol file data-0x1384a8000 doesn't match image /Users/manaralsatrawi/GameDev/Blackwoods-Curse/BlackwoodsCurse/Library/ScriptAssemblies/UnityEditor.UI.dll
Symbol file LoadedFromMemory is not a mono symbol file
Symbol file data-0x1386e0000 doesn't match image /Users/manaralsatrawi/GameDev/Blackwoods-Curse/BlackwoodsCurse/Library/ScriptAssemblies/Unity.InputSystem.dll
Symbol file LoadedFromMemory is not a mono symbol file
Symbol file data-0x1384a8000 doesn't match image /Users/manaralsatrawi/GameDev/Blackwoods-Curse/BlackwoodsCurse/Library/ScriptAssemblies/Unity.Rider.Editor.dll
Symbol file LoadedFromMemory is not a mono symbol file
Symbol file data-0x1386e0000 doesn't match image /Users/manaralsatrawi/GameDev/Blackwoods-Curse/BlackwoodsCurse/Library/ScriptAssemblies/Unity.PlasticSCM.Editor.dll
Symbol file LoadedFromMemory is not a mono symbol file
Symbol file data-0x1384a8000 doesn't match image /Users/manaralsatrawi/GameDev/Blackwoods-Curse/BlackwoodsCurse/Library/ScriptAssemblies/Unity.TestTools.CodeCoverage.Editor.dll
Symbol file LoadedFromMemory is not a mono symbol file
Symbol file data-0x138800000 doesn't match image /Users/manaralsatrawi/GameDev/Blackwoods-Curse/BlackwoodsCurse/Library/ScriptAssemblies/UnityEngine.UI.dll
Symbol file LoadedFromMemory is not a mono symbol file
Symbol file data-0x32244f200 doesn't match image /Users/manaralsatrawi/GameDev/Blackwoods-Curse/BlackwoodsCurse/Library/ScriptAssemblies/Unity.InputSystem.TestFramework.dll
Symbol file LoadedFromMemory is not a mono symbol file
Symbol file data-0x32245ba00 doesn't match image /Users/manaralsatrawi/GameDev/Blackwoods-Curse/BlackwoodsCurse/Library/ScriptAssemblies/Unity.VisualScripting.State.dll
Symbol file LoadedFromMemory is not a mono symbol file
Symbol file data-0x1388b0000 doesn't match image /Users/manaralsatrawi/GameDev/Blackwoods-Curse/BlackwoodsCurse/Library/ScriptAssemblies/Unity.VisualScripting.Core.dll
Symbol file LoadedFromMemory is not a mono symbol file
Symbol file data-0x32245ba00 doesn't match image /Users/manaralsatrawi/GameDev/Blackwoods-Curse/BlackwoodsCurse/Library/ScriptAssemblies/Unity.EditorCoroutines.Editor.dll
Symbol file LoadedFromMemory is not a mono symbol file
Native extension for OSXStandalone target not found
Refreshing native plugins compatible for Editor in 1.32 ms, found 2 plugins.
Preloading 0 native plugins for Editor in 0.00 ms.
[Package Manager] Server::EnsureServerProcessIsRunning -- launch failed, reason: Unity was launched with the -noUpm command-line argument
[Package Manager] Cannot connect to Unity Package Manager local server
Mono: successfully reloaded assembly
- Completed reload, in  2.291 seconds
Domain Reload Profiling:
	ReloadAssembly (2292ms)
		BeginReloadAssembly (260ms)
			ExecutionOrderSort (0ms)
			DisableScriptedObjects (8ms)
			BackupInstance (0ms)
			ReleaseScriptingObjects (0ms)
			CreateAndSetChildDomain (106ms)
		EndReloadAssembly (1861ms)
			LoadAssemblies (111ms)
			RebuildTransferFunctionScriptingTraits (0ms)
			SetupTypeCache (654ms)
			ReleaseScriptCaches (5ms)
			RebuildScriptCaches (89ms)
			SetupLoadedEditorAssemblies (941ms)
				LogAssemblyErrors (0ms)
				InitializePlatformSupportModulesInManaged (6ms)
				SetLoadedEditorAssemblies (1ms)
				RefreshPlugins (1ms)
				BeforeProcessingInitializeOnLoad (108ms)
				ProcessInitializeOnLoadAttributes (804ms)
				ProcessInitializeOnLoadMethodAttributes (20ms)
				AfterProcessingInitializeOnLoad (1ms)
				EditorAssembliesLoaded (0ms)
			ExecutionOrderSort2 (0ms)
			AwakeInstancesAfterBackupRestoration (4ms)
Platform modules already initialized, skipping
Refreshing native plugins compatible for Editor in 0.73 ms, found 2 plugins.
Preloading 0 native plugins for Editor in 0.00 ms.
Unloading 3509 Unused Serialized files (Serialized files now loaded: 0)
Unloading 34 unused Assets / (21.9 KB). Loaded Objects now: 4084.
Memory consumption went from 211.9 MB to 211.9 MB.
Total: 3.866708 ms (FindLiveObjects: 0.206375 ms CreateObjectMapping: 0.098542 ms MarkObjects: 3.536792 ms  DeleteObjects: 0.024334 ms)

AssetImportParameters requested are different than current active one (requested -> active):
  custom:video-decoder-ogg-theora: a1e56fd34408186e4bbccfd4996cb3dc -> 
  custom:container-muxer-webm: aa71ff27fc2769a1b78a27578f13a17b -> 
  custom:container-demuxer-webm: 4f35f7cbe854078d1ac9338744f61a02 -> 
  custom:video-encoder-webm-vp8: eb34c28f22e8b96e1ab97ce403110664 -> 
  custom:framework-osx-AVFoundation: e770b220cccbd017edd2c1fefb359320 -> 
  custom:CustomObjectIndexerAttribute: bc11b3a6c3213fcdd17b65e7da85e133 -> 
  custom:audio-encoder-webm-vorbis: bf7c407c2cedff20999df2af8eb42d56 -> 
  custom:SearchIndexIgnoredProperties: e643bd26f0fe6173181afceb89e7c659 -> 
  custom:container-demuxer-ogg: 62fdf1f143b41e24485cea50d1cbac27 -> 
  custom:video-decoder-webm-vp8: 9c59270c3fd7afecdb556c50c9e8de78 -> 
  custom:audio-decoder-ogg-vorbis: bf7c407c2cedff20999df2af8eb42d56 -> 
========================================================================
Received Prepare
Registering precompiled user dll's ...
Registered in 0.004125 seconds.
Begin MonoManager ReloadAssembly
Thread 0x16d9eb000 may have been prematurely finalized
Symbol file data-0x1380b8000 doesn't match image /Users/manaralsatrawi/GameDev/Blackwoods-Curse/BlackwoodsCurse/Library/ScriptAssemblies/Unity.VisualScripting.Flow.Editor.dll
Symbol file LoadedFromMemory is not a mono symbol file
Symbol file data-0x124f4fc00 doesn't match image /Users/manaralsatrawi/GameDev/Blackwoods-Curse/BlackwoodsCurse/Library/ScriptAssemblies/Unity.VSCode.Editor.dll
Symbol file LoadedFromMemory is not a mono symbol file
Symbol file data-0x124f7dc00 doesn't match image /Users/manaralsatrawi/GameDev/Blackwoods-Curse/BlackwoodsCurse/Library/ScriptAssemblies/Unity.VisualScripting.Shared.Editor.dll
Symbol file LoadedFromMemory is not a mono symbol file
Symbol file data-0x138110000 doesn't match image /Users/manaralsatrawi/GameDev/Blackwoods-Curse/BlackwoodsCurse/Library/ScriptAssemblies/Unity.TextMeshPro.Editor.dll
Symbol file LoadedFromMemory is not a mono symbol file
Symbol file data-0x138128000 doesn't match image /Users/manaralsatrawi/GameDev/Blackwoods-Curse/BlackwoodsCurse/Library/ScriptAssemblies/Unity.VisualStudio.Editor.dll
Symbol file LoadedFromMemory is not a mono symbol file
Symbol file data-0x138178000 doesn't match image /Users/manaralsatrawi/GameDev/Blackwoods-Curse/BlackwoodsCurse/Library/ScriptAssemblies/Unity.Performance.Profile-Analyzer.Editor.dll
Symbol file LoadedFromMemory is not a mono symbol file
Symbol file data-0x124f7dc00 doesn't match image /Users/manaralsatrawi/GameDev/Blackwoods-Curse/BlackwoodsCurse/Library/ScriptAssemblies/Unity.TestTools.CodeCoverage.Editor.OpenCover.Model.dll
Symbol file LoadedFromMemory is not a mono symbol file
Symbol file data-0x124f83c00 doesn't match image /Users/manaralsatrawi/GameDev/Blackwoods-Curse/BlackwoodsCurse/Library/ScriptAssemblies/Unity.Settings.Editor.dll
Symbol file LoadedFromMemory is not a mono symbol file
Symbol file data-0x138240000 doesn't match image /Users/manaralsatrawi/GameDev/Blackwoods-Curse/BlackwoodsCurse/Library/ScriptAssemblies/Unity.Timeline.Editor.dll
Symbol file LoadedFromMemory is not a mono symbol file
Symbol file data-0x1382b0000 doesn't match image /Users/manaralsatrawi/GameDev/Blackwoods-Curse/BlackwoodsCurse/Library/ScriptAssemblies/Unity.Timeline.dll
Symbol file LoadedFromMemory is not a mono symbol file
Symbol file data-0x1383c8000 doesn't match image /Users/manaralsatrawi/GameDev/Blackwoods-Curse/BlackwoodsCurse/Library/ScriptAssemblies/Unity.VisualScripting.Core.Editor.dll
Symbol file LoadedFromMemory is not a mono symbol file
Symbol file data-0x138240000 doesn't match image /Users/manaralsatrawi/GameDev/Blackwoods-Curse/BlackwoodsCurse/Library/ScriptAssemblies/Unity.TextMeshPro.dll
Symbol file LoadedFromMemory is not a mono symbol file
Symbol file data-0x1382b0000 doesn't match image /Users/manaralsatrawi/GameDev/Blackwoods-Curse/BlackwoodsCurse/Library/ScriptAssemblies/Unity.VisualScripting.State.Editor.dll
Symbol file LoadedFromMemory is not a mono symbol file
Symbol file data-0x1382b0000 doesn't match image /Users/manaralsatrawi/GameDev/Blackwoods-Curse/BlackwoodsCurse/Library/ScriptAssemblies/MerryYellow.CodeAssist.Editor.dll
Symbol file LoadedFromMemory is not a mono symbol file
Symbol file data-0x124f7dc00 doesn't match image /Users/manaralsatrawi/GameDev/Blackwoods-Curse/BlackwoodsCurse/Library/ScriptAssemblies/Unity.CollabProxy.Editor.dll
Symbol file LoadedFromMemory is not a mono symbol file
Symbol file data-0x124d66800 doesn't match image /Users/manaralsatrawi/GameDev/Blackwoods-Curse/BlackwoodsCurse/Library/ScriptAssemblies/Unity.InputSystem.ForUI.dll
Symbol file LoadedFromMemory is not a mono symbol file
Symbol file data-0x124f81800 doesn't match image /Users/manaralsatrawi/GameDev/Blackwoods-Curse/BlackwoodsCurse/Library/ScriptAssemblies/Unity.VisualScripting.SettingsProvider.Editor.dll
Symbol file LoadedFromMemory is not a mono symbol file
Symbol file data-0x124f81800 doesn't match image /Users/manaralsatrawi/GameDev/Blackwoods-Curse/BlackwoodsCurse/Library/ScriptAssemblies/Unity.TestTools.CodeCoverage.Editor.OpenCover.Mono.Reflection.dll
Symbol file LoadedFromMemory is not a mono symbol file
Symbol file data-0x1384d8000 doesn't match image /Users/manaralsatrawi/GameDev/Blackwoods-Curse/BlackwoodsCurse/Library/ScriptAssemblies/Unity.VisualScripting.Flow.dll
Symbol file LoadedFromMemory is not a mono symbol file
Symbol file data-0x138410000 doesn't match image /Users/manaralsatrawi/GameDev/Blackwoods-Curse/BlackwoodsCurse/Library/ScriptAssemblies/UnityEditor.UI.dll
Symbol file LoadedFromMemory is not a mono symbol file
Symbol file data-0x138648000 doesn't match image /Users/manaralsatrawi/GameDev/Blackwoods-Curse/BlackwoodsCurse/Library/ScriptAssemblies/Unity.InputSystem.dll
Symbol file LoadedFromMemory is not a mono symbol file
Symbol file data-0x138410000 doesn't match image /Users/manaralsatrawi/GameDev/Blackwoods-Curse/BlackwoodsCurse/Library/ScriptAssemblies/Unity.Rider.Editor.dll
Symbol file LoadedFromMemory is not a mono symbol file
Symbol file data-0x138648000 doesn't match image /Users/manaralsatrawi/GameDev/Blackwoods-Curse/BlackwoodsCurse/Library/ScriptAssemblies/Unity.PlasticSCM.Editor.dll
Symbol file LoadedFromMemory is not a mono symbol file
Symbol file data-0x138410000 doesn't match image /Users/manaralsatrawi/GameDev/Blackwoods-Curse/BlackwoodsCurse/Library/ScriptAssemblies/Unity.TestTools.CodeCoverage.Editor.dll
Symbol file LoadedFromMemory is not a mono symbol file
Symbol file data-0x138768000 doesn't match image /Users/manaralsatrawi/GameDev/Blackwoods-Curse/BlackwoodsCurse/Library/ScriptAssemblies/UnityEngine.UI.dll
Symbol file LoadedFromMemory is not a mono symbol file
Symbol file data-0x124f82000 doesn't match image /Users/manaralsatrawi/GameDev/Blackwoods-Curse/BlackwoodsCurse/Library/ScriptAssemblies/Unity.InputSystem.TestFramework.dll
Symbol file LoadedFromMemory is not a mono symbol file
Symbol file data-0x124f8f000 doesn't match image /Users/manaralsatrawi/GameDev/Blackwoods-Curse/BlackwoodsCurse/Library/ScriptAssemblies/Unity.VisualScripting.State.dll
Symbol file LoadedFromMemory is not a mono symbol file
Symbol file data-0x138818000 doesn't match image /Users/manaralsatrawi/GameDev/Blackwoods-Curse/BlackwoodsCurse/Library/ScriptAssemblies/Unity.VisualScripting.Core.dll
Symbol file LoadedFromMemory is not a mono symbol file
Symbol file data-0x124f8f000 doesn't match image /Users/manaralsatrawi/GameDev/Blackwoods-Curse/BlackwoodsCurse/Library/ScriptAssemblies/Unity.EditorCoroutines.Editor.dll
Symbol file LoadedFromMemory is not a mono symbol file
Native extension for OSXStandalone target not found
Refreshing native plugins compatible for Editor in 0.94 ms, found 2 plugins.
Preloading 0 native plugins for Editor in 0.00 ms.
[Package Manager] Server::EnsureServerProcessIsRunning -- launch failed, reason: Unity was launched with the -noUpm command-line argument
[Package Manager] Cannot connect to Unity Package Manager local server
Mono: successfully reloaded assembly
- Completed reload, in  2.013 seconds
Domain Reload Profiling:
	ReloadAssembly (2014ms)
		BeginReloadAssembly (173ms)
			ExecutionOrderSort (0ms)
			DisableScriptedObjects (5ms)
			BackupInstance (0ms)
			ReleaseScriptingObjects (0ms)
			CreateAndSetChildDomain (68ms)
		EndReloadAssembly (1696ms)
			LoadAssemblies (89ms)
			RebuildTransferFunctionScriptingTraits (0ms)
			SetupTypeCache (636ms)
			ReleaseScriptCaches (1ms)
			RebuildScriptCaches (71ms)
			SetupLoadedEditorAssemblies (834ms)
				LogAssemblyErrors (0ms)
				InitializePlatformSupportModulesInManaged (8ms)
				SetLoadedEditorAssemblies (1ms)
				RefreshPlugins (1ms)
				BeforeProcessingInitializeOnLoad (98ms)
				ProcessInitializeOnLoadAttributes (711ms)
				ProcessInitializeOnLoadMethodAttributes (14ms)
				AfterProcessingInitializeOnLoad (1ms)
				EditorAssembliesLoaded (0ms)
			ExecutionOrderSort2 (0ms)
			AwakeInstancesAfterBackupRestoration (3ms)
Platform modules already initialized, skipping
Refreshing native plugins compatible for Editor in 0.56 ms, found 2 plugins.
Preloading 0 native plugins for Editor in 0.00 ms.
Unloading 3509 Unused Serialized files (Serialized files now loaded: 0)
Unloading 34 unused Assets / (22.0 KB). Loaded Objects now: 4087.
Memory consumption went from 211.9 MB to 211.9 MB.
Total: 2.658750 ms (FindLiveObjects: 0.134333 ms CreateObjectMapping: 0.054333 ms MarkObjects: 2.426458 ms  DeleteObjects: 0.042792 ms)

AssetImportParameters requested are different than current active one (requested -> active):
  custom:video-decoder-ogg-theora: a1e56fd34408186e4bbccfd4996cb3dc -> 
  custom:container-muxer-webm: aa71ff27fc2769a1b78a27578f13a17b -> 
  custom:container-demuxer-webm: 4f35f7cbe854078d1ac9338744f61a02 -> 
  custom:video-encoder-webm-vp8: eb34c28f22e8b96e1ab97ce403110664 -> 
  custom:framework-osx-AVFoundation: e770b220cccbd017edd2c1fefb359320 -> 
  custom:CustomObjectIndexerAttribute: bc11b3a6c3213fcdd17b65e7da85e133 -> 
  custom:audio-encoder-webm-vorbis: bf7c407c2cedff20999df2af8eb42d56 -> 
  custom:SearchIndexIgnoredProperties: e643bd26f0fe6173181afceb89e7c659 -> 
  custom:container-demuxer-ogg: 62fdf1f143b41e24485cea50d1cbac27 -> 
  custom:video-decoder-webm-vp8: 9c59270c3fd7afecdb556c50c9e8de78 -> 
  custom:audio-decoder-ogg-vorbis: bf7c407c2cedff20999df2af8eb42d56 -> 
========================================================================
Received Prepare
Registering precompiled user dll's ...
Registered in 0.005656 seconds.
Begin MonoManager ReloadAssembly
Thread 0x16d9eb000 may have been prematurely finalized
Symbol file data-0x138330000 doesn't match image /Users/manaralsatrawi/GameDev/Blackwoods-Curse/BlackwoodsCurse/Library/ScriptAssemblies/Unity.VisualScripting.Flow.Editor.dll
Symbol file LoadedFromMemory is not a mono symbol file
Symbol file data-0x32238b000 doesn't match image /Users/manaralsatrawi/GameDev/Blackwoods-Curse/BlackwoodsCurse/Library/ScriptAssemblies/Unity.VSCode.Editor.dll
Symbol file LoadedFromMemory is not a mono symbol file
Symbol file data-0x322391600 doesn't match image /Users/manaralsatrawi/GameDev/Blackwoods-Curse/BlackwoodsCurse/Library/ScriptAssemblies/Unity.VisualScripting.Shared.Editor.dll
Symbol file LoadedFromMemory is not a mono symbol file
Symbol file data-0x138388000 doesn't match image /Users/manaralsatrawi/GameDev/Blackwoods-Curse/BlackwoodsCurse/Library/ScriptAssemblies/Unity.TextMeshPro.Editor.dll
Symbol file LoadedFromMemory is not a mono symbol file
Symbol file data-0x1383a0000 doesn't match image /Users/manaralsatrawi/GameDev/Blackwoods-Curse/BlackwoodsCurse/Library/ScriptAssemblies/Unity.VisualStudio.Editor.dll
Symbol file LoadedFromMemory is not a mono symbol file
Symbol file data-0x1383f0000 doesn't match image /Users/manaralsatrawi/GameDev/Blackwoods-Curse/BlackwoodsCurse/Library/ScriptAssemblies/Unity.Performance.Profile-Analyzer.Editor.dll
Symbol file LoadedFromMemory is not a mono symbol file
Symbol file data-0x322396800 doesn't match image /Users/manaralsatrawi/GameDev/Blackwoods-Curse/BlackwoodsCurse/Library/ScriptAssemblies/Unity.TestTools.CodeCoverage.Editor.OpenCover.Model.dll
Symbol file LoadedFromMemory is not a mono symbol file
Symbol file data-0x32239c800 doesn't match image /Users/manaralsatrawi/GameDev/Blackwoods-Curse/BlackwoodsCurse/Library/ScriptAssemblies/Unity.Settings.Editor.dll
Symbol file LoadedFromMemory is not a mono symbol file
Symbol file data-0x1384b8000 doesn't match image /Users/manaralsatrawi/GameDev/Blackwoods-Curse/BlackwoodsCurse/Library/ScriptAssemblies/Unity.Timeline.Editor.dll
Symbol file LoadedFromMemory is not a mono symbol file
Symbol file data-0x138528000 doesn't match image /Users/manaralsatrawi/GameDev/Blackwoods-Curse/BlackwoodsCurse/Library/ScriptAssemblies/Unity.Timeline.dll
Symbol file LoadedFromMemory is not a mono symbol file
Symbol file data-0x138640000 doesn't match image /Users/manaralsatrawi/GameDev/Blackwoods-Curse/BlackwoodsCurse/Library/ScriptAssemblies/Unity.VisualScripting.Core.Editor.dll
Symbol file LoadedFromMemory is not a mono symbol file
Symbol file data-0x1384b8000 doesn't match image /Users/manaralsatrawi/GameDev/Blackwoods-Curse/BlackwoodsCurse/Library/ScriptAssemblies/Unity.TextMeshPro.dll
Symbol file LoadedFromMemory is not a mono symbol file
Symbol file data-0x138528000 doesn't match image /Users/manaralsatrawi/GameDev/Blackwoods-Curse/BlackwoodsCurse/Library/ScriptAssemblies/Unity.VisualScripting.State.Editor.dll
Symbol file LoadedFromMemory is not a mono symbol file
Symbol file data-0x138528000 doesn't match image /Users/manaralsatrawi/GameDev/Blackwoods-Curse/BlackwoodsCurse/Library/ScriptAssemblies/MerryYellow.CodeAssist.Editor.dll
Symbol file LoadedFromMemory is not a mono symbol file
Symbol file data-0x32239a400 doesn't match image /Users/manaralsatrawi/GameDev/Blackwoods-Curse/BlackwoodsCurse/Library/ScriptAssemblies/Unity.CollabProxy.Editor.dll
Symbol file LoadedFromMemory is not a mono symbol file
Symbol file data-0x32239fe00 doesn't match image /Users/manaralsatrawi/GameDev/Blackwoods-Curse/BlackwoodsCurse/Library/ScriptAssemblies/Unity.InputSystem.ForUI.dll
Symbol file LoadedFromMemory is not a mono symbol file
Symbol file data-0x3223a3e00 doesn't match image /Users/manaralsatrawi/GameDev/Blackwoods-Curse/BlackwoodsCurse/Library/ScriptAssemblies/Unity.VisualScripting.SettingsProvider.Editor.dll
Symbol file LoadedFromMemory is not a mono symbol file
Symbol file data-0x32239fe00 doesn't match image /Users/manaralsatrawi/GameDev/Blackwoods-Curse/BlackwoodsCurse/Library/ScriptAssemblies/Unity.TestTools.CodeCoverage.Editor.OpenCover.Mono.Reflection.dll
Symbol file LoadedFromMemory is not a mono symbol file
Symbol file data-0x138750000 doesn't match image /Users/manaralsatrawi/GameDev/Blackwoods-Curse/BlackwoodsCurse/Library/ScriptAssemblies/Unity.VisualScripting.Flow.dll
Symbol file LoadedFromMemory is not a mono symbol file
Symbol file data-0x138688000 doesn't match image /Users/manaralsatrawi/GameDev/Blackwoods-Curse/BlackwoodsCurse/Library/ScriptAssemblies/UnityEditor.UI.dll
Symbol file LoadedFromMemory is not a mono symbol file
Symbol file data-0x1388c0000 doesn't match image /Users/manaralsatrawi/GameDev/Blackwoods-Curse/BlackwoodsCurse/Library/ScriptAssemblies/Unity.InputSystem.dll
Symbol file LoadedFromMemory is not a mono symbol file
Symbol file data-0x138688000 doesn't match image /Users/manaralsatrawi/GameDev/Blackwoods-Curse/BlackwoodsCurse/Library/ScriptAssemblies/Unity.Rider.Editor.dll
Symbol file LoadedFromMemory is not a mono symbol file
Symbol file data-0x1388c0000 doesn't match image /Users/manaralsatrawi/GameDev/Blackwoods-Curse/BlackwoodsCurse/Library/ScriptAssemblies/Unity.PlasticSCM.Editor.dll
Symbol file LoadedFromMemory is not a mono symbol file
Symbol file data-0x12a108000 doesn't match image /Users/manaralsatrawi/GameDev/Blackwoods-Curse/BlackwoodsCurse/Library/ScriptAssemblies/Unity.TestTools.CodeCoverage.Editor.dll
Symbol file LoadedFromMemory is not a mono symbol file
Symbol file data-0x12a158000 doesn't match image /Users/manaralsatrawi/GameDev/Blackwoods-Curse/BlackwoodsCurse/Library/ScriptAssemblies/UnityEngine.UI.dll
Symbol file LoadedFromMemory is not a mono symbol file
Symbol file data-0x321e83a00 doesn't match image /Users/manaralsatrawi/GameDev/Blackwoods-Curse/BlackwoodsCurse/Library/ScriptAssemblies/Unity.InputSystem.TestFramework.dll
Symbol file LoadedFromMemory is not a mono symbol file
Symbol file data-0x3219f0000 doesn't match image /Users/manaralsatrawi/GameDev/Blackwoods-Curse/BlackwoodsCurse/Library/ScriptAssemblies/Unity.VisualScripting.State.dll
Symbol file LoadedFromMemory is not a mono symbol file
Symbol file data-0x12a208000 doesn't match image /Users/manaralsatrawi/GameDev/Blackwoods-Curse/BlackwoodsCurse/Library/ScriptAssemblies/Unity.VisualScripting.Core.dll
Symbol file LoadedFromMemory is not a mono symbol file
Symbol file data-0x32195cc00 doesn't match image /Users/manaralsatrawi/GameDev/Blackwoods-Curse/BlackwoodsCurse/Library/ScriptAssemblies/Unity.EditorCoroutines.Editor.dll
Symbol file LoadedFromMemory is not a mono symbol file
Native extension for OSXStandalone target not found
Refreshing native plugins compatible for Editor in 0.95 ms, found 2 plugins.
Preloading 0 native plugins for Editor in 0.00 ms.
[Package Manager] Server::EnsureServerProcessIsRunning -- launch failed, reason: Unity was launched with the -noUpm command-line argument
[Package Manager] Cannot connect to Unity Package Manager local server
Mono: successfully reloaded assembly
- Completed reload, in  2.310 seconds
Domain Reload Profiling:
	ReloadAssembly (2311ms)
		BeginReloadAssembly (304ms)
			ExecutionOrderSort (0ms)
			DisableScriptedObjects (7ms)
			BackupInstance (0ms)
			ReleaseScriptingObjects (0ms)
			CreateAndSetChildDomain (147ms)
		EndReloadAssembly (1824ms)
			LoadAssemblies (125ms)
			RebuildTransferFunctionScriptingTraits (0ms)
			SetupTypeCache (642ms)
			ReleaseScriptCaches (12ms)
			RebuildScriptCaches (78ms)
			SetupLoadedEditorAssemblies (886ms)
				LogAssemblyErrors (0ms)
				InitializePlatformSupportModulesInManaged (6ms)
				SetLoadedEditorAssemblies (1ms)
				RefreshPlugins (1ms)
				BeforeProcessingInitializeOnLoad (96ms)
				ProcessInitializeOnLoadAttributes (763ms)
				ProcessInitializeOnLoadMethodAttributes (18ms)
				AfterProcessingInitializeOnLoad (1ms)
				EditorAssembliesLoaded (0ms)
			ExecutionOrderSort2 (0ms)
			AwakeInstancesAfterBackupRestoration (4ms)
Platform modules already initialized, skipping
Refreshing native plugins compatible for Editor in 0.75 ms, found 2 plugins.
Preloading 0 native plugins for Editor in 0.00 ms.
Unloading 3509 Unused Serialized files (Serialized files now loaded: 0)
Unloading 34 unused Assets / (22.0 KB). Loaded Objects now: 4090.
Memory consumption went from 211.9 MB to 211.9 MB.
Total: 4.072583 ms (FindLiveObjects: 0.207208 ms CreateObjectMapping: 0.122084 ms MarkObjects: 3.697709 ms  DeleteObjects: 0.044583 ms)

AssetImportParameters requested are different than current active one (requested -> active):
  custom:video-decoder-ogg-theora: a1e56fd34408186e4bbccfd4996cb3dc -> 
  custom:container-muxer-webm: aa71ff27fc2769a1b78a27578f13a17b -> 
  custom:container-demuxer-webm: 4f35f7cbe854078d1ac9338744f61a02 -> 
  custom:video-encoder-webm-vp8: eb34c28f22e8b96e1ab97ce403110664 -> 
  custom:framework-osx-AVFoundation: e770b220cccbd017edd2c1fefb359320 -> 
  custom:CustomObjectIndexerAttribute: bc11b3a6c3213fcdd17b65e7da85e133 -> 
  custom:audio-encoder-webm-vorbis: bf7c407c2cedff20999df2af8eb42d56 -> 
  custom:SearchIndexIgnoredProperties: e643bd26f0fe6173181afceb89e7c659 -> 
  custom:container-demuxer-ogg: 62fdf1f143b41e24485cea50d1cbac27 -> 
  custom:video-decoder-webm-vp8: 9c59270c3fd7afecdb556c50c9e8de78 -> 
  custom:audio-decoder-ogg-vorbis: bf7c407c2cedff20999df2af8eb42d56 -> 
