Unity Editor version:    2021.3.39f1 (fb3b7b32f191)
Branch:                  2021.3/staging
Build type:              Release
Batch mode:              YES
macOS version:           Version 15.3.1 (Build 24D70)
Darwin version:          24.3.0
Architecture:            arm64
Running under Rosetta:   NO
Available memory:        16384 MB
Using pre-set license
Pro License: YES

COMMAND LINE ARGUMENTS:
/Applications/Unity/Unity.app/Contents/MacOS/Unity
-adb2
-batchMode
-noUpm
-name
AssetImportWorker3
-projectPath
/Users/manaralsatrawi/GameDev/Blackwoods-Curse/BlackwoodsCurse
-logFile
Logs/AssetImportWorker3.log
-srvPort
52568
Successfully changed project path to: /Users/manaralsatrawi/GameDev/Blackwoods-Curse/BlackwoodsCurse
/Users/manaralsatrawi/GameDev/Blackwoods-Curse/BlackwoodsCurse
[UnityMemory] Configuration Parameters - Can be set up in boot.config
    "memorysetup-bucket-allocator-granularity=16"
    "memorysetup-bucket-allocator-bucket-count=8"
    "memorysetup-bucket-allocator-block-size=33554432"
    "memorysetup-bucket-allocator-block-count=8"
    "memorysetup-main-allocator-block-size=16777216"
    "memorysetup-thread-allocator-block-size=16777216"
    "memorysetup-gfx-main-allocator-block-size=16777216"
    "memorysetup-gfx-thread-allocator-block-size=16777216"
    "memorysetup-cache-allocator-block-size=4194304"
    "memorysetup-typetree-allocator-block-size=2097152"
    "memorysetup-profiler-bucket-allocator-granularity=16"
    "memorysetup-profiler-bucket-allocator-bucket-count=8"
    "memorysetup-profiler-bucket-allocator-block-size=33554432"
    "memorysetup-profiler-bucket-allocator-block-count=8"
    "memorysetup-profiler-allocator-block-size=16777216"
    "memorysetup-profiler-editor-allocator-block-size=1048576"
    "memorysetup-temp-allocator-size-main=16777216"
    "memorysetup-job-temp-allocator-block-size=2097152"
    "memorysetup-job-temp-allocator-block-size-background=1048576"
    "memorysetup-job-temp-allocator-reduction-small-platforms=262144"
    "memorysetup-temp-allocator-size-background-worker=32768"
    "memorysetup-temp-allocator-size-job-worker=262144"
    "memorysetup-temp-allocator-size-preload-manager=33554432"
    "memorysetup-temp-allocator-size-nav-mesh-worker=65536"
    "memorysetup-temp-allocator-size-audio-worker=65536"
    "memorysetup-temp-allocator-size-cloud-worker=32768"
    "memorysetup-temp-allocator-size-gi-baking-worker=262144"
    "memorysetup-temp-allocator-size-gfx=262144"
Player connection [8512391232] Host "[IP] 192.168.100.244 [Port] 0 [Flags] 2 [Guid] 1264990804 [EditorId] 1264990804 [Version] 1048832 [Id] OSXEditor(0,Manars-MacBook-Air.local) [Debug] 1 [PackageName] OSXEditor [ProjectName] Editor" joined multi-casting on [225.0.0.222:54997]...

Player connection [8512391232] Host "[IP] 192.168.100.244 [Port] 0 [Flags] 2 [Guid] 1264990804 [EditorId] 1264990804 [Version] 1048832 [Id] OSXEditor(0,Manars-MacBook-Air.local) [Debug] 1 [PackageName] OSXEditor [ProjectName] Editor" joined alternative multi-casting on [225.0.0.222:34997]...

[Physics::Module] Initialized MultithreadedJobDispatcher with {0} workers.
Refreshing native plugins compatible for Editor in 71.15 ms, found 2 plugins.
Preloading 0 native plugins for Editor in 0.00 ms.
Initialize engine version: 2021.3.39f1 (fb3b7b32f191)
[Subsystems] Discovering subsystems at path /Applications/Unity/Unity.app/Contents/Resources/UnitySubsystems
[Subsystems] Discovering subsystems at path /Users/manaralsatrawi/GameDev/Blackwoods-Curse/BlackwoodsCurse/Assets
GfxDevice: creating device client; threaded=0; jobified=0
 preferred device: Apple M1 (high power)
Metal devices available: 1
0: Apple M1 (high power)
Using device Apple M1 (high power)
Initializing Metal device caps: Apple M1
Initialize mono
Mono path[0] = '/Applications/Unity/Unity.app/Contents/Managed'
Mono path[1] = '/Applications/Unity/Unity.app/Contents/MonoBleedingEdge/lib/mono/unityjit-macos'
Mono config path = '/Applications/Unity/Unity.app/Contents/MonoBleedingEdge/etc'
Using monoOptions --debugger-agent=transport=dt_socket,embedding=1,server=y,suspend=n,address=127.0.0.1:56820
Begin MonoManager ReloadAssembly
Registering precompiled unity dll's ...
Register platform support module: /Applications/Unity/Unity.app/Contents/PlaybackEngines/MacStandaloneSupport/UnityEditor.OSXStandalone.Extensions.dll
Registered in 0.000399 seconds.
Native extension for OSXStandalone target not found
Refreshing native plugins compatible for Editor in 68.70 ms, found 2 plugins.
Preloading 0 native plugins for Editor in 0.00 ms.
Mono: successfully reloaded assembly
- Completed reload, in  0.409 seconds
Domain Reload Profiling:
	ReloadAssembly (409ms)
		BeginReloadAssembly (46ms)
			ExecutionOrderSort (0ms)
			DisableScriptedObjects (0ms)
			BackupInstance (0ms)
			ReleaseScriptingObjects (0ms)
			CreateAndSetChildDomain (0ms)
		EndReloadAssembly (308ms)
			LoadAssemblies (45ms)
			RebuildTransferFunctionScriptingTraits (0ms)
			SetupTypeCache (72ms)
			ReleaseScriptCaches (0ms)
			RebuildScriptCaches (20ms)
			SetupLoadedEditorAssemblies (189ms)
				LogAssemblyErrors (0ms)
				InitializePlatformSupportModulesInManaged (3ms)
				SetLoadedEditorAssemblies (0ms)
				RefreshPlugins (69ms)
				BeforeProcessingInitializeOnLoad (1ms)
				ProcessInitializeOnLoadAttributes (91ms)
				ProcessInitializeOnLoadMethodAttributes (25ms)
				AfterProcessingInitializeOnLoad (0ms)
				EditorAssembliesLoaded (0ms)
			ExecutionOrderSort2 (0ms)
			AwakeInstancesAfterBackupRestoration (0ms)
Platform modules already initialized, skipping
Registering precompiled user dll's ...
Registered in 0.004555 seconds.
Begin MonoManager ReloadAssembly
Symbol file data-0x128588000 doesn't match image /Users/manaralsatrawi/GameDev/Blackwoods-Curse/BlackwoodsCurse/Library/ScriptAssemblies/Assembly-CSharp.dll
Symbol file LoadedFromMemory is not a mono symbol file
Symbol file data-0x128568000 doesn't match image /Users/manaralsatrawi/GameDev/Blackwoods-Curse/BlackwoodsCurse/Library/ScriptAssemblies/Unity.VisualScripting.Flow.Editor.dll
Symbol file LoadedFromMemory is not a mono symbol file
Symbol file data-0x166201a00 doesn't match image /Users/manaralsatrawi/GameDev/Blackwoods-Curse/BlackwoodsCurse/Library/ScriptAssemblies/Unity.VSCode.Editor.dll
Symbol file LoadedFromMemory is not a mono symbol file
Symbol file data-0x166208000 doesn't match image /Users/manaralsatrawi/GameDev/Blackwoods-Curse/BlackwoodsCurse/Library/ScriptAssemblies/Unity.VisualScripting.Shared.Editor.dll
Symbol file LoadedFromMemory is not a mono symbol file
Symbol file data-0x128638000 doesn't match image /Users/manaralsatrawi/GameDev/Blackwoods-Curse/BlackwoodsCurse/Library/ScriptAssemblies/Unity.TextMeshPro.Editor.dll
Symbol file LoadedFromMemory is not a mono symbol file
Symbol file data-0x128650000 doesn't match image /Users/manaralsatrawi/GameDev/Blackwoods-Curse/BlackwoodsCurse/Library/ScriptAssemblies/Unity.VisualStudio.Editor.dll
Symbol file LoadedFromMemory is not a mono symbol file
Symbol file data-0x1286a0000 doesn't match image /Users/manaralsatrawi/GameDev/Blackwoods-Curse/BlackwoodsCurse/Library/ScriptAssemblies/Unity.Performance.Profile-Analyzer.Editor.dll
Symbol file LoadedFromMemory is not a mono symbol file
Symbol file data-0x166207600 doesn't match image /Users/manaralsatrawi/GameDev/Blackwoods-Curse/BlackwoodsCurse/Library/ScriptAssemblies/Unity.TestTools.CodeCoverage.Editor.OpenCover.Model.dll
Symbol file LoadedFromMemory is not a mono symbol file
Symbol file data-0x16620de00 doesn't match image /Users/manaralsatrawi/GameDev/Blackwoods-Curse/BlackwoodsCurse/Library/ScriptAssemblies/Unity.Settings.Editor.dll
Symbol file LoadedFromMemory is not a mono symbol file
Symbol file data-0x128768000 doesn't match image /Users/manaralsatrawi/GameDev/Blackwoods-Curse/BlackwoodsCurse/Library/ScriptAssemblies/Unity.Timeline.Editor.dll
Symbol file LoadedFromMemory is not a mono symbol file
Symbol file data-0x318820000 doesn't match image /Users/manaralsatrawi/GameDev/Blackwoods-Curse/BlackwoodsCurse/Library/ScriptAssemblies/Unity.Timeline.dll
Symbol file LoadedFromMemory is not a mono symbol file
Symbol file data-0x1287b0000 doesn't match image /Users/manaralsatrawi/GameDev/Blackwoods-Curse/BlackwoodsCurse/Library/ScriptAssemblies/Unity.VisualScripting.Core.Editor.dll
Symbol file LoadedFromMemory is not a mono symbol file
Symbol file data-0x318998000 doesn't match image /Users/manaralsatrawi/GameDev/Blackwoods-Curse/BlackwoodsCurse/Library/ScriptAssemblies/Unity.TextMeshPro.dll
Symbol file LoadedFromMemory is not a mono symbol file
Symbol file data-0x318750000 doesn't match image /Users/manaralsatrawi/GameDev/Blackwoods-Curse/BlackwoodsCurse/Library/ScriptAssemblies/Unity.VisualScripting.State.Editor.dll
Symbol file LoadedFromMemory is not a mono symbol file
Symbol file data-0x128768000 doesn't match image /Users/manaralsatrawi/GameDev/Blackwoods-Curse/BlackwoodsCurse/Library/ScriptAssemblies/MerryYellow.CodeAssist.Editor.dll
Symbol file LoadedFromMemory is not a mono symbol file
Symbol file data-0x1377b8200 doesn't match image /Users/manaralsatrawi/GameDev/Blackwoods-Curse/BlackwoodsCurse/Library/ScriptAssemblies/Unity.CollabProxy.Editor.dll
Symbol file LoadedFromMemory is not a mono symbol file
Symbol file data-0x16620de00 doesn't match image /Users/manaralsatrawi/GameDev/Blackwoods-Curse/BlackwoodsCurse/Library/ScriptAssemblies/Unity.InputSystem.ForUI.dll
Symbol file LoadedFromMemory is not a mono symbol file
Symbol file data-0x1365cca00 doesn't match image /Users/manaralsatrawi/GameDev/Blackwoods-Curse/BlackwoodsCurse/Library/ScriptAssemblies/Unity.VisualScripting.SettingsProvider.Editor.dll
Symbol file LoadedFromMemory is not a mono symbol file
Symbol file data-0x166214800 doesn't match image /Users/manaralsatrawi/GameDev/Blackwoods-Curse/BlackwoodsCurse/Library/ScriptAssemblies/Unity.TestTools.CodeCoverage.Editor.OpenCover.Mono.Reflection.dll
Symbol file LoadedFromMemory is not a mono symbol file
Symbol file data-0x128808000 doesn't match image /Users/manaralsatrawi/GameDev/Blackwoods-Curse/BlackwoodsCurse/Library/ScriptAssemblies/Unity.VisualScripting.Flow.dll
Symbol file LoadedFromMemory is not a mono symbol file
Symbol file data-0x128768000 doesn't match image /Users/manaralsatrawi/GameDev/Blackwoods-Curse/BlackwoodsCurse/Library/ScriptAssemblies/UnityEditor.UI.dll
Symbol file LoadedFromMemory is not a mono symbol file
Symbol file data-0x1289c0000 doesn't match image /Users/manaralsatrawi/GameDev/Blackwoods-Curse/BlackwoodsCurse/Library/ScriptAssemblies/Unity.InputSystem.dll
Symbol file LoadedFromMemory is not a mono symbol file
Symbol file data-0x128768000 doesn't match image /Users/manaralsatrawi/GameDev/Blackwoods-Curse/BlackwoodsCurse/Library/ScriptAssemblies/Unity.Rider.Editor.dll
Symbol file LoadedFromMemory is not a mono symbol file
Symbol file data-0x318a40000 doesn't match image /Users/manaralsatrawi/GameDev/Blackwoods-Curse/BlackwoodsCurse/Library/ScriptAssemblies/Unity.PlasticSCM.Editor.dll
Symbol file LoadedFromMemory is not a mono symbol file
Symbol file data-0x318750000 doesn't match image /Users/manaralsatrawi/GameDev/Blackwoods-Curse/BlackwoodsCurse/Library/ScriptAssemblies/Unity.TestTools.CodeCoverage.Editor.dll
Symbol file LoadedFromMemory is not a mono symbol file
Symbol file data-0x318aa0000 doesn't match image /Users/manaralsatrawi/GameDev/Blackwoods-Curse/BlackwoodsCurse/Library/ScriptAssemblies/UnityEngine.UI.dll
Symbol file LoadedFromMemory is not a mono symbol file
Symbol file data-0x1365cca00 doesn't match image /Users/manaralsatrawi/GameDev/Blackwoods-Curse/BlackwoodsCurse/Library/ScriptAssemblies/Unity.InputSystem.TestFramework.dll
Symbol file LoadedFromMemory is not a mono symbol file
Symbol file data-0x1377f5800 doesn't match image /Users/manaralsatrawi/GameDev/Blackwoods-Curse/BlackwoodsCurse/Library/ScriptAssemblies/Unity.VisualScripting.State.dll
Symbol file LoadedFromMemory is not a mono symbol file
Symbol file data-0x318b50000 doesn't match image /Users/manaralsatrawi/GameDev/Blackwoods-Curse/BlackwoodsCurse/Library/ScriptAssemblies/Unity.VisualScripting.Core.dll
Symbol file LoadedFromMemory is not a mono symbol file
Symbol file data-0x1377b8200 doesn't match image /Users/manaralsatrawi/GameDev/Blackwoods-Curse/BlackwoodsCurse/Library/ScriptAssemblies/Unity.EditorCoroutines.Editor.dll
Symbol file LoadedFromMemory is not a mono symbol file
Native extension for OSXStandalone target not found
Refreshing native plugins compatible for Editor in 67.75 ms, found 2 plugins.
Preloading 0 native plugins for Editor in 0.00 ms.
Package Manager log level set to [2]
[Package Manager] Server::EnsureServerProcessIsRunning -- launch failed, reason: Unity was launched with the -noUpm command-line argument
[Package Manager] Cannot connect to Unity Package Manager local server
Mono: successfully reloaded assembly
- Completed reload, in  0.772 seconds
Domain Reload Profiling:
	ReloadAssembly (772ms)
		BeginReloadAssembly (68ms)
			ExecutionOrderSort (0ms)
			DisableScriptedObjects (4ms)
			BackupInstance (0ms)
			ReleaseScriptingObjects (0ms)
			CreateAndSetChildDomain (15ms)
		EndReloadAssembly (639ms)
			LoadAssemblies (58ms)
			RebuildTransferFunctionScriptingTraits (0ms)
			SetupTypeCache (187ms)
			ReleaseScriptCaches (0ms)
			RebuildScriptCaches (34ms)
			SetupLoadedEditorAssemblies (341ms)
				LogAssemblyErrors (0ms)
				InitializePlatformSupportModulesInManaged (2ms)
				SetLoadedEditorAssemblies (0ms)
				RefreshPlugins (68ms)
				BeforeProcessingInitializeOnLoad (53ms)
				ProcessInitializeOnLoadAttributes (208ms)
				ProcessInitializeOnLoadMethodAttributes (10ms)
				AfterProcessingInitializeOnLoad (1ms)
				EditorAssembliesLoaded (0ms)
			ExecutionOrderSort2 (0ms)
			AwakeInstancesAfterBackupRestoration (2ms)
Platform modules already initialized, skipping
========================================================================
Worker process is ready to serve import requests
Launching external process: /Applications/Unity/Unity.app/Contents/Tools/UnityShaderCompiler
Launched and connected shader compiler UnityShaderCompiler after 0.03 seconds
Refreshing native plugins compatible for Editor in 0.51 ms, found 2 plugins.
Preloading 0 native plugins for Editor in 0.00 ms.
Unloading 3519 Unused Serialized files (Serialized files now loaded: 0)
Unloading 41 unused Assets / (Unknown). Loaded Objects now: 3992.
Memory consumption went from 208.2 MB to 208.3 MB.
Total: 2.309583 ms (FindLiveObjects: 0.122333 ms CreateObjectMapping: 0.045917 ms MarkObjects: 2.082208 ms  DeleteObjects: 0.058584 ms)

AssetImportParameters requested are different than current active one (requested -> active):
  custom:video-decoder-ogg-theora: a1e56fd34408186e4bbccfd4996cb3dc -> 
  custom:container-muxer-webm: aa71ff27fc2769a1b78a27578f13a17b -> 
  custom:container-demuxer-webm: 4f35f7cbe854078d1ac9338744f61a02 -> 
  custom:video-encoder-webm-vp8: eb34c28f22e8b96e1ab97ce403110664 -> 
  custom:framework-osx-AVFoundation: e770b220cccbd017edd2c1fefb359320 -> 
  custom:CustomObjectIndexerAttribute: bc11b3a6c3213fcdd17b65e7da85e133 -> 
  custom:audio-encoder-webm-vorbis: bf7c407c2cedff20999df2af8eb42d56 -> 
  custom:SearchIndexIgnoredProperties: e643bd26f0fe6173181afceb89e7c659 -> 
  custom:container-demuxer-ogg: 62fdf1f143b41e24485cea50d1cbac27 -> 
  custom:video-decoder-webm-vp8: 9c59270c3fd7afecdb556c50c9e8de78 -> 
  custom:audio-decoder-ogg-vorbis: bf7c407c2cedff20999df2af8eb42d56 -> 
========================================================================
Received Prepare
Registering precompiled user dll's ...
Registered in 0.002264 seconds.
Begin MonoManager ReloadAssembly
Thread 0x326287000 may have been prematurely finalized
Symbol file data-0x318600000 doesn't match image /Users/manaralsatrawi/GameDev/Blackwoods-Curse/BlackwoodsCurse/Library/ScriptAssemblies/Assembly-CSharp.dll
Symbol file LoadedFromMemory is not a mono symbol file
Symbol file data-0x318690000 doesn't match image /Users/manaralsatrawi/GameDev/Blackwoods-Curse/BlackwoodsCurse/Library/ScriptAssemblies/Unity.VisualScripting.Flow.Editor.dll
Symbol file LoadedFromMemory is not a mono symbol file
Symbol file data-0x1365cc600 doesn't match image /Users/manaralsatrawi/GameDev/Blackwoods-Curse/BlackwoodsCurse/Library/ScriptAssemblies/Unity.VSCode.Editor.dll
Symbol file LoadedFromMemory is not a mono symbol file
Symbol file data-0x1364f0a00 doesn't match image /Users/manaralsatrawi/GameDev/Blackwoods-Curse/BlackwoodsCurse/Library/ScriptAssemblies/Unity.VisualScripting.Shared.Editor.dll
Symbol file LoadedFromMemory is not a mono symbol file
Symbol file data-0x3186e8000 doesn't match image /Users/manaralsatrawi/GameDev/Blackwoods-Curse/BlackwoodsCurse/Library/ScriptAssemblies/Unity.TextMeshPro.Editor.dll
Symbol file LoadedFromMemory is not a mono symbol file
Symbol file data-0x318700000 doesn't match image /Users/manaralsatrawi/GameDev/Blackwoods-Curse/BlackwoodsCurse/Library/ScriptAssemblies/Unity.VisualStudio.Editor.dll
Symbol file LoadedFromMemory is not a mono symbol file
Symbol file data-0x318750000 doesn't match image /Users/manaralsatrawi/GameDev/Blackwoods-Curse/BlackwoodsCurse/Library/ScriptAssemblies/Unity.Performance.Profile-Analyzer.Editor.dll
Symbol file LoadedFromMemory is not a mono symbol file
Symbol file data-0x1365cc600 doesn't match image /Users/manaralsatrawi/GameDev/Blackwoods-Curse/BlackwoodsCurse/Library/ScriptAssemblies/Unity.TestTools.CodeCoverage.Editor.OpenCover.Model.dll
Symbol file LoadedFromMemory is not a mono symbol file
Symbol file data-0x13660ee00 doesn't match image /Users/manaralsatrawi/GameDev/Blackwoods-Curse/BlackwoodsCurse/Library/ScriptAssemblies/Unity.Settings.Editor.dll
Symbol file LoadedFromMemory is not a mono symbol file
Symbol file data-0x318c10000 doesn't match image /Users/manaralsatrawi/GameDev/Blackwoods-Curse/BlackwoodsCurse/Library/ScriptAssemblies/Unity.Timeline.Editor.dll
Symbol file LoadedFromMemory is not a mono symbol file
Symbol file data-0x318c80000 doesn't match image /Users/manaralsatrawi/GameDev/Blackwoods-Curse/BlackwoodsCurse/Library/ScriptAssemblies/Unity.Timeline.dll
Symbol file LoadedFromMemory is not a mono symbol file
Symbol file data-0x150128000 doesn't match image /Users/manaralsatrawi/GameDev/Blackwoods-Curse/BlackwoodsCurse/Library/ScriptAssemblies/Unity.VisualScripting.Core.Editor.dll
Symbol file LoadedFromMemory is not a mono symbol file
Symbol file data-0x150080000 doesn't match image /Users/manaralsatrawi/GameDev/Blackwoods-Curse/BlackwoodsCurse/Library/ScriptAssemblies/Unity.TextMeshPro.dll
Symbol file LoadedFromMemory is not a mono symbol file
Symbol file data-0x1500b0000 doesn't match image /Users/manaralsatrawi/GameDev/Blackwoods-Curse/BlackwoodsCurse/Library/ScriptAssemblies/Unity.VisualScripting.State.Editor.dll
Symbol file LoadedFromMemory is not a mono symbol file
Symbol file data-0x1500b0000 doesn't match image /Users/manaralsatrawi/GameDev/Blackwoods-Curse/BlackwoodsCurse/Library/ScriptAssemblies/MerryYellow.CodeAssist.Editor.dll
Symbol file LoadedFromMemory is not a mono symbol file
Symbol file data-0x1368f7000 doesn't match image /Users/manaralsatrawi/GameDev/Blackwoods-Curse/BlackwoodsCurse/Library/ScriptAssemblies/Unity.CollabProxy.Editor.dll
Symbol file LoadedFromMemory is not a mono symbol file
Symbol file data-0x1368fc200 doesn't match image /Users/manaralsatrawi/GameDev/Blackwoods-Curse/BlackwoodsCurse/Library/ScriptAssemblies/Unity.InputSystem.ForUI.dll
Symbol file LoadedFromMemory is not a mono symbol file
Symbol file data-0x136900200 doesn't match image /Users/manaralsatrawi/GameDev/Blackwoods-Curse/BlackwoodsCurse/Library/ScriptAssemblies/Unity.VisualScripting.SettingsProvider.Editor.dll
Symbol file LoadedFromMemory is not a mono symbol file
Symbol file data-0x1368fc200 doesn't match image /Users/manaralsatrawi/GameDev/Blackwoods-Curse/BlackwoodsCurse/Library/ScriptAssemblies/Unity.TestTools.CodeCoverage.Editor.OpenCover.Mono.Reflection.dll
Symbol file LoadedFromMemory is not a mono symbol file
Symbol file data-0x150250000 doesn't match image /Users/manaralsatrawi/GameDev/Blackwoods-Curse/BlackwoodsCurse/Library/ScriptAssemblies/Unity.VisualScripting.Flow.dll
Symbol file LoadedFromMemory is not a mono symbol file
Symbol file data-0x150170000 doesn't match image /Users/manaralsatrawi/GameDev/Blackwoods-Curse/BlackwoodsCurse/Library/ScriptAssemblies/UnityEditor.UI.dll
Symbol file LoadedFromMemory is not a mono symbol file
Symbol file data-0x150438000 doesn't match image /Users/manaralsatrawi/GameDev/Blackwoods-Curse/BlackwoodsCurse/Library/ScriptAssemblies/Unity.InputSystem.dll
Symbol file LoadedFromMemory is not a mono symbol file
Symbol file data-0x150170000 doesn't match image /Users/manaralsatrawi/GameDev/Blackwoods-Curse/BlackwoodsCurse/Library/ScriptAssemblies/Unity.Rider.Editor.dll
Symbol file LoadedFromMemory is not a mono symbol file
Symbol file data-0x150268000 doesn't match image /Users/manaralsatrawi/GameDev/Blackwoods-Curse/BlackwoodsCurse/Library/ScriptAssemblies/Unity.PlasticSCM.Editor.dll
Symbol file LoadedFromMemory is not a mono symbol file
Symbol file data-0x150170000 doesn't match image /Users/manaralsatrawi/GameDev/Blackwoods-Curse/BlackwoodsCurse/Library/ScriptAssemblies/Unity.TestTools.CodeCoverage.Editor.dll
Symbol file LoadedFromMemory is not a mono symbol file
Symbol file data-0x150438000 doesn't match image /Users/manaralsatrawi/GameDev/Blackwoods-Curse/BlackwoodsCurse/Library/ScriptAssemblies/UnityEngine.UI.dll
Symbol file LoadedFromMemory is not a mono symbol file
Symbol file data-0x136905200 doesn't match image /Users/manaralsatrawi/GameDev/Blackwoods-Curse/BlackwoodsCurse/Library/ScriptAssemblies/Unity.InputSystem.TestFramework.dll
Symbol file LoadedFromMemory is not a mono symbol file
Symbol file data-0x136911a00 doesn't match image /Users/manaralsatrawi/GameDev/Blackwoods-Curse/BlackwoodsCurse/Library/ScriptAssemblies/Unity.VisualScripting.State.dll
Symbol file LoadedFromMemory is not a mono symbol file
Symbol file data-0x150460000 doesn't match image /Users/manaralsatrawi/GameDev/Blackwoods-Curse/BlackwoodsCurse/Library/ScriptAssemblies/Unity.VisualScripting.Core.dll
Symbol file LoadedFromMemory is not a mono symbol file
Symbol file data-0x136911a00 doesn't match image /Users/manaralsatrawi/GameDev/Blackwoods-Curse/BlackwoodsCurse/Library/ScriptAssemblies/Unity.EditorCoroutines.Editor.dll
Symbol file LoadedFromMemory is not a mono symbol file
Native extension for OSXStandalone target not found
Refreshing native plugins compatible for Editor in 0.47 ms, found 2 plugins.
Preloading 0 native plugins for Editor in 0.00 ms.
[Package Manager] Server::EnsureServerProcessIsRunning -- launch failed, reason: Unity was launched with the -noUpm command-line argument
[Package Manager] Cannot connect to Unity Package Manager local server
Mono: successfully reloaded assembly
- Completed reload, in  1.035 seconds
Domain Reload Profiling:
	ReloadAssembly (1036ms)
		BeginReloadAssembly (99ms)
			ExecutionOrderSort (0ms)
			DisableScriptedObjects (3ms)
			BackupInstance (0ms)
			ReleaseScriptingObjects (0ms)
			CreateAndSetChildDomain (37ms)
		EndReloadAssembly (879ms)
			LoadAssemblies (50ms)
			RebuildTransferFunctionScriptingTraits (0ms)
			SetupTypeCache (200ms)
			ReleaseScriptCaches (1ms)
			RebuildScriptCaches (28ms)
			SetupLoadedEditorAssemblies (580ms)
				LogAssemblyErrors (0ms)
				InitializePlatformSupportModulesInManaged (2ms)
				SetLoadedEditorAssemblies (0ms)
				RefreshPlugins (0ms)
				BeforeProcessingInitializeOnLoad (37ms)
				ProcessInitializeOnLoadAttributes (529ms)
				ProcessInitializeOnLoadMethodAttributes (11ms)
				AfterProcessingInitializeOnLoad (1ms)
				EditorAssembliesLoaded (0ms)
			ExecutionOrderSort2 (0ms)
			AwakeInstancesAfterBackupRestoration (2ms)
Platform modules already initialized, skipping
Refreshing native plugins compatible for Editor in 0.49 ms, found 2 plugins.
Preloading 0 native plugins for Editor in 0.00 ms.
Unloading 3509 Unused Serialized files (Serialized files now loaded: 0)
Unloading 34 unused Assets / (21.9 KB). Loaded Objects now: 3995.
Memory consumption went from 207.4 MB to 207.4 MB.
Total: 2.221583 ms (FindLiveObjects: 0.129417 ms CreateObjectMapping: 0.046500 ms MarkObjects: 2.029459 ms  DeleteObjects: 0.015458 ms)

AssetImportParameters requested are different than current active one (requested -> active):
  custom:video-decoder-ogg-theora: a1e56fd34408186e4bbccfd4996cb3dc -> 
  custom:container-muxer-webm: aa71ff27fc2769a1b78a27578f13a17b -> 
  custom:container-demuxer-webm: 4f35f7cbe854078d1ac9338744f61a02 -> 
  custom:video-encoder-webm-vp8: eb34c28f22e8b96e1ab97ce403110664 -> 
  custom:framework-osx-AVFoundation: e770b220cccbd017edd2c1fefb359320 -> 
  custom:CustomObjectIndexerAttribute: bc11b3a6c3213fcdd17b65e7da85e133 -> 
  custom:audio-encoder-webm-vorbis: bf7c407c2cedff20999df2af8eb42d56 -> 
  custom:SearchIndexIgnoredProperties: e643bd26f0fe6173181afceb89e7c659 -> 
  custom:container-demuxer-ogg: 62fdf1f143b41e24485cea50d1cbac27 -> 
  custom:video-decoder-webm-vp8: 9c59270c3fd7afecdb556c50c9e8de78 -> 
  custom:audio-decoder-ogg-vorbis: bf7c407c2cedff20999df2af8eb42d56 -> 
========================================================================
Received Prepare
Registering precompiled user dll's ...
Registered in 0.003169 seconds.
Begin MonoManager ReloadAssembly
Thread 0x17de87000 may have been prematurely finalized
Symbol file data-0x1289d8000 doesn't match image /Users/manaralsatrawi/GameDev/Blackwoods-Curse/BlackwoodsCurse/Library/ScriptAssemblies/Assembly-CSharp.dll
Symbol file LoadedFromMemory is not a mono symbol file
Symbol file data-0x128b10000 doesn't match image /Users/manaralsatrawi/GameDev/Blackwoods-Curse/BlackwoodsCurse/Library/ScriptAssemblies/Unity.VisualScripting.Flow.Editor.dll
Symbol file LoadedFromMemory is not a mono symbol file
Symbol file data-0x32396d800 doesn't match image /Users/manaralsatrawi/GameDev/Blackwoods-Curse/BlackwoodsCurse/Library/ScriptAssemblies/Unity.VSCode.Editor.dll
Symbol file LoadedFromMemory is not a mono symbol file
Symbol file data-0x323976e00 doesn't match image /Users/manaralsatrawi/GameDev/Blackwoods-Curse/BlackwoodsCurse/Library/ScriptAssemblies/Unity.VisualScripting.Shared.Editor.dll
Symbol file LoadedFromMemory is not a mono symbol file
Symbol file data-0x128b68000 doesn't match image /Users/manaralsatrawi/GameDev/Blackwoods-Curse/BlackwoodsCurse/Library/ScriptAssemblies/Unity.TextMeshPro.Editor.dll
Symbol file LoadedFromMemory is not a mono symbol file
Symbol file data-0x128b80000 doesn't match image /Users/manaralsatrawi/GameDev/Blackwoods-Curse/BlackwoodsCurse/Library/ScriptAssemblies/Unity.VisualStudio.Editor.dll
Symbol file LoadedFromMemory is not a mono symbol file
Symbol file data-0x128bd0000 doesn't match image /Users/manaralsatrawi/GameDev/Blackwoods-Curse/BlackwoodsCurse/Library/ScriptAssemblies/Unity.Performance.Profile-Analyzer.Editor.dll
Symbol file LoadedFromMemory is not a mono symbol file
Symbol file data-0x32393f400 doesn't match image /Users/manaralsatrawi/GameDev/Blackwoods-Curse/BlackwoodsCurse/Library/ScriptAssemblies/Unity.TestTools.CodeCoverage.Editor.OpenCover.Model.dll
Symbol file LoadedFromMemory is not a mono symbol file
Symbol file data-0x323945400 doesn't match image /Users/manaralsatrawi/GameDev/Blackwoods-Curse/BlackwoodsCurse/Library/ScriptAssemblies/Unity.Settings.Editor.dll
Symbol file LoadedFromMemory is not a mono symbol file
Symbol file data-0x128c98000 doesn't match image /Users/manaralsatrawi/GameDev/Blackwoods-Curse/BlackwoodsCurse/Library/ScriptAssemblies/Unity.Timeline.Editor.dll
Symbol file LoadedFromMemory is not a mono symbol file
Symbol file data-0x128d08000 doesn't match image /Users/manaralsatrawi/GameDev/Blackwoods-Curse/BlackwoodsCurse/Library/ScriptAssemblies/Unity.Timeline.dll
Symbol file LoadedFromMemory is not a mono symbol file
Symbol file data-0x128f00000 doesn't match image /Users/manaralsatrawi/GameDev/Blackwoods-Curse/BlackwoodsCurse/Library/ScriptAssemblies/Unity.VisualScripting.Core.Editor.dll
Symbol file LoadedFromMemory is not a mono symbol file
Symbol file data-0x128c98000 doesn't match image /Users/manaralsatrawi/GameDev/Blackwoods-Curse/BlackwoodsCurse/Library/ScriptAssemblies/Unity.TextMeshPro.dll
Symbol file LoadedFromMemory is not a mono symbol file
Symbol file data-0x128d08000 doesn't match image /Users/manaralsatrawi/GameDev/Blackwoods-Curse/BlackwoodsCurse/Library/ScriptAssemblies/Unity.VisualScripting.State.Editor.dll
Symbol file LoadedFromMemory is not a mono symbol file
Symbol file data-0x128d08000 doesn't match image /Users/manaralsatrawi/GameDev/Blackwoods-Curse/BlackwoodsCurse/Library/ScriptAssemblies/MerryYellow.CodeAssist.Editor.dll
Symbol file LoadedFromMemory is not a mono symbol file
Symbol file data-0x32393f400 doesn't match image /Users/manaralsatrawi/GameDev/Blackwoods-Curse/BlackwoodsCurse/Library/ScriptAssemblies/Unity.CollabProxy.Editor.dll
Symbol file LoadedFromMemory is not a mono symbol file
Symbol file data-0x323943800 doesn't match image /Users/manaralsatrawi/GameDev/Blackwoods-Curse/BlackwoodsCurse/Library/ScriptAssemblies/Unity.InputSystem.ForUI.dll
Symbol file LoadedFromMemory is not a mono symbol file
Symbol file data-0x323947000 doesn't match image /Users/manaralsatrawi/GameDev/Blackwoods-Curse/BlackwoodsCurse/Library/ScriptAssemblies/Unity.VisualScripting.SettingsProvider.Editor.dll
Symbol file LoadedFromMemory is not a mono symbol file
Symbol file data-0x323947000 doesn't match image /Users/manaralsatrawi/GameDev/Blackwoods-Curse/BlackwoodsCurse/Library/ScriptAssemblies/Unity.TestTools.CodeCoverage.Editor.OpenCover.Mono.Reflection.dll
Symbol file LoadedFromMemory is not a mono symbol file
Symbol file data-0x128f10000 doesn't match image /Users/manaralsatrawi/GameDev/Blackwoods-Curse/BlackwoodsCurse/Library/ScriptAssemblies/Unity.VisualScripting.Flow.dll
Symbol file LoadedFromMemory is not a mono symbol file
Symbol file data-0x128f40000 doesn't match image /Users/manaralsatrawi/GameDev/Blackwoods-Curse/BlackwoodsCurse/Library/ScriptAssemblies/UnityEditor.UI.dll
Symbol file LoadedFromMemory is not a mono symbol file
Symbol file data-0x129180000 doesn't match image /Users/manaralsatrawi/GameDev/Blackwoods-Curse/BlackwoodsCurse/Library/ScriptAssemblies/Unity.InputSystem.dll
Symbol file LoadedFromMemory is not a mono symbol file
Symbol file data-0x319888000 doesn't match image /Users/manaralsatrawi/GameDev/Blackwoods-Curse/BlackwoodsCurse/Library/ScriptAssemblies/Unity.Rider.Editor.dll
Symbol file LoadedFromMemory is not a mono symbol file
Symbol file data-0x3180a8000 doesn't match image /Users/manaralsatrawi/GameDev/Blackwoods-Curse/BlackwoodsCurse/Library/ScriptAssemblies/Unity.PlasticSCM.Editor.dll
Symbol file LoadedFromMemory is not a mono symbol file
Symbol file data-0x3198a8000 doesn't match image /Users/manaralsatrawi/GameDev/Blackwoods-Curse/BlackwoodsCurse/Library/ScriptAssemblies/Unity.TestTools.CodeCoverage.Editor.dll
Symbol file LoadedFromMemory is not a mono symbol file
Symbol file data-0x3180e8000 doesn't match image /Users/manaralsatrawi/GameDev/Blackwoods-Curse/BlackwoodsCurse/Library/ScriptAssemblies/UnityEngine.UI.dll
Symbol file LoadedFromMemory is not a mono symbol file
Symbol file data-0x167008200 doesn't match image /Users/manaralsatrawi/GameDev/Blackwoods-Curse/BlackwoodsCurse/Library/ScriptAssemblies/Unity.InputSystem.TestFramework.dll
Symbol file LoadedFromMemory is not a mono symbol file
Symbol file data-0x16701c600 doesn't match image /Users/manaralsatrawi/GameDev/Blackwoods-Curse/BlackwoodsCurse/Library/ScriptAssemblies/Unity.VisualScripting.State.dll
Symbol file LoadedFromMemory is not a mono symbol file
Symbol file data-0x129200000 doesn't match image /Users/manaralsatrawi/GameDev/Blackwoods-Curse/BlackwoodsCurse/Library/ScriptAssemblies/Unity.VisualScripting.Core.dll
Symbol file LoadedFromMemory is not a mono symbol file
Symbol file data-0x323949400 doesn't match image /Users/manaralsatrawi/GameDev/Blackwoods-Curse/BlackwoodsCurse/Library/ScriptAssemblies/Unity.EditorCoroutines.Editor.dll
Symbol file LoadedFromMemory is not a mono symbol file
Native extension for OSXStandalone target not found
Refreshing native plugins compatible for Editor in 0.72 ms, found 2 plugins.
Preloading 0 native plugins for Editor in 0.00 ms.
[Package Manager] Server::EnsureServerProcessIsRunning -- launch failed, reason: Unity was launched with the -noUpm command-line argument
[Package Manager] Cannot connect to Unity Package Manager local server
Mono: successfully reloaded assembly
- Completed reload, in  1.056 seconds
Domain Reload Profiling:
	ReloadAssembly (1056ms)
		BeginReloadAssembly (112ms)
			ExecutionOrderSort (0ms)
			DisableScriptedObjects (3ms)
			BackupInstance (0ms)
			ReleaseScriptingObjects (0ms)
			CreateAndSetChildDomain (46ms)
		EndReloadAssembly (886ms)
			LoadAssemblies (50ms)
			RebuildTransferFunctionScriptingTraits (0ms)
			SetupTypeCache (201ms)
			ReleaseScriptCaches (1ms)
			RebuildScriptCaches (27ms)
			SetupLoadedEditorAssemblies (588ms)
				LogAssemblyErrors (0ms)
				InitializePlatformSupportModulesInManaged (3ms)
				SetLoadedEditorAssemblies (0ms)
				RefreshPlugins (1ms)
				BeforeProcessingInitializeOnLoad (38ms)
				ProcessInitializeOnLoadAttributes (534ms)
				ProcessInitializeOnLoadMethodAttributes (11ms)
				AfterProcessingInitializeOnLoad (1ms)
				EditorAssembliesLoaded (0ms)
			ExecutionOrderSort2 (0ms)
			AwakeInstancesAfterBackupRestoration (2ms)
Platform modules already initialized, skipping
Refreshing native plugins compatible for Editor in 0.50 ms, found 2 plugins.
Preloading 0 native plugins for Editor in 0.00 ms.
Unloading 3509 Unused Serialized files (Serialized files now loaded: 0)
Unloading 34 unused Assets / (22.9 KB). Loaded Objects now: 3998.
Memory consumption went from 207.4 MB to 207.4 MB.
Total: 2.184042 ms (FindLiveObjects: 0.135833 ms CreateObjectMapping: 0.044083 ms MarkObjects: 1.984000 ms  DeleteObjects: 0.019500 ms)

AssetImportParameters requested are different than current active one (requested -> active):
  custom:video-decoder-ogg-theora: a1e56fd34408186e4bbccfd4996cb3dc -> 
  custom:container-muxer-webm: aa71ff27fc2769a1b78a27578f13a17b -> 
  custom:container-demuxer-webm: 4f35f7cbe854078d1ac9338744f61a02 -> 
  custom:video-encoder-webm-vp8: eb34c28f22e8b96e1ab97ce403110664 -> 
  custom:framework-osx-AVFoundation: e770b220cccbd017edd2c1fefb359320 -> 
  custom:CustomObjectIndexerAttribute: bc11b3a6c3213fcdd17b65e7da85e133 -> 
  custom:audio-encoder-webm-vorbis: bf7c407c2cedff20999df2af8eb42d56 -> 
  custom:SearchIndexIgnoredProperties: e643bd26f0fe6173181afceb89e7c659 -> 
  custom:container-demuxer-ogg: 62fdf1f143b41e24485cea50d1cbac27 -> 
  custom:video-decoder-webm-vp8: 9c59270c3fd7afecdb556c50c9e8de78 -> 
  custom:audio-decoder-ogg-vorbis: bf7c407c2cedff20999df2af8eb42d56 -> 
========================================================================
Received Prepare
Registering precompiled user dll's ...
Registered in 0.003062 seconds.
Begin MonoManager ReloadAssembly
Thread 0x17de87000 may have been prematurely finalized
Symbol file data-0x139260000 doesn't match image /Users/manaralsatrawi/GameDev/Blackwoods-Curse/BlackwoodsCurse/Library/ScriptAssemblies/Assembly-CSharp.dll
Symbol file LoadedFromMemory is not a mono symbol file
Symbol file data-0x139388000 doesn't match image /Users/manaralsatrawi/GameDev/Blackwoods-Curse/BlackwoodsCurse/Library/ScriptAssemblies/Unity.VisualScripting.Flow.Editor.dll
Symbol file LoadedFromMemory is not a mono symbol file
Symbol file data-0x32485c800 doesn't match image /Users/manaralsatrawi/GameDev/Blackwoods-Curse/BlackwoodsCurse/Library/ScriptAssemblies/Unity.VSCode.Editor.dll
Symbol file LoadedFromMemory is not a mono symbol file
Symbol file data-0x324865e00 doesn't match image /Users/manaralsatrawi/GameDev/Blackwoods-Curse/BlackwoodsCurse/Library/ScriptAssemblies/Unity.VisualScripting.Shared.Editor.dll
Symbol file LoadedFromMemory is not a mono symbol file
Symbol file data-0x1393e0000 doesn't match image /Users/manaralsatrawi/GameDev/Blackwoods-Curse/BlackwoodsCurse/Library/ScriptAssemblies/Unity.TextMeshPro.Editor.dll
Symbol file LoadedFromMemory is not a mono symbol file
Symbol file data-0x139260000 doesn't match image /Users/manaralsatrawi/GameDev/Blackwoods-Curse/BlackwoodsCurse/Library/ScriptAssemblies/Unity.VisualStudio.Editor.dll
Symbol file LoadedFromMemory is not a mono symbol file
Symbol file data-0x139420000 doesn't match image /Users/manaralsatrawi/GameDev/Blackwoods-Curse/BlackwoodsCurse/Library/ScriptAssemblies/Unity.Performance.Profile-Analyzer.Editor.dll
Symbol file LoadedFromMemory is not a mono symbol file
Symbol file data-0x324865e00 doesn't match image /Users/manaralsatrawi/GameDev/Blackwoods-Curse/BlackwoodsCurse/Library/ScriptAssemblies/Unity.TestTools.CodeCoverage.Editor.OpenCover.Model.dll
Symbol file LoadedFromMemory is not a mono symbol file
Symbol file data-0x32486be00 doesn't match image /Users/manaralsatrawi/GameDev/Blackwoods-Curse/BlackwoodsCurse/Library/ScriptAssemblies/Unity.Settings.Editor.dll
Symbol file LoadedFromMemory is not a mono symbol file
Symbol file data-0x1394f8000 doesn't match image /Users/manaralsatrawi/GameDev/Blackwoods-Curse/BlackwoodsCurse/Library/ScriptAssemblies/Unity.Timeline.Editor.dll
Symbol file LoadedFromMemory is not a mono symbol file
Symbol file data-0x139568000 doesn't match image /Users/manaralsatrawi/GameDev/Blackwoods-Curse/BlackwoodsCurse/Library/ScriptAssemblies/Unity.Timeline.dll
Symbol file LoadedFromMemory is not a mono symbol file
Symbol file data-0x139580000 doesn't match image /Users/manaralsatrawi/GameDev/Blackwoods-Curse/BlackwoodsCurse/Library/ScriptAssemblies/Unity.VisualScripting.Core.Editor.dll
Symbol file LoadedFromMemory is not a mono symbol file
Symbol file data-0x1394f8000 doesn't match image /Users/manaralsatrawi/GameDev/Blackwoods-Curse/BlackwoodsCurse/Library/ScriptAssemblies/Unity.TextMeshPro.dll
Symbol file LoadedFromMemory is not a mono symbol file
Symbol file data-0x139568000 doesn't match image /Users/manaralsatrawi/GameDev/Blackwoods-Curse/BlackwoodsCurse/Library/ScriptAssemblies/Unity.VisualScripting.State.Editor.dll
Symbol file LoadedFromMemory is not a mono symbol file
Symbol file data-0x139568000 doesn't match image /Users/manaralsatrawi/GameDev/Blackwoods-Curse/BlackwoodsCurse/Library/ScriptAssemblies/MerryYellow.CodeAssist.Editor.dll
Symbol file LoadedFromMemory is not a mono symbol file
Symbol file data-0x32486d400 doesn't match image /Users/manaralsatrawi/GameDev/Blackwoods-Curse/BlackwoodsCurse/Library/ScriptAssemblies/Unity.CollabProxy.Editor.dll
Symbol file LoadedFromMemory is not a mono symbol file
Symbol file data-0x324871800 doesn't match image /Users/manaralsatrawi/GameDev/Blackwoods-Curse/BlackwoodsCurse/Library/ScriptAssemblies/Unity.InputSystem.ForUI.dll
Symbol file LoadedFromMemory is not a mono symbol file
Symbol file data-0x324875000 doesn't match image /Users/manaralsatrawi/GameDev/Blackwoods-Curse/BlackwoodsCurse/Library/ScriptAssemblies/Unity.VisualScripting.SettingsProvider.Editor.dll
Symbol file LoadedFromMemory is not a mono symbol file
Symbol file data-0x324875000 doesn't match image /Users/manaralsatrawi/GameDev/Blackwoods-Curse/BlackwoodsCurse/Library/ScriptAssemblies/Unity.TestTools.CodeCoverage.Editor.OpenCover.Mono.Reflection.dll
Symbol file LoadedFromMemory is not a mono symbol file
Symbol file data-0x128a90000 doesn't match image /Users/manaralsatrawi/GameDev/Blackwoods-Curse/BlackwoodsCurse/Library/ScriptAssemblies/Unity.VisualScripting.Flow.dll
Symbol file LoadedFromMemory is not a mono symbol file
Symbol file data-0x128a28000 doesn't match image /Users/manaralsatrawi/GameDev/Blackwoods-Curse/BlackwoodsCurse/Library/ScriptAssemblies/UnityEditor.UI.dll
Symbol file LoadedFromMemory is not a mono symbol file
Symbol file data-0x3184d0000 doesn't match image /Users/manaralsatrawi/GameDev/Blackwoods-Curse/BlackwoodsCurse/Library/ScriptAssemblies/Unity.InputSystem.dll
Symbol file LoadedFromMemory is not a mono symbol file
Symbol file data-0x318568000 doesn't match image /Users/manaralsatrawi/GameDev/Blackwoods-Curse/BlackwoodsCurse/Library/ScriptAssemblies/Unity.Rider.Editor.dll
Symbol file LoadedFromMemory is not a mono symbol file
Symbol file data-0x3184d0000 doesn't match image /Users/manaralsatrawi/GameDev/Blackwoods-Curse/BlackwoodsCurse/Library/ScriptAssemblies/Unity.PlasticSCM.Editor.dll
Symbol file LoadedFromMemory is not a mono symbol file
Symbol file data-0x318568000 doesn't match image /Users/manaralsatrawi/GameDev/Blackwoods-Curse/BlackwoodsCurse/Library/ScriptAssemblies/Unity.TestTools.CodeCoverage.Editor.dll
Symbol file LoadedFromMemory is not a mono symbol file
Symbol file data-0x318600000 doesn't match image /Users/manaralsatrawi/GameDev/Blackwoods-Curse/BlackwoodsCurse/Library/ScriptAssemblies/UnityEngine.UI.dll
Symbol file LoadedFromMemory is not a mono symbol file
Symbol file data-0x1672bac00 doesn't match image /Users/manaralsatrawi/GameDev/Blackwoods-Curse/BlackwoodsCurse/Library/ScriptAssemblies/Unity.InputSystem.TestFramework.dll
Symbol file LoadedFromMemory is not a mono symbol file
Symbol file data-0x16710c000 doesn't match image /Users/manaralsatrawi/GameDev/Blackwoods-Curse/BlackwoodsCurse/Library/ScriptAssemblies/Unity.VisualScripting.State.dll
Symbol file LoadedFromMemory is not a mono symbol file
Symbol file data-0x3186b0000 doesn't match image /Users/manaralsatrawi/GameDev/Blackwoods-Curse/BlackwoodsCurse/Library/ScriptAssemblies/Unity.VisualScripting.Core.dll
Symbol file LoadedFromMemory is not a mono symbol file
Symbol file data-0x16710c000 doesn't match image /Users/manaralsatrawi/GameDev/Blackwoods-Curse/BlackwoodsCurse/Library/ScriptAssemblies/Unity.EditorCoroutines.Editor.dll
Symbol file LoadedFromMemory is not a mono symbol file
Native extension for OSXStandalone target not found
Refreshing native plugins compatible for Editor in 0.52 ms, found 2 plugins.
Preloading 0 native plugins for Editor in 0.00 ms.
[Package Manager] Server::EnsureServerProcessIsRunning -- launch failed, reason: Unity was launched with the -noUpm command-line argument
[Package Manager] Cannot connect to Unity Package Manager local server
Mono: successfully reloaded assembly
- Completed reload, in  1.045 seconds
Domain Reload Profiling:
	ReloadAssembly (1045ms)
		BeginReloadAssembly (99ms)
			ExecutionOrderSort (0ms)
			DisableScriptedObjects (3ms)
			BackupInstance (0ms)
			ReleaseScriptingObjects (0ms)
			CreateAndSetChildDomain (38ms)
		EndReloadAssembly (887ms)
			LoadAssemblies (50ms)
			RebuildTransferFunctionScriptingTraits (0ms)
			SetupTypeCache (201ms)
			ReleaseScriptCaches (1ms)
			RebuildScriptCaches (29ms)
			SetupLoadedEditorAssemblies (587ms)
				LogAssemblyErrors (0ms)
				InitializePlatformSupportModulesInManaged (2ms)
				SetLoadedEditorAssemblies (0ms)
				RefreshPlugins (1ms)
				BeforeProcessingInitializeOnLoad (38ms)
				ProcessInitializeOnLoadAttributes (535ms)
				ProcessInitializeOnLoadMethodAttributes (10ms)
				AfterProcessingInitializeOnLoad (1ms)
				EditorAssembliesLoaded (0ms)
			ExecutionOrderSort2 (0ms)
			AwakeInstancesAfterBackupRestoration (2ms)
Platform modules already initialized, skipping
Refreshing native plugins compatible for Editor in 0.50 ms, found 2 plugins.
Preloading 0 native plugins for Editor in 0.00 ms.
Unloading 3509 Unused Serialized files (Serialized files now loaded: 0)
Unloading 34 unused Assets / (22.9 KB). Loaded Objects now: 4001.
Memory consumption went from 207.4 MB to 207.4 MB.
Total: 2.173750 ms (FindLiveObjects: 0.133959 ms CreateObjectMapping: 0.042541 ms MarkObjects: 1.980458 ms  DeleteObjects: 0.016125 ms)

AssetImportParameters requested are different than current active one (requested -> active):
  custom:video-decoder-ogg-theora: a1e56fd34408186e4bbccfd4996cb3dc -> 
  custom:container-muxer-webm: aa71ff27fc2769a1b78a27578f13a17b -> 
  custom:container-demuxer-webm: 4f35f7cbe854078d1ac9338744f61a02 -> 
  custom:video-encoder-webm-vp8: eb34c28f22e8b96e1ab97ce403110664 -> 
  custom:framework-osx-AVFoundation: e770b220cccbd017edd2c1fefb359320 -> 
  custom:CustomObjectIndexerAttribute: bc11b3a6c3213fcdd17b65e7da85e133 -> 
  custom:audio-encoder-webm-vorbis: bf7c407c2cedff20999df2af8eb42d56 -> 
  custom:SearchIndexIgnoredProperties: e643bd26f0fe6173181afceb89e7c659 -> 
  custom:container-demuxer-ogg: 62fdf1f143b41e24485cea50d1cbac27 -> 
  custom:video-decoder-webm-vp8: 9c59270c3fd7afecdb556c50c9e8de78 -> 
  custom:audio-decoder-ogg-vorbis: bf7c407c2cedff20999df2af8eb42d56 -> 
========================================================================
Received Prepare
Registering precompiled user dll's ...
Registered in 0.003204 seconds.
Begin MonoManager ReloadAssembly
Thread 0x17de87000 may have been prematurely finalized
Symbol file data-0x150670000 doesn't match image /Users/manaralsatrawi/GameDev/Blackwoods-Curse/BlackwoodsCurse/Library/ScriptAssemblies/Assembly-CSharp.dll
Symbol file LoadedFromMemory is not a mono symbol file
Symbol file data-0x1500e0000 doesn't match image /Users/manaralsatrawi/GameDev/Blackwoods-Curse/BlackwoodsCurse/Library/ScriptAssemblies/Unity.VisualScripting.Flow.Editor.dll
Symbol file LoadedFromMemory is not a mono symbol file
Symbol file data-0x13777d600 doesn't match image /Users/manaralsatrawi/GameDev/Blackwoods-Curse/BlackwoodsCurse/Library/ScriptAssemblies/Unity.VSCode.Editor.dll
Symbol file LoadedFromMemory is not a mono symbol file
Symbol file data-0x1374d4800 doesn't match image /Users/manaralsatrawi/GameDev/Blackwoods-Curse/BlackwoodsCurse/Library/ScriptAssemblies/Unity.VisualScripting.Shared.Editor.dll
Symbol file LoadedFromMemory is not a mono symbol file
Symbol file data-0x150138000 doesn't match image /Users/manaralsatrawi/GameDev/Blackwoods-Curse/BlackwoodsCurse/Library/ScriptAssemblies/Unity.TextMeshPro.Editor.dll
Symbol file LoadedFromMemory is not a mono symbol file
Symbol file data-0x150150000 doesn't match image /Users/manaralsatrawi/GameDev/Blackwoods-Curse/BlackwoodsCurse/Library/ScriptAssemblies/Unity.VisualStudio.Editor.dll
Symbol file LoadedFromMemory is not a mono symbol file
Symbol file data-0x1501a0000 doesn't match image /Users/manaralsatrawi/GameDev/Blackwoods-Curse/BlackwoodsCurse/Library/ScriptAssemblies/Unity.Performance.Profile-Analyzer.Editor.dll
Symbol file LoadedFromMemory is not a mono symbol file
Symbol file data-0x1374da400 doesn't match image /Users/manaralsatrawi/GameDev/Blackwoods-Curse/BlackwoodsCurse/Library/ScriptAssemblies/Unity.TestTools.CodeCoverage.Editor.OpenCover.Model.dll
Symbol file LoadedFromMemory is not a mono symbol file
Symbol file data-0x13777d600 doesn't match image /Users/manaralsatrawi/GameDev/Blackwoods-Curse/BlackwoodsCurse/Library/ScriptAssemblies/Unity.Settings.Editor.dll
Symbol file LoadedFromMemory is not a mono symbol file
Symbol file data-0x150268000 doesn't match image /Users/manaralsatrawi/GameDev/Blackwoods-Curse/BlackwoodsCurse/Library/ScriptAssemblies/Unity.Timeline.Editor.dll
Symbol file LoadedFromMemory is not a mono symbol file
Symbol file data-0x1502d8000 doesn't match image /Users/manaralsatrawi/GameDev/Blackwoods-Curse/BlackwoodsCurse/Library/ScriptAssemblies/Unity.Timeline.dll
Symbol file LoadedFromMemory is not a mono symbol file
Symbol file data-0x1503f0000 doesn't match image /Users/manaralsatrawi/GameDev/Blackwoods-Curse/BlackwoodsCurse/Library/ScriptAssemblies/Unity.VisualScripting.Core.Editor.dll
Symbol file LoadedFromMemory is not a mono symbol file
Symbol file data-0x150268000 doesn't match image /Users/manaralsatrawi/GameDev/Blackwoods-Curse/BlackwoodsCurse/Library/ScriptAssemblies/Unity.TextMeshPro.dll
Symbol file LoadedFromMemory is not a mono symbol file
Symbol file data-0x1502d8000 doesn't match image /Users/manaralsatrawi/GameDev/Blackwoods-Curse/BlackwoodsCurse/Library/ScriptAssemblies/Unity.VisualScripting.State.Editor.dll
Symbol file LoadedFromMemory is not a mono symbol file
Symbol file data-0x1502d8000 doesn't match image /Users/manaralsatrawi/GameDev/Blackwoods-Curse/BlackwoodsCurse/Library/ScriptAssemblies/MerryYellow.CodeAssist.Editor.dll
Symbol file LoadedFromMemory is not a mono symbol file
Symbol file data-0x13777d600 doesn't match image /Users/manaralsatrawi/GameDev/Blackwoods-Curse/BlackwoodsCurse/Library/ScriptAssemblies/Unity.CollabProxy.Editor.dll
Symbol file LoadedFromMemory is not a mono symbol file
Symbol file data-0x137781a00 doesn't match image /Users/manaralsatrawi/GameDev/Blackwoods-Curse/BlackwoodsCurse/Library/ScriptAssemblies/Unity.InputSystem.ForUI.dll
Symbol file LoadedFromMemory is not a mono symbol file
Symbol file data-0x1374da400 doesn't match image /Users/manaralsatrawi/GameDev/Blackwoods-Curse/BlackwoodsCurse/Library/ScriptAssemblies/Unity.VisualScripting.SettingsProvider.Editor.dll
Symbol file LoadedFromMemory is not a mono symbol file
Symbol file data-0x1374da400 doesn't match image /Users/manaralsatrawi/GameDev/Blackwoods-Curse/BlackwoodsCurse/Library/ScriptAssemblies/Unity.TestTools.CodeCoverage.Editor.OpenCover.Mono.Reflection.dll
Symbol file LoadedFromMemory is not a mono symbol file
Symbol file data-0x150500000 doesn't match image /Users/manaralsatrawi/GameDev/Blackwoods-Curse/BlackwoodsCurse/Library/ScriptAssemblies/Unity.VisualScripting.Flow.dll
Symbol file LoadedFromMemory is not a mono symbol file
Symbol file data-0x150438000 doesn't match image /Users/manaralsatrawi/GameDev/Blackwoods-Curse/BlackwoodsCurse/Library/ScriptAssemblies/UnityEditor.UI.dll
Symbol file LoadedFromMemory is not a mono symbol file
Symbol file data-0x150500000 doesn't match image /Users/manaralsatrawi/GameDev/Blackwoods-Curse/BlackwoodsCurse/Library/ScriptAssemblies/Unity.InputSystem.dll
Symbol file LoadedFromMemory is not a mono symbol file
Symbol file data-0x150438000 doesn't match image /Users/manaralsatrawi/GameDev/Blackwoods-Curse/BlackwoodsCurse/Library/ScriptAssemblies/Unity.Rider.Editor.dll
Symbol file LoadedFromMemory is not a mono symbol file
Symbol file data-0x150500000 doesn't match image /Users/manaralsatrawi/GameDev/Blackwoods-Curse/BlackwoodsCurse/Library/ScriptAssemblies/Unity.PlasticSCM.Editor.dll
Symbol file LoadedFromMemory is not a mono symbol file
Symbol file data-0x1505b8000 doesn't match image /Users/manaralsatrawi/GameDev/Blackwoods-Curse/BlackwoodsCurse/Library/ScriptAssemblies/Unity.TestTools.CodeCoverage.Editor.dll
Symbol file LoadedFromMemory is not a mono symbol file
Symbol file data-0x150540000 doesn't match image /Users/manaralsatrawi/GameDev/Blackwoods-Curse/BlackwoodsCurse/Library/ScriptAssemblies/UnityEngine.UI.dll
Symbol file LoadedFromMemory is not a mono symbol file
Symbol file data-0x1374da400 doesn't match image /Users/manaralsatrawi/GameDev/Blackwoods-Curse/BlackwoodsCurse/Library/ScriptAssemblies/Unity.InputSystem.TestFramework.dll
Symbol file LoadedFromMemory is not a mono symbol file
Symbol file data-0x1674bfa00 doesn't match image /Users/manaralsatrawi/GameDev/Blackwoods-Curse/BlackwoodsCurse/Library/ScriptAssemblies/Unity.VisualScripting.State.dll
Symbol file LoadedFromMemory is not a mono symbol file
Symbol file data-0x150948000 doesn't match image /Users/manaralsatrawi/GameDev/Blackwoods-Curse/BlackwoodsCurse/Library/ScriptAssemblies/Unity.VisualScripting.Core.dll
Symbol file LoadedFromMemory is not a mono symbol file
Symbol file data-0x1674bfa00 doesn't match image /Users/manaralsatrawi/GameDev/Blackwoods-Curse/BlackwoodsCurse/Library/ScriptAssemblies/Unity.EditorCoroutines.Editor.dll
Symbol file LoadedFromMemory is not a mono symbol file
Native extension for OSXStandalone target not found
Refreshing native plugins compatible for Editor in 0.63 ms, found 2 plugins.
Preloading 0 native plugins for Editor in 0.00 ms.
[Package Manager] Server::EnsureServerProcessIsRunning -- launch failed, reason: Unity was launched with the -noUpm command-line argument
[Package Manager] Cannot connect to Unity Package Manager local server
Mono: successfully reloaded assembly
- Completed reload, in  1.040 seconds
Domain Reload Profiling:
	ReloadAssembly (1040ms)
		BeginReloadAssembly (101ms)
			ExecutionOrderSort (0ms)
			DisableScriptedObjects (3ms)
			BackupInstance (0ms)
			ReleaseScriptingObjects (0ms)
			CreateAndSetChildDomain (40ms)
		EndReloadAssembly (882ms)
			LoadAssemblies (47ms)
			RebuildTransferFunctionScriptingTraits (0ms)
			SetupTypeCache (200ms)
			ReleaseScriptCaches (1ms)
			RebuildScriptCaches (28ms)
			SetupLoadedEditorAssemblies (586ms)
				LogAssemblyErrors (0ms)
				InitializePlatformSupportModulesInManaged (2ms)
				SetLoadedEditorAssemblies (0ms)
				RefreshPlugins (1ms)
				BeforeProcessingInitializeOnLoad (39ms)
				ProcessInitializeOnLoadAttributes (533ms)
				ProcessInitializeOnLoadMethodAttributes (10ms)
				AfterProcessingInitializeOnLoad (1ms)
				EditorAssembliesLoaded (0ms)
			ExecutionOrderSort2 (0ms)
			AwakeInstancesAfterBackupRestoration (2ms)
Platform modules already initialized, skipping
Refreshing native plugins compatible for Editor in 0.52 ms, found 2 plugins.
Preloading 0 native plugins for Editor in 0.00 ms.
Unloading 3509 Unused Serialized files (Serialized files now loaded: 0)
Unloading 34 unused Assets / (22.0 KB). Loaded Objects now: 4004.
Memory consumption went from 207.4 MB to 207.4 MB.
Total: 2.200292 ms (FindLiveObjects: 0.133584 ms CreateObjectMapping: 0.043167 ms MarkObjects: 2.010542 ms  DeleteObjects: 0.012250 ms)

AssetImportParameters requested are different than current active one (requested -> active):
  custom:video-decoder-ogg-theora: a1e56fd34408186e4bbccfd4996cb3dc -> 
  custom:container-muxer-webm: aa71ff27fc2769a1b78a27578f13a17b -> 
  custom:container-demuxer-webm: 4f35f7cbe854078d1ac9338744f61a02 -> 
  custom:video-encoder-webm-vp8: eb34c28f22e8b96e1ab97ce403110664 -> 
  custom:framework-osx-AVFoundation: e770b220cccbd017edd2c1fefb359320 -> 
  custom:CustomObjectIndexerAttribute: bc11b3a6c3213fcdd17b65e7da85e133 -> 
  custom:audio-encoder-webm-vorbis: bf7c407c2cedff20999df2af8eb42d56 -> 
  custom:SearchIndexIgnoredProperties: e643bd26f0fe6173181afceb89e7c659 -> 
  custom:container-demuxer-ogg: 62fdf1f143b41e24485cea50d1cbac27 -> 
  custom:video-decoder-webm-vp8: 9c59270c3fd7afecdb556c50c9e8de78 -> 
  custom:audio-decoder-ogg-vorbis: bf7c407c2cedff20999df2af8eb42d56 -> 
========================================================================
Received Prepare
Registering precompiled user dll's ...
Registered in 0.004192 seconds.
Begin MonoManager ReloadAssembly
Thread 0x17de87000 may have been prematurely finalized
Symbol file data-0x318f00000 doesn't match image /Users/manaralsatrawi/GameDev/Blackwoods-Curse/BlackwoodsCurse/Library/ScriptAssemblies/Assembly-CSharp.dll
Symbol file LoadedFromMemory is not a mono symbol file
Symbol file data-0x319038000 doesn't match image /Users/manaralsatrawi/GameDev/Blackwoods-Curse/BlackwoodsCurse/Library/ScriptAssemblies/Unity.VisualScripting.Flow.Editor.dll
Symbol file LoadedFromMemory is not a mono symbol file
Symbol file data-0x135790c00 doesn't match image /Users/manaralsatrawi/GameDev/Blackwoods-Curse/BlackwoodsCurse/Library/ScriptAssemblies/Unity.VSCode.Editor.dll
Symbol file LoadedFromMemory is not a mono symbol file
Symbol file data-0x13579a200 doesn't match image /Users/manaralsatrawi/GameDev/Blackwoods-Curse/BlackwoodsCurse/Library/ScriptAssemblies/Unity.VisualScripting.Shared.Editor.dll
Symbol file LoadedFromMemory is not a mono symbol file
Symbol file data-0x319090000 doesn't match image /Users/manaralsatrawi/GameDev/Blackwoods-Curse/BlackwoodsCurse/Library/ScriptAssemblies/Unity.TextMeshPro.Editor.dll
Symbol file LoadedFromMemory is not a mono symbol file
Symbol file data-0x3190a8000 doesn't match image /Users/manaralsatrawi/GameDev/Blackwoods-Curse/BlackwoodsCurse/Library/ScriptAssemblies/Unity.VisualStudio.Editor.dll
Symbol file LoadedFromMemory is not a mono symbol file
Symbol file data-0x3190f8000 doesn't match image /Users/manaralsatrawi/GameDev/Blackwoods-Curse/BlackwoodsCurse/Library/ScriptAssemblies/Unity.Performance.Profile-Analyzer.Editor.dll
Symbol file LoadedFromMemory is not a mono symbol file
Symbol file data-0x13579a200 doesn't match image /Users/manaralsatrawi/GameDev/Blackwoods-Curse/BlackwoodsCurse/Library/ScriptAssemblies/Unity.TestTools.CodeCoverage.Editor.OpenCover.Model.dll
Symbol file LoadedFromMemory is not a mono symbol file
Symbol file data-0x1355f5800 doesn't match image /Users/manaralsatrawi/GameDev/Blackwoods-Curse/BlackwoodsCurse/Library/ScriptAssemblies/Unity.Settings.Editor.dll
Symbol file LoadedFromMemory is not a mono symbol file
Symbol file data-0x3191c0000 doesn't match image /Users/manaralsatrawi/GameDev/Blackwoods-Curse/BlackwoodsCurse/Library/ScriptAssemblies/Unity.Timeline.Editor.dll
Symbol file LoadedFromMemory is not a mono symbol file
Symbol file data-0x319230000 doesn't match image /Users/manaralsatrawi/GameDev/Blackwoods-Curse/BlackwoodsCurse/Library/ScriptAssemblies/Unity.Timeline.dll
Symbol file LoadedFromMemory is not a mono symbol file
Symbol file data-0x319348000 doesn't match image /Users/manaralsatrawi/GameDev/Blackwoods-Curse/BlackwoodsCurse/Library/ScriptAssemblies/Unity.VisualScripting.Core.Editor.dll
Symbol file LoadedFromMemory is not a mono symbol file
Symbol file data-0x3191c0000 doesn't match image /Users/manaralsatrawi/GameDev/Blackwoods-Curse/BlackwoodsCurse/Library/ScriptAssemblies/Unity.TextMeshPro.dll
Symbol file LoadedFromMemory is not a mono symbol file
Symbol file data-0x319230000 doesn't match image /Users/manaralsatrawi/GameDev/Blackwoods-Curse/BlackwoodsCurse/Library/ScriptAssemblies/Unity.VisualScripting.State.Editor.dll
Symbol file LoadedFromMemory is not a mono symbol file
Symbol file data-0x319230000 doesn't match image /Users/manaralsatrawi/GameDev/Blackwoods-Curse/BlackwoodsCurse/Library/ScriptAssemblies/MerryYellow.CodeAssist.Editor.dll
Symbol file LoadedFromMemory is not a mono symbol file
Symbol file data-0x1355f5800 doesn't match image /Users/manaralsatrawi/GameDev/Blackwoods-Curse/BlackwoodsCurse/Library/ScriptAssemblies/Unity.CollabProxy.Editor.dll
Symbol file LoadedFromMemory is not a mono symbol file
Symbol file data-0x1355f9c00 doesn't match image /Users/manaralsatrawi/GameDev/Blackwoods-Curse/BlackwoodsCurse/Library/ScriptAssemblies/Unity.InputSystem.ForUI.dll
Symbol file LoadedFromMemory is not a mono symbol file
Symbol file data-0x13579a200 doesn't match image /Users/manaralsatrawi/GameDev/Blackwoods-Curse/BlackwoodsCurse/Library/ScriptAssemblies/Unity.VisualScripting.SettingsProvider.Editor.dll
Symbol file LoadedFromMemory is not a mono symbol file
Symbol file data-0x13579a200 doesn't match image /Users/manaralsatrawi/GameDev/Blackwoods-Curse/BlackwoodsCurse/Library/ScriptAssemblies/Unity.TestTools.CodeCoverage.Editor.OpenCover.Mono.Reflection.dll
Symbol file LoadedFromMemory is not a mono symbol file
Symbol file data-0x319458000 doesn't match image /Users/manaralsatrawi/GameDev/Blackwoods-Curse/BlackwoodsCurse/Library/ScriptAssemblies/Unity.VisualScripting.Flow.dll
Symbol file LoadedFromMemory is not a mono symbol file
Symbol file data-0x319390000 doesn't match image /Users/manaralsatrawi/GameDev/Blackwoods-Curse/BlackwoodsCurse/Library/ScriptAssemblies/UnityEditor.UI.dll
Symbol file LoadedFromMemory is not a mono symbol file
Symbol file data-0x3195c8000 doesn't match image /Users/manaralsatrawi/GameDev/Blackwoods-Curse/BlackwoodsCurse/Library/ScriptAssemblies/Unity.InputSystem.dll
Symbol file LoadedFromMemory is not a mono symbol file
Symbol file data-0x319390000 doesn't match image /Users/manaralsatrawi/GameDev/Blackwoods-Curse/BlackwoodsCurse/Library/ScriptAssemblies/Unity.Rider.Editor.dll
Symbol file LoadedFromMemory is not a mono symbol file
Symbol file data-0x3195c8000 doesn't match image /Users/manaralsatrawi/GameDev/Blackwoods-Curse/BlackwoodsCurse/Library/ScriptAssemblies/Unity.PlasticSCM.Editor.dll
Symbol file LoadedFromMemory is not a mono symbol file
Symbol file data-0x319390000 doesn't match image /Users/manaralsatrawi/GameDev/Blackwoods-Curse/BlackwoodsCurse/Library/ScriptAssemblies/Unity.TestTools.CodeCoverage.Editor.dll
Symbol file LoadedFromMemory is not a mono symbol file
Symbol file data-0x3196e8000 doesn't match image /Users/manaralsatrawi/GameDev/Blackwoods-Curse/BlackwoodsCurse/Library/ScriptAssemblies/UnityEngine.UI.dll
Symbol file LoadedFromMemory is not a mono symbol file
Symbol file data-0x135775800 doesn't match image /Users/manaralsatrawi/GameDev/Blackwoods-Curse/BlackwoodsCurse/Library/ScriptAssemblies/Unity.InputSystem.TestFramework.dll
Symbol file LoadedFromMemory is not a mono symbol file
Symbol file data-0x1357c7000 doesn't match image /Users/manaralsatrawi/GameDev/Blackwoods-Curse/BlackwoodsCurse/Library/ScriptAssemblies/Unity.VisualScripting.State.dll
Symbol file LoadedFromMemory is not a mono symbol file
Symbol file data-0x319798000 doesn't match image /Users/manaralsatrawi/GameDev/Blackwoods-Curse/BlackwoodsCurse/Library/ScriptAssemblies/Unity.VisualScripting.Core.dll
Symbol file LoadedFromMemory is not a mono symbol file
Symbol file data-0x13579a200 doesn't match image /Users/manaralsatrawi/GameDev/Blackwoods-Curse/BlackwoodsCurse/Library/ScriptAssemblies/Unity.EditorCoroutines.Editor.dll
Symbol file LoadedFromMemory is not a mono symbol file
Native extension for OSXStandalone target not found
Refreshing native plugins compatible for Editor in 0.68 ms, found 2 plugins.
Preloading 0 native plugins for Editor in 0.00 ms.
[Package Manager] Server::EnsureServerProcessIsRunning -- launch failed, reason: Unity was launched with the -noUpm command-line argument
[Package Manager] Cannot connect to Unity Package Manager local server
Mono: successfully reloaded assembly
- Completed reload, in  1.355 seconds
Domain Reload Profiling:
	ReloadAssembly (1356ms)
		BeginReloadAssembly (145ms)
			ExecutionOrderSort (0ms)
			DisableScriptedObjects (4ms)
			BackupInstance (0ms)
			ReleaseScriptingObjects (0ms)
			CreateAndSetChildDomain (61ms)
		EndReloadAssembly (1118ms)
			LoadAssemblies (67ms)
			RebuildTransferFunctionScriptingTraits (0ms)
			SetupTypeCache (319ms)
			ReleaseScriptCaches (1ms)
			RebuildScriptCaches (43ms)
			SetupLoadedEditorAssemblies (658ms)
				LogAssemblyErrors (0ms)
				InitializePlatformSupportModulesInManaged (4ms)
				SetLoadedEditorAssemblies (0ms)
				RefreshPlugins (1ms)
				BeforeProcessingInitializeOnLoad (61ms)
				ProcessInitializeOnLoadAttributes (580ms)
				ProcessInitializeOnLoadMethodAttributes (12ms)
				AfterProcessingInitializeOnLoad (1ms)
				EditorAssembliesLoaded (0ms)
			ExecutionOrderSort2 (0ms)
			AwakeInstancesAfterBackupRestoration (3ms)
Platform modules already initialized, skipping
Refreshing native plugins compatible for Editor in 0.58 ms, found 2 plugins.
Preloading 0 native plugins for Editor in 0.00 ms.
Unloading 3509 Unused Serialized files (Serialized files now loaded: 0)
Unloading 34 unused Assets / (21.9 KB). Loaded Objects now: 4007.
Memory consumption went from 207.4 MB to 207.4 MB.
Total: 2.902000 ms (FindLiveObjects: 0.148375 ms CreateObjectMapping: 0.066000 ms MarkObjects: 2.671542 ms  DeleteObjects: 0.015708 ms)

AssetImportParameters requested are different than current active one (requested -> active):
  custom:video-decoder-ogg-theora: a1e56fd34408186e4bbccfd4996cb3dc -> 
  custom:container-muxer-webm: aa71ff27fc2769a1b78a27578f13a17b -> 
  custom:container-demuxer-webm: 4f35f7cbe854078d1ac9338744f61a02 -> 
  custom:video-encoder-webm-vp8: eb34c28f22e8b96e1ab97ce403110664 -> 
  custom:framework-osx-AVFoundation: e770b220cccbd017edd2c1fefb359320 -> 
  custom:CustomObjectIndexerAttribute: bc11b3a6c3213fcdd17b65e7da85e133 -> 
  custom:audio-encoder-webm-vorbis: bf7c407c2cedff20999df2af8eb42d56 -> 
  custom:SearchIndexIgnoredProperties: e643bd26f0fe6173181afceb89e7c659 -> 
  custom:container-demuxer-ogg: 62fdf1f143b41e24485cea50d1cbac27 -> 
  custom:video-decoder-webm-vp8: 9c59270c3fd7afecdb556c50c9e8de78 -> 
  custom:audio-decoder-ogg-vorbis: bf7c407c2cedff20999df2af8eb42d56 -> 
========================================================================
Received Prepare
Registering precompiled user dll's ...
Registered in 0.002463 seconds.
Begin MonoManager ReloadAssembly
Thread 0x17de87000 may have been prematurely finalized
Symbol file data-0x128548000 doesn't match image /Users/manaralsatrawi/GameDev/Blackwoods-Curse/BlackwoodsCurse/Library/ScriptAssemblies/Unity.VisualScripting.Flow.Editor.dll
Symbol file LoadedFromMemory is not a mono symbol file
Symbol file data-0x1351d0e00 doesn't match image /Users/manaralsatrawi/GameDev/Blackwoods-Curse/BlackwoodsCurse/Library/ScriptAssemblies/Unity.VSCode.Editor.dll
Symbol file LoadedFromMemory is not a mono symbol file
Symbol file data-0x1350d7e00 doesn't match image /Users/manaralsatrawi/GameDev/Blackwoods-Curse/BlackwoodsCurse/Library/ScriptAssemblies/Unity.VisualScripting.Shared.Editor.dll
Symbol file LoadedFromMemory is not a mono symbol file
Symbol file data-0x1285a0000 doesn't match image /Users/manaralsatrawi/GameDev/Blackwoods-Curse/BlackwoodsCurse/Library/ScriptAssemblies/Unity.TextMeshPro.Editor.dll
Symbol file LoadedFromMemory is not a mono symbol file
Symbol file data-0x1285b8000 doesn't match image /Users/manaralsatrawi/GameDev/Blackwoods-Curse/BlackwoodsCurse/Library/ScriptAssemblies/Unity.VisualStudio.Editor.dll
Symbol file LoadedFromMemory is not a mono symbol file
Symbol file data-0x128608000 doesn't match image /Users/manaralsatrawi/GameDev/Blackwoods-Curse/BlackwoodsCurse/Library/ScriptAssemblies/Unity.Performance.Profile-Analyzer.Editor.dll
Symbol file LoadedFromMemory is not a mono symbol file
Symbol file data-0x1350d7e00 doesn't match image /Users/manaralsatrawi/GameDev/Blackwoods-Curse/BlackwoodsCurse/Library/ScriptAssemblies/Unity.TestTools.CodeCoverage.Editor.OpenCover.Model.dll
Symbol file LoadedFromMemory is not a mono symbol file
Symbol file data-0x1356cec00 doesn't match image /Users/manaralsatrawi/GameDev/Blackwoods-Curse/BlackwoodsCurse/Library/ScriptAssemblies/Unity.Settings.Editor.dll
Symbol file LoadedFromMemory is not a mono symbol file
Symbol file data-0x1286d0000 doesn't match image /Users/manaralsatrawi/GameDev/Blackwoods-Curse/BlackwoodsCurse/Library/ScriptAssemblies/Unity.Timeline.Editor.dll
Symbol file LoadedFromMemory is not a mono symbol file
Symbol file data-0x128740000 doesn't match image /Users/manaralsatrawi/GameDev/Blackwoods-Curse/BlackwoodsCurse/Library/ScriptAssemblies/Unity.Timeline.dll
Symbol file LoadedFromMemory is not a mono symbol file
Symbol file data-0x128858000 doesn't match image /Users/manaralsatrawi/GameDev/Blackwoods-Curse/BlackwoodsCurse/Library/ScriptAssemblies/Unity.VisualScripting.Core.Editor.dll
Symbol file LoadedFromMemory is not a mono symbol file
Symbol file data-0x1286d0000 doesn't match image /Users/manaralsatrawi/GameDev/Blackwoods-Curse/BlackwoodsCurse/Library/ScriptAssemblies/Unity.TextMeshPro.dll
Symbol file LoadedFromMemory is not a mono symbol file
Symbol file data-0x128740000 doesn't match image /Users/manaralsatrawi/GameDev/Blackwoods-Curse/BlackwoodsCurse/Library/ScriptAssemblies/Unity.VisualScripting.State.Editor.dll
Symbol file LoadedFromMemory is not a mono symbol file
Symbol file data-0x128740000 doesn't match image /Users/manaralsatrawi/GameDev/Blackwoods-Curse/BlackwoodsCurse/Library/ScriptAssemblies/MerryYellow.CodeAssist.Editor.dll
Symbol file LoadedFromMemory is not a mono symbol file
Symbol file data-0x1355ef000 doesn't match image /Users/manaralsatrawi/GameDev/Blackwoods-Curse/BlackwoodsCurse/Library/ScriptAssemblies/Unity.CollabProxy.Editor.dll
Symbol file LoadedFromMemory is not a mono symbol file
Symbol file data-0x1357f9600 doesn't match image /Users/manaralsatrawi/GameDev/Blackwoods-Curse/BlackwoodsCurse/Library/ScriptAssemblies/Unity.InputSystem.ForUI.dll
Symbol file LoadedFromMemory is not a mono symbol file
Symbol file data-0x1356cec00 doesn't match image /Users/manaralsatrawi/GameDev/Blackwoods-Curse/BlackwoodsCurse/Library/ScriptAssemblies/Unity.VisualScripting.SettingsProvider.Editor.dll
Symbol file LoadedFromMemory is not a mono symbol file
Symbol file data-0x1356cec00 doesn't match image /Users/manaralsatrawi/GameDev/Blackwoods-Curse/BlackwoodsCurse/Library/ScriptAssemblies/Unity.TestTools.CodeCoverage.Editor.OpenCover.Mono.Reflection.dll
Symbol file LoadedFromMemory is not a mono symbol file
Symbol file data-0x128968000 doesn't match image /Users/manaralsatrawi/GameDev/Blackwoods-Curse/BlackwoodsCurse/Library/ScriptAssemblies/Unity.VisualScripting.Flow.dll
Symbol file LoadedFromMemory is not a mono symbol file
Symbol file data-0x1288a0000 doesn't match image /Users/manaralsatrawi/GameDev/Blackwoods-Curse/BlackwoodsCurse/Library/ScriptAssemblies/UnityEditor.UI.dll
Symbol file LoadedFromMemory is not a mono symbol file
Symbol file data-0x128ad8000 doesn't match image /Users/manaralsatrawi/GameDev/Blackwoods-Curse/BlackwoodsCurse/Library/ScriptAssemblies/Unity.InputSystem.dll
Symbol file LoadedFromMemory is not a mono symbol file
Symbol file data-0x1288a0000 doesn't match image /Users/manaralsatrawi/GameDev/Blackwoods-Curse/BlackwoodsCurse/Library/ScriptAssemblies/Unity.Rider.Editor.dll
Symbol file LoadedFromMemory is not a mono symbol file
Symbol file data-0x128ad8000 doesn't match image /Users/manaralsatrawi/GameDev/Blackwoods-Curse/BlackwoodsCurse/Library/ScriptAssemblies/Unity.PlasticSCM.Editor.dll
Symbol file LoadedFromMemory is not a mono symbol file
Symbol file data-0x1288a0000 doesn't match image /Users/manaralsatrawi/GameDev/Blackwoods-Curse/BlackwoodsCurse/Library/ScriptAssemblies/Unity.TestTools.CodeCoverage.Editor.dll
Symbol file LoadedFromMemory is not a mono symbol file
Symbol file data-0x128b18000 doesn't match image /Users/manaralsatrawi/GameDev/Blackwoods-Curse/BlackwoodsCurse/Library/ScriptAssemblies/UnityEngine.UI.dll
Symbol file LoadedFromMemory is not a mono symbol file
Symbol file data-0x1356cec00 doesn't match image /Users/manaralsatrawi/GameDev/Blackwoods-Curse/BlackwoodsCurse/Library/ScriptAssemblies/Unity.InputSystem.TestFramework.dll
Symbol file LoadedFromMemory is not a mono symbol file
Symbol file data-0x167096400 doesn't match image /Users/manaralsatrawi/GameDev/Blackwoods-Curse/BlackwoodsCurse/Library/ScriptAssemblies/Unity.VisualScripting.State.dll
Symbol file LoadedFromMemory is not a mono symbol file
Symbol file data-0x128fe0000 doesn't match image /Users/manaralsatrawi/GameDev/Blackwoods-Curse/BlackwoodsCurse/Library/ScriptAssemblies/Unity.VisualScripting.Core.dll
Symbol file LoadedFromMemory is not a mono symbol file
Symbol file data-0x1355ef000 doesn't match image /Users/manaralsatrawi/GameDev/Blackwoods-Curse/BlackwoodsCurse/Library/ScriptAssemblies/Unity.EditorCoroutines.Editor.dll
Symbol file LoadedFromMemory is not a mono symbol file
Native extension for OSXStandalone target not found
Refreshing native plugins compatible for Editor in 0.49 ms, found 2 plugins.
Preloading 0 native plugins for Editor in 0.00 ms.
[Package Manager] Server::EnsureServerProcessIsRunning -- launch failed, reason: Unity was launched with the -noUpm command-line argument
[Package Manager] Cannot connect to Unity Package Manager local server
Mono: successfully reloaded assembly
- Completed reload, in  1.026 seconds
Domain Reload Profiling:
	ReloadAssembly (1027ms)
		BeginReloadAssembly (129ms)
			ExecutionOrderSort (0ms)
			DisableScriptedObjects (5ms)
			BackupInstance (0ms)
			ReleaseScriptingObjects (0ms)
			CreateAndSetChildDomain (48ms)
		EndReloadAssembly (843ms)
			LoadAssemblies (48ms)
			RebuildTransferFunctionScriptingTraits (0ms)
			SetupTypeCache (194ms)
			ReleaseScriptCaches (1ms)
			RebuildScriptCaches (26ms)
			SetupLoadedEditorAssemblies (557ms)
				LogAssemblyErrors (0ms)
				InitializePlatformSupportModulesInManaged (2ms)
				SetLoadedEditorAssemblies (0ms)
				RefreshPlugins (1ms)
				BeforeProcessingInitializeOnLoad (36ms)
				ProcessInitializeOnLoadAttributes (508ms)
				ProcessInitializeOnLoadMethodAttributes (10ms)
				AfterProcessingInitializeOnLoad (1ms)
				EditorAssembliesLoaded (0ms)
			ExecutionOrderSort2 (0ms)
			AwakeInstancesAfterBackupRestoration (2ms)
Platform modules already initialized, skipping
Refreshing native plugins compatible for Editor in 0.53 ms, found 2 plugins.
Preloading 0 native plugins for Editor in 0.00 ms.
Unloading 3509 Unused Serialized files (Serialized files now loaded: 0)
Unloading 34 unused Assets / (23.0 KB). Loaded Objects now: 4010.
Memory consumption went from 207.5 MB to 207.4 MB.
Total: 2.203292 ms (FindLiveObjects: 0.132542 ms CreateObjectMapping: 0.048333 ms MarkObjects: 1.992625 ms  DeleteObjects: 0.029333 ms)

AssetImportParameters requested are different than current active one (requested -> active):
  custom:video-decoder-ogg-theora: a1e56fd34408186e4bbccfd4996cb3dc -> 
  custom:container-muxer-webm: aa71ff27fc2769a1b78a27578f13a17b -> 
  custom:container-demuxer-webm: 4f35f7cbe854078d1ac9338744f61a02 -> 
  custom:video-encoder-webm-vp8: eb34c28f22e8b96e1ab97ce403110664 -> 
  custom:framework-osx-AVFoundation: e770b220cccbd017edd2c1fefb359320 -> 
  custom:CustomObjectIndexerAttribute: bc11b3a6c3213fcdd17b65e7da85e133 -> 
  custom:audio-encoder-webm-vorbis: bf7c407c2cedff20999df2af8eb42d56 -> 
  custom:SearchIndexIgnoredProperties: e643bd26f0fe6173181afceb89e7c659 -> 
  custom:container-demuxer-ogg: 62fdf1f143b41e24485cea50d1cbac27 -> 
  custom:video-decoder-webm-vp8: 9c59270c3fd7afecdb556c50c9e8de78 -> 
  custom:audio-decoder-ogg-vorbis: bf7c407c2cedff20999df2af8eb42d56 -> 
========================================================================
Received Import Request.
  Time since last request: 244580.488026 seconds.
  path: Assets/Scripts/CandlePickup.cs
  artifactKey: Guid(27924210d90084d26939452dab643581) Importer(815301076,1909f56bfc062723c751e8b465ee728b)
Number of updated assets reloaded before import = 0
Start importing Assets/Scripts/CandlePickup.cs using Guid(27924210d90084d26939452dab643581) Importer(815301076,1909f56bfc062723c751e8b465ee728b)  -> (artifact id: '96bb373ce5a8ed567f2cd0ae86b9fdaf') in 0.074444 seconds 
Number of asset objects unloaded after import = 0
========================================================================
Received Prepare
Registering precompiled user dll's ...
Registered in 0.002970 seconds.
Begin MonoManager ReloadAssembly
Thread 0x17de87000 may have been prematurely finalized
Symbol file data-0x128400000 doesn't match image /Users/manaralsatrawi/GameDev/Blackwoods-Curse/BlackwoodsCurse/Library/ScriptAssemblies/Unity.VisualScripting.Flow.Editor.dll
Symbol file LoadedFromMemory is not a mono symbol file
Symbol file data-0x136c87800 doesn't match image /Users/manaralsatrawi/GameDev/Blackwoods-Curse/BlackwoodsCurse/Library/ScriptAssemblies/Unity.VSCode.Editor.dll
Symbol file LoadedFromMemory is not a mono symbol file
Symbol file data-0x136c90e00 doesn't match image /Users/manaralsatrawi/GameDev/Blackwoods-Curse/BlackwoodsCurse/Library/ScriptAssemblies/Unity.VisualScripting.Shared.Editor.dll
Symbol file LoadedFromMemory is not a mono symbol file
Symbol file data-0x128488000 doesn't match image /Users/manaralsatrawi/GameDev/Blackwoods-Curse/BlackwoodsCurse/Library/ScriptAssemblies/Unity.TextMeshPro.Editor.dll
Symbol file LoadedFromMemory is not a mono symbol file
Symbol file data-0x128420000 doesn't match image /Users/manaralsatrawi/GameDev/Blackwoods-Curse/BlackwoodsCurse/Library/ScriptAssemblies/Unity.VisualStudio.Editor.dll
Symbol file LoadedFromMemory is not a mono symbol file
Symbol file data-0x1284c8000 doesn't match image /Users/manaralsatrawi/GameDev/Blackwoods-Curse/BlackwoodsCurse/Library/ScriptAssemblies/Unity.Performance.Profile-Analyzer.Editor.dll
Symbol file LoadedFromMemory is not a mono symbol file
Symbol file data-0x136c58200 doesn't match image /Users/manaralsatrawi/GameDev/Blackwoods-Curse/BlackwoodsCurse/Library/ScriptAssemblies/Unity.TestTools.CodeCoverage.Editor.OpenCover.Model.dll
Symbol file LoadedFromMemory is not a mono symbol file
Symbol file data-0x136c5e200 doesn't match image /Users/manaralsatrawi/GameDev/Blackwoods-Curse/BlackwoodsCurse/Library/ScriptAssemblies/Unity.Settings.Editor.dll
Symbol file LoadedFromMemory is not a mono symbol file
Symbol file data-0x1285a0000 doesn't match image /Users/manaralsatrawi/GameDev/Blackwoods-Curse/BlackwoodsCurse/Library/ScriptAssemblies/Unity.Timeline.Editor.dll
Symbol file LoadedFromMemory is not a mono symbol file
Symbol file data-0x128610000 doesn't match image /Users/manaralsatrawi/GameDev/Blackwoods-Curse/BlackwoodsCurse/Library/ScriptAssemblies/Unity.Timeline.dll
Symbol file LoadedFromMemory is not a mono symbol file
Symbol file data-0x128728000 doesn't match image /Users/manaralsatrawi/GameDev/Blackwoods-Curse/BlackwoodsCurse/Library/ScriptAssemblies/Unity.VisualScripting.Core.Editor.dll
Symbol file LoadedFromMemory is not a mono symbol file
Symbol file data-0x1285a0000 doesn't match image /Users/manaralsatrawi/GameDev/Blackwoods-Curse/BlackwoodsCurse/Library/ScriptAssemblies/Unity.TextMeshPro.dll
Symbol file LoadedFromMemory is not a mono symbol file
Symbol file data-0x128610000 doesn't match image /Users/manaralsatrawi/GameDev/Blackwoods-Curse/BlackwoodsCurse/Library/ScriptAssemblies/Unity.VisualScripting.State.Editor.dll
Symbol file LoadedFromMemory is not a mono symbol file
Symbol file data-0x128610000 doesn't match image /Users/manaralsatrawi/GameDev/Blackwoods-Curse/BlackwoodsCurse/Library/ScriptAssemblies/MerryYellow.CodeAssist.Editor.dll
Symbol file LoadedFromMemory is not a mono symbol file
Symbol file data-0x136c5b600 doesn't match image /Users/manaralsatrawi/GameDev/Blackwoods-Curse/BlackwoodsCurse/Library/ScriptAssemblies/Unity.CollabProxy.Editor.dll
Symbol file LoadedFromMemory is not a mono symbol file
Symbol file data-0x136c61000 doesn't match image /Users/manaralsatrawi/GameDev/Blackwoods-Curse/BlackwoodsCurse/Library/ScriptAssemblies/Unity.InputSystem.ForUI.dll
Symbol file LoadedFromMemory is not a mono symbol file
Symbol file data-0x136c65000 doesn't match image /Users/manaralsatrawi/GameDev/Blackwoods-Curse/BlackwoodsCurse/Library/ScriptAssemblies/Unity.VisualScripting.SettingsProvider.Editor.dll
Symbol file LoadedFromMemory is not a mono symbol file
Symbol file data-0x136c61000 doesn't match image /Users/manaralsatrawi/GameDev/Blackwoods-Curse/BlackwoodsCurse/Library/ScriptAssemblies/Unity.TestTools.CodeCoverage.Editor.OpenCover.Mono.Reflection.dll
Symbol file LoadedFromMemory is not a mono symbol file
Symbol file data-0x128838000 doesn't match image /Users/manaralsatrawi/GameDev/Blackwoods-Curse/BlackwoodsCurse/Library/ScriptAssemblies/Unity.VisualScripting.Flow.dll
Symbol file LoadedFromMemory is not a mono symbol file
Symbol file data-0x128770000 doesn't match image /Users/manaralsatrawi/GameDev/Blackwoods-Curse/BlackwoodsCurse/Library/ScriptAssemblies/UnityEditor.UI.dll
Symbol file LoadedFromMemory is not a mono symbol file
Symbol file data-0x1289a8000 doesn't match image /Users/manaralsatrawi/GameDev/Blackwoods-Curse/BlackwoodsCurse/Library/ScriptAssemblies/Unity.InputSystem.dll
Symbol file LoadedFromMemory is not a mono symbol file
Symbol file data-0x128770000 doesn't match image /Users/manaralsatrawi/GameDev/Blackwoods-Curse/BlackwoodsCurse/Library/ScriptAssemblies/Unity.Rider.Editor.dll
Symbol file LoadedFromMemory is not a mono symbol file
Symbol file data-0x1289a8000 doesn't match image /Users/manaralsatrawi/GameDev/Blackwoods-Curse/BlackwoodsCurse/Library/ScriptAssemblies/Unity.PlasticSCM.Editor.dll
Symbol file LoadedFromMemory is not a mono symbol file
Symbol file data-0x128770000 doesn't match image /Users/manaralsatrawi/GameDev/Blackwoods-Curse/BlackwoodsCurse/Library/ScriptAssemblies/Unity.TestTools.CodeCoverage.Editor.dll
Symbol file LoadedFromMemory is not a mono symbol file
Symbol file data-0x128ac8000 doesn't match image /Users/manaralsatrawi/GameDev/Blackwoods-Curse/BlackwoodsCurse/Library/ScriptAssemblies/UnityEngine.UI.dll
Symbol file LoadedFromMemory is not a mono symbol file
Symbol file data-0x136c6a000 doesn't match image /Users/manaralsatrawi/GameDev/Blackwoods-Curse/BlackwoodsCurse/Library/ScriptAssemblies/Unity.InputSystem.TestFramework.dll
Symbol file LoadedFromMemory is not a mono symbol file
Symbol file data-0x136ca3c00 doesn't match image /Users/manaralsatrawi/GameDev/Blackwoods-Curse/BlackwoodsCurse/Library/ScriptAssemblies/Unity.VisualScripting.State.dll
Symbol file LoadedFromMemory is not a mono symbol file
Symbol file data-0x128b78000 doesn't match image /Users/manaralsatrawi/GameDev/Blackwoods-Curse/BlackwoodsCurse/Library/ScriptAssemblies/Unity.VisualScripting.Core.dll
Symbol file LoadedFromMemory is not a mono symbol file
Symbol file data-0x136c6a000 doesn't match image /Users/manaralsatrawi/GameDev/Blackwoods-Curse/BlackwoodsCurse/Library/ScriptAssemblies/Unity.EditorCoroutines.Editor.dll
Symbol file LoadedFromMemory is not a mono symbol file
Native extension for OSXStandalone target not found
Refreshing native plugins compatible for Editor in 0.47 ms, found 2 plugins.
Preloading 0 native plugins for Editor in 0.00 ms.
[Package Manager] Server::EnsureServerProcessIsRunning -- launch failed, reason: Unity was launched with the -noUpm command-line argument
[Package Manager] Cannot connect to Unity Package Manager local server
Mono: successfully reloaded assembly
- Completed reload, in  1.013 seconds
Domain Reload Profiling:
	ReloadAssembly (1014ms)
		BeginReloadAssembly (115ms)
			ExecutionOrderSort (0ms)
			DisableScriptedObjects (3ms)
			BackupInstance (0ms)
			ReleaseScriptingObjects (0ms)
			CreateAndSetChildDomain (55ms)
		EndReloadAssembly (840ms)
			LoadAssemblies (48ms)
			RebuildTransferFunctionScriptingTraits (0ms)
			SetupTypeCache (185ms)
			ReleaseScriptCaches (1ms)
			RebuildScriptCaches (27ms)
			SetupLoadedEditorAssemblies (559ms)
				LogAssemblyErrors (0ms)
				InitializePlatformSupportModulesInManaged (2ms)
				SetLoadedEditorAssemblies (0ms)
				RefreshPlugins (0ms)
				BeforeProcessingInitializeOnLoad (36ms)
				ProcessInitializeOnLoadAttributes (510ms)
				ProcessInitializeOnLoadMethodAttributes (10ms)
				AfterProcessingInitializeOnLoad (1ms)
				EditorAssembliesLoaded (0ms)
			ExecutionOrderSort2 (0ms)
			AwakeInstancesAfterBackupRestoration (2ms)
Platform modules already initialized, skipping
Refreshing native plugins compatible for Editor in 0.50 ms, found 2 plugins.
Preloading 0 native plugins for Editor in 0.00 ms.
Unloading 3509 Unused Serialized files (Serialized files now loaded: 0)
Unloading 34 unused Assets / (22.0 KB). Loaded Objects now: 4013.
Memory consumption went from 211.6 MB to 211.6 MB.
Total: 2.337000 ms (FindLiveObjects: 0.138708 ms CreateObjectMapping: 0.047375 ms MarkObjects: 2.134167 ms  DeleteObjects: 0.015708 ms)

AssetImportParameters requested are different than current active one (requested -> active):
  custom:video-decoder-ogg-theora: a1e56fd34408186e4bbccfd4996cb3dc -> 
  custom:container-muxer-webm: aa71ff27fc2769a1b78a27578f13a17b -> 
  custom:container-demuxer-webm: 4f35f7cbe854078d1ac9338744f61a02 -> 
  custom:video-encoder-webm-vp8: eb34c28f22e8b96e1ab97ce403110664 -> 
  custom:framework-osx-AVFoundation: e770b220cccbd017edd2c1fefb359320 -> 
  custom:CustomObjectIndexerAttribute: bc11b3a6c3213fcdd17b65e7da85e133 -> 
  custom:audio-encoder-webm-vorbis: bf7c407c2cedff20999df2af8eb42d56 -> 
  custom:SearchIndexIgnoredProperties: e643bd26f0fe6173181afceb89e7c659 -> 
  custom:container-demuxer-ogg: 62fdf1f143b41e24485cea50d1cbac27 -> 
  custom:video-decoder-webm-vp8: 9c59270c3fd7afecdb556c50c9e8de78 -> 
  custom:audio-decoder-ogg-vorbis: bf7c407c2cedff20999df2af8eb42d56 -> 
========================================================================
Received Prepare
Registering precompiled user dll's ...
Registered in 0.002322 seconds.
Begin MonoManager ReloadAssembly
Thread 0x16bd27000 may have been prematurely finalized
Symbol file data-0x1500f0000 doesn't match image /Users/manaralsatrawi/GameDev/Blackwoods-Curse/BlackwoodsCurse/Library/ScriptAssemblies/Unity.VisualScripting.Flow.Editor.dll
Symbol file LoadedFromMemory is not a mono symbol file
Symbol file data-0x166792000 doesn't match image /Users/manaralsatrawi/GameDev/Blackwoods-Curse/BlackwoodsCurse/Library/ScriptAssemblies/Unity.VSCode.Editor.dll
Symbol file LoadedFromMemory is not a mono symbol file
Symbol file data-0x16679b600 doesn't match image /Users/manaralsatrawi/GameDev/Blackwoods-Curse/BlackwoodsCurse/Library/ScriptAssemblies/Unity.VisualScripting.Shared.Editor.dll
Symbol file LoadedFromMemory is not a mono symbol file
Symbol file data-0x1280a0000 doesn't match image /Users/manaralsatrawi/GameDev/Blackwoods-Curse/BlackwoodsCurse/Library/ScriptAssemblies/Unity.TextMeshPro.Editor.dll
Symbol file LoadedFromMemory is not a mono symbol file
Symbol file data-0x3189b0000 doesn't match image /Users/manaralsatrawi/GameDev/Blackwoods-Curse/BlackwoodsCurse/Library/ScriptAssemblies/Unity.VisualStudio.Editor.dll
Symbol file LoadedFromMemory is not a mono symbol file
Symbol file data-0x150158000 doesn't match image /Users/manaralsatrawi/GameDev/Blackwoods-Curse/BlackwoodsCurse/Library/ScriptAssemblies/Unity.Performance.Profile-Analyzer.Editor.dll
Symbol file LoadedFromMemory is not a mono symbol file
Symbol file data-0x16679b600 doesn't match image /Users/manaralsatrawi/GameDev/Blackwoods-Curse/BlackwoodsCurse/Library/ScriptAssemblies/Unity.TestTools.CodeCoverage.Editor.OpenCover.Model.dll
Symbol file LoadedFromMemory is not a mono symbol file
Symbol file data-0x3238bd800 doesn't match image /Users/manaralsatrawi/GameDev/Blackwoods-Curse/BlackwoodsCurse/Library/ScriptAssemblies/Unity.Settings.Editor.dll
Symbol file LoadedFromMemory is not a mono symbol file
Symbol file data-0x118030000 doesn't match image /Users/manaralsatrawi/GameDev/Blackwoods-Curse/BlackwoodsCurse/Library/ScriptAssemblies/Unity.Timeline.Editor.dll
Symbol file LoadedFromMemory is not a mono symbol file
Symbol file data-0x150158000 doesn't match image /Users/manaralsatrawi/GameDev/Blackwoods-Curse/BlackwoodsCurse/Library/ScriptAssemblies/Unity.Timeline.dll
Symbol file LoadedFromMemory is not a mono symbol file
Symbol file data-0x1390e0000 doesn't match image /Users/manaralsatrawi/GameDev/Blackwoods-Curse/BlackwoodsCurse/Library/ScriptAssemblies/Unity.VisualScripting.Core.Editor.dll
Symbol file LoadedFromMemory is not a mono symbol file
Symbol file data-0x139198000 doesn't match image /Users/manaralsatrawi/GameDev/Blackwoods-Curse/BlackwoodsCurse/Library/ScriptAssemblies/Unity.TextMeshPro.dll
Symbol file LoadedFromMemory is not a mono symbol file
Symbol file data-0x1390e0000 doesn't match image /Users/manaralsatrawi/GameDev/Blackwoods-Curse/BlackwoodsCurse/Library/ScriptAssemblies/Unity.VisualScripting.State.Editor.dll
Symbol file LoadedFromMemory is not a mono symbol file
Symbol file data-0x318c68000 doesn't match image /Users/manaralsatrawi/GameDev/Blackwoods-Curse/BlackwoodsCurse/Library/ScriptAssemblies/MerryYellow.CodeAssist.Editor.dll
Symbol file LoadedFromMemory is not a mono symbol file
Symbol file data-0x16679b600 doesn't match image /Users/manaralsatrawi/GameDev/Blackwoods-Curse/BlackwoodsCurse/Library/ScriptAssemblies/Unity.CollabProxy.Editor.dll
Symbol file LoadedFromMemory is not a mono symbol file
Symbol file data-0x137623800 doesn't match image /Users/manaralsatrawi/GameDev/Blackwoods-Curse/BlackwoodsCurse/Library/ScriptAssemblies/Unity.InputSystem.ForUI.dll
Symbol file LoadedFromMemory is not a mono symbol file
Symbol file data-0x13762b400 doesn't match image /Users/manaralsatrawi/GameDev/Blackwoods-Curse/BlackwoodsCurse/Library/ScriptAssemblies/Unity.VisualScripting.SettingsProvider.Editor.dll
Symbol file LoadedFromMemory is not a mono symbol file
Symbol file data-0x13762b400 doesn't match image /Users/manaralsatrawi/GameDev/Blackwoods-Curse/BlackwoodsCurse/Library/ScriptAssemblies/Unity.TestTools.CodeCoverage.Editor.OpenCover.Mono.Reflection.dll
Symbol file LoadedFromMemory is not a mono symbol file
Symbol file data-0x318ce8000 doesn't match image /Users/manaralsatrawi/GameDev/Blackwoods-Curse/BlackwoodsCurse/Library/ScriptAssemblies/Unity.VisualScripting.Flow.dll
Symbol file LoadedFromMemory is not a mono symbol file
Symbol file data-0x318c68000 doesn't match image /Users/manaralsatrawi/GameDev/Blackwoods-Curse/BlackwoodsCurse/Library/ScriptAssemblies/UnityEditor.UI.dll
Symbol file LoadedFromMemory is not a mono symbol file
Symbol file data-0x318ea0000 doesn't match image /Users/manaralsatrawi/GameDev/Blackwoods-Curse/BlackwoodsCurse/Library/ScriptAssemblies/Unity.InputSystem.dll
Symbol file LoadedFromMemory is not a mono symbol file
Symbol file data-0x318c68000 doesn't match image /Users/manaralsatrawi/GameDev/Blackwoods-Curse/BlackwoodsCurse/Library/ScriptAssemblies/Unity.Rider.Editor.dll
Symbol file LoadedFromMemory is not a mono symbol file
Symbol file data-0x318f28000 doesn't match image /Users/manaralsatrawi/GameDev/Blackwoods-Curse/BlackwoodsCurse/Library/ScriptAssemblies/Unity.PlasticSCM.Editor.dll
Symbol file LoadedFromMemory is not a mono symbol file
Symbol file data-0x318c68000 doesn't match image /Users/manaralsatrawi/GameDev/Blackwoods-Curse/BlackwoodsCurse/Library/ScriptAssemblies/Unity.TestTools.CodeCoverage.Editor.dll
Symbol file LoadedFromMemory is not a mono symbol file
Symbol file data-0x318f88000 doesn't match image /Users/manaralsatrawi/GameDev/Blackwoods-Curse/BlackwoodsCurse/Library/ScriptAssemblies/UnityEngine.UI.dll
Symbol file LoadedFromMemory is not a mono symbol file
Symbol file data-0x13762b400 doesn't match image /Users/manaralsatrawi/GameDev/Blackwoods-Curse/BlackwoodsCurse/Library/ScriptAssemblies/Unity.InputSystem.TestFramework.dll
Symbol file LoadedFromMemory is not a mono symbol file
Symbol file data-0x137637c00 doesn't match image /Users/manaralsatrawi/GameDev/Blackwoods-Curse/BlackwoodsCurse/Library/ScriptAssemblies/Unity.VisualScripting.State.dll
Symbol file LoadedFromMemory is not a mono symbol file
Symbol file data-0x319038000 doesn't match image /Users/manaralsatrawi/GameDev/Blackwoods-Curse/BlackwoodsCurse/Library/ScriptAssemblies/Unity.VisualScripting.Core.dll
Symbol file LoadedFromMemory is not a mono symbol file
Symbol file data-0x137637c00 doesn't match image /Users/manaralsatrawi/GameDev/Blackwoods-Curse/BlackwoodsCurse/Library/ScriptAssemblies/Unity.EditorCoroutines.Editor.dll
Symbol file LoadedFromMemory is not a mono symbol file
Native extension for OSXStandalone target not found
Refreshing native plugins compatible for Editor in 0.60 ms, found 2 plugins.
Preloading 0 native plugins for Editor in 0.00 ms.
[Package Manager] Server::EnsureServerProcessIsRunning -- launch failed, reason: Unity was launched with the -noUpm command-line argument
[Package Manager] Cannot connect to Unity Package Manager local server
Mono: successfully reloaded assembly
- Completed reload, in  1.187 seconds
Domain Reload Profiling:
	ReloadAssembly (1188ms)
		BeginReloadAssembly (193ms)
			ExecutionOrderSort (0ms)
			DisableScriptedObjects (4ms)
			BackupInstance (0ms)
			ReleaseScriptingObjects (0ms)
			CreateAndSetChildDomain (112ms)
		EndReloadAssembly (931ms)
			LoadAssemblies (64ms)
			RebuildTransferFunctionScriptingTraits (0ms)
			SetupTypeCache (216ms)
			ReleaseScriptCaches (1ms)
			RebuildScriptCaches (29ms)
			SetupLoadedEditorAssemblies (602ms)
				LogAssemblyErrors (0ms)
				InitializePlatformSupportModulesInManaged (3ms)
				SetLoadedEditorAssemblies (1ms)
				RefreshPlugins (1ms)
				BeforeProcessingInitializeOnLoad (51ms)
				ProcessInitializeOnLoadAttributes (536ms)
				ProcessInitializeOnLoadMethodAttributes (10ms)
				AfterProcessingInitializeOnLoad (1ms)
				EditorAssembliesLoaded (0ms)
			ExecutionOrderSort2 (0ms)
			AwakeInstancesAfterBackupRestoration (2ms)
Platform modules already initialized, skipping
Refreshing native plugins compatible for Editor in 0.50 ms, found 2 plugins.
Preloading 0 native plugins for Editor in 0.00 ms.
Unloading 3509 Unused Serialized files (Serialized files now loaded: 0)
Unloading 34 unused Assets / (22.0 KB). Loaded Objects now: 4016.
Memory consumption went from 211.6 MB to 211.6 MB.
Total: 2.205417 ms (FindLiveObjects: 0.128666 ms CreateObjectMapping: 0.042000 ms MarkObjects: 2.005375 ms  DeleteObjects: 0.028875 ms)

AssetImportParameters requested are different than current active one (requested -> active):
  custom:video-decoder-ogg-theora: a1e56fd34408186e4bbccfd4996cb3dc -> 
  custom:container-muxer-webm: aa71ff27fc2769a1b78a27578f13a17b -> 
  custom:container-demuxer-webm: 4f35f7cbe854078d1ac9338744f61a02 -> 
  custom:video-encoder-webm-vp8: eb34c28f22e8b96e1ab97ce403110664 -> 
  custom:framework-osx-AVFoundation: e770b220cccbd017edd2c1fefb359320 -> 
  custom:CustomObjectIndexerAttribute: bc11b3a6c3213fcdd17b65e7da85e133 -> 
  custom:audio-encoder-webm-vorbis: bf7c407c2cedff20999df2af8eb42d56 -> 
  custom:SearchIndexIgnoredProperties: e643bd26f0fe6173181afceb89e7c659 -> 
  custom:container-demuxer-ogg: 62fdf1f143b41e24485cea50d1cbac27 -> 
  custom:video-decoder-webm-vp8: 9c59270c3fd7afecdb556c50c9e8de78 -> 
  custom:audio-decoder-ogg-vorbis: bf7c407c2cedff20999df2af8eb42d56 -> 
========================================================================
Received Prepare
Registering precompiled user dll's ...
Registered in 0.003117 seconds.
Begin MonoManager ReloadAssembly
Thread 0x16bd27000 may have been prematurely finalized
Symbol file data-0x128ed0000 doesn't match image /Users/manaralsatrawi/GameDev/Blackwoods-Curse/BlackwoodsCurse/Library/ScriptAssemblies/Unity.VisualScripting.Flow.Editor.dll
Symbol file LoadedFromMemory is not a mono symbol file
Symbol file data-0x32481e400 doesn't match image /Users/manaralsatrawi/GameDev/Blackwoods-Curse/BlackwoodsCurse/Library/ScriptAssemblies/Unity.VSCode.Editor.dll
Symbol file LoadedFromMemory is not a mono symbol file
Symbol file data-0x324827a00 doesn't match image /Users/manaralsatrawi/GameDev/Blackwoods-Curse/BlackwoodsCurse/Library/ScriptAssemblies/Unity.VisualScripting.Shared.Editor.dll
Symbol file LoadedFromMemory is not a mono symbol file
Symbol file data-0x128f28000 doesn't match image /Users/manaralsatrawi/GameDev/Blackwoods-Curse/BlackwoodsCurse/Library/ScriptAssemblies/Unity.TextMeshPro.Editor.dll
Symbol file LoadedFromMemory is not a mono symbol file
Symbol file data-0x1281c8000 doesn't match image /Users/manaralsatrawi/GameDev/Blackwoods-Curse/BlackwoodsCurse/Library/ScriptAssemblies/Unity.VisualStudio.Editor.dll
Symbol file LoadedFromMemory is not a mono symbol file
Symbol file data-0x128f68000 doesn't match image /Users/manaralsatrawi/GameDev/Blackwoods-Curse/BlackwoodsCurse/Library/ScriptAssemblies/Unity.Performance.Profile-Analyzer.Editor.dll
Symbol file LoadedFromMemory is not a mono symbol file
Symbol file data-0x324827a00 doesn't match image /Users/manaralsatrawi/GameDev/Blackwoods-Curse/BlackwoodsCurse/Library/ScriptAssemblies/Unity.TestTools.CodeCoverage.Editor.OpenCover.Model.dll
Symbol file LoadedFromMemory is not a mono symbol file
Symbol file data-0x3249c7800 doesn't match image /Users/manaralsatrawi/GameDev/Blackwoods-Curse/BlackwoodsCurse/Library/ScriptAssemblies/Unity.Settings.Editor.dll
Symbol file LoadedFromMemory is not a mono symbol file
Symbol file data-0x129040000 doesn't match image /Users/manaralsatrawi/GameDev/Blackwoods-Curse/BlackwoodsCurse/Library/ScriptAssemblies/Unity.Timeline.Editor.dll
Symbol file LoadedFromMemory is not a mono symbol file
Symbol file data-0x1290b0000 doesn't match image /Users/manaralsatrawi/GameDev/Blackwoods-Curse/BlackwoodsCurse/Library/ScriptAssemblies/Unity.Timeline.dll
Symbol file LoadedFromMemory is not a mono symbol file
Symbol file data-0x1291c8000 doesn't match image /Users/manaralsatrawi/GameDev/Blackwoods-Curse/BlackwoodsCurse/Library/ScriptAssemblies/Unity.VisualScripting.Core.Editor.dll
Symbol file LoadedFromMemory is not a mono symbol file
Symbol file data-0x129040000 doesn't match image /Users/manaralsatrawi/GameDev/Blackwoods-Curse/BlackwoodsCurse/Library/ScriptAssemblies/Unity.TextMeshPro.dll
Symbol file LoadedFromMemory is not a mono symbol file
Symbol file data-0x1290b0000 doesn't match image /Users/manaralsatrawi/GameDev/Blackwoods-Curse/BlackwoodsCurse/Library/ScriptAssemblies/Unity.VisualScripting.State.Editor.dll
Symbol file LoadedFromMemory is not a mono symbol file
Symbol file data-0x1290b0000 doesn't match image /Users/manaralsatrawi/GameDev/Blackwoods-Curse/BlackwoodsCurse/Library/ScriptAssemblies/MerryYellow.CodeAssist.Editor.dll
Symbol file LoadedFromMemory is not a mono symbol file
Symbol file data-0x3249cac00 doesn't match image /Users/manaralsatrawi/GameDev/Blackwoods-Curse/BlackwoodsCurse/Library/ScriptAssemblies/Unity.CollabProxy.Editor.dll
Symbol file LoadedFromMemory is not a mono symbol file
Symbol file data-0x3249d0600 doesn't match image /Users/manaralsatrawi/GameDev/Blackwoods-Curse/BlackwoodsCurse/Library/ScriptAssemblies/Unity.InputSystem.ForUI.dll
Symbol file LoadedFromMemory is not a mono symbol file
Symbol file data-0x3249d4600 doesn't match image /Users/manaralsatrawi/GameDev/Blackwoods-Curse/BlackwoodsCurse/Library/ScriptAssemblies/Unity.VisualScripting.SettingsProvider.Editor.dll
Symbol file LoadedFromMemory is not a mono symbol file
Symbol file data-0x3249d0600 doesn't match image /Users/manaralsatrawi/GameDev/Blackwoods-Curse/BlackwoodsCurse/Library/ScriptAssemblies/Unity.TestTools.CodeCoverage.Editor.OpenCover.Mono.Reflection.dll
Symbol file LoadedFromMemory is not a mono symbol file
Symbol file data-0x1292d8000 doesn't match image /Users/manaralsatrawi/GameDev/Blackwoods-Curse/BlackwoodsCurse/Library/ScriptAssemblies/Unity.VisualScripting.Flow.dll
Symbol file LoadedFromMemory is not a mono symbol file
Symbol file data-0x129210000 doesn't match image /Users/manaralsatrawi/GameDev/Blackwoods-Curse/BlackwoodsCurse/Library/ScriptAssemblies/UnityEditor.UI.dll
Symbol file LoadedFromMemory is not a mono symbol file
Symbol file data-0x118b98000 doesn't match image /Users/manaralsatrawi/GameDev/Blackwoods-Curse/BlackwoodsCurse/Library/ScriptAssemblies/Unity.InputSystem.dll
Symbol file LoadedFromMemory is not a mono symbol file
Symbol file data-0x118c30000 doesn't match image /Users/manaralsatrawi/GameDev/Blackwoods-Curse/BlackwoodsCurse/Library/ScriptAssemblies/Unity.Rider.Editor.dll
Symbol file LoadedFromMemory is not a mono symbol file
Symbol file data-0x118b98000 doesn't match image /Users/manaralsatrawi/GameDev/Blackwoods-Curse/BlackwoodsCurse/Library/ScriptAssemblies/Unity.PlasticSCM.Editor.dll
Symbol file LoadedFromMemory is not a mono symbol file
Symbol file data-0x118c30000 doesn't match image /Users/manaralsatrawi/GameDev/Blackwoods-Curse/BlackwoodsCurse/Library/ScriptAssemblies/Unity.TestTools.CodeCoverage.Editor.dll
Symbol file LoadedFromMemory is not a mono symbol file
Symbol file data-0x118cc8000 doesn't match image /Users/manaralsatrawi/GameDev/Blackwoods-Curse/BlackwoodsCurse/Library/ScriptAssemblies/UnityEngine.UI.dll
Symbol file LoadedFromMemory is not a mono symbol file
Symbol file data-0x16763e600 doesn't match image /Users/manaralsatrawi/GameDev/Blackwoods-Curse/BlackwoodsCurse/Library/ScriptAssemblies/Unity.InputSystem.TestFramework.dll
Symbol file LoadedFromMemory is not a mono symbol file
Symbol file data-0x16764b600 doesn't match image /Users/manaralsatrawi/GameDev/Blackwoods-Curse/BlackwoodsCurse/Library/ScriptAssemblies/Unity.VisualScripting.State.dll
Symbol file LoadedFromMemory is not a mono symbol file
Symbol file data-0x118d78000 doesn't match image /Users/manaralsatrawi/GameDev/Blackwoods-Curse/BlackwoodsCurse/Library/ScriptAssemblies/Unity.VisualScripting.Core.dll
Symbol file LoadedFromMemory is not a mono symbol file
Symbol file data-0x16764b600 doesn't match image /Users/manaralsatrawi/GameDev/Blackwoods-Curse/BlackwoodsCurse/Library/ScriptAssemblies/Unity.EditorCoroutines.Editor.dll
Symbol file LoadedFromMemory is not a mono symbol file
Native extension for OSXStandalone target not found
Refreshing native plugins compatible for Editor in 1.89 ms, found 2 plugins.
Preloading 0 native plugins for Editor in 0.00 ms.
[Package Manager] Server::EnsureServerProcessIsRunning -- launch failed, reason: Unity was launched with the -noUpm command-line argument
[Package Manager] Cannot connect to Unity Package Manager local server
Mono: successfully reloaded assembly
- Completed reload, in  1.189 seconds
Domain Reload Profiling:
	ReloadAssembly (1190ms)
		BeginReloadAssembly (105ms)
			ExecutionOrderSort (0ms)
			DisableScriptedObjects (3ms)
			BackupInstance (0ms)
			ReleaseScriptingObjects (0ms)
			CreateAndSetChildDomain (42ms)
		EndReloadAssembly (1027ms)
			LoadAssemblies (48ms)
			RebuildTransferFunctionScriptingTraits (0ms)
			SetupTypeCache (281ms)
			ReleaseScriptCaches (7ms)
			RebuildScriptCaches (51ms)
			SetupLoadedEditorAssemblies (594ms)
				LogAssemblyErrors (0ms)
				InitializePlatformSupportModulesInManaged (4ms)
				SetLoadedEditorAssemblies (0ms)
				RefreshPlugins (2ms)
				BeforeProcessingInitializeOnLoad (44ms)
				ProcessInitializeOnLoadAttributes (533ms)
				ProcessInitializeOnLoadMethodAttributes (11ms)
				AfterProcessingInitializeOnLoad (1ms)
				EditorAssembliesLoaded (0ms)
			ExecutionOrderSort2 (0ms)
			AwakeInstancesAfterBackupRestoration (2ms)
Platform modules already initialized, skipping
Refreshing native plugins compatible for Editor in 0.51 ms, found 2 plugins.
Preloading 0 native plugins for Editor in 0.00 ms.
Unloading 3509 Unused Serialized files (Serialized files now loaded: 0)
Unloading 34 unused Assets / (23.0 KB). Loaded Objects now: 4019.
Memory consumption went from 211.6 MB to 211.6 MB.
Total: 2.472750 ms (FindLiveObjects: 0.163667 ms CreateObjectMapping: 0.041250 ms MarkObjects: 2.240875 ms  DeleteObjects: 0.026375 ms)

AssetImportParameters requested are different than current active one (requested -> active):
  custom:video-decoder-ogg-theora: a1e56fd34408186e4bbccfd4996cb3dc -> 
  custom:container-muxer-webm: aa71ff27fc2769a1b78a27578f13a17b -> 
  custom:container-demuxer-webm: 4f35f7cbe854078d1ac9338744f61a02 -> 
  custom:video-encoder-webm-vp8: eb34c28f22e8b96e1ab97ce403110664 -> 
  custom:framework-osx-AVFoundation: e770b220cccbd017edd2c1fefb359320 -> 
  custom:CustomObjectIndexerAttribute: bc11b3a6c3213fcdd17b65e7da85e133 -> 
  custom:audio-encoder-webm-vorbis: bf7c407c2cedff20999df2af8eb42d56 -> 
  custom:SearchIndexIgnoredProperties: e643bd26f0fe6173181afceb89e7c659 -> 
  custom:container-demuxer-ogg: 62fdf1f143b41e24485cea50d1cbac27 -> 
  custom:video-decoder-webm-vp8: 9c59270c3fd7afecdb556c50c9e8de78 -> 
  custom:audio-decoder-ogg-vorbis: bf7c407c2cedff20999df2af8eb42d56 -> 
========================================================================
Received Prepare
Registering precompiled user dll's ...
Registered in 0.003174 seconds.
Begin MonoManager ReloadAssembly
Thread 0x16bd27000 may have been prematurely finalized
Symbol file data-0x3198d8000 doesn't match image /Users/manaralsatrawi/GameDev/Blackwoods-Curse/BlackwoodsCurse/Library/ScriptAssemblies/Unity.VisualScripting.Flow.Editor.dll
Symbol file LoadedFromMemory is not a mono symbol file
Symbol file data-0x122058a00 doesn't match image /Users/manaralsatrawi/GameDev/Blackwoods-Curse/BlackwoodsCurse/Library/ScriptAssemblies/Unity.VSCode.Editor.dll
Symbol file LoadedFromMemory is not a mono symbol file
Symbol file data-0x122062800 doesn't match image /Users/manaralsatrawi/GameDev/Blackwoods-Curse/BlackwoodsCurse/Library/ScriptAssemblies/Unity.VisualScripting.Shared.Editor.dll
Symbol file LoadedFromMemory is not a mono symbol file
Symbol file data-0x319940000 doesn't match image /Users/manaralsatrawi/GameDev/Blackwoods-Curse/BlackwoodsCurse/Library/ScriptAssemblies/Unity.TextMeshPro.Editor.dll
Symbol file LoadedFromMemory is not a mono symbol file
Symbol file data-0x319958000 doesn't match image /Users/manaralsatrawi/GameDev/Blackwoods-Curse/BlackwoodsCurse/Library/ScriptAssemblies/Unity.VisualStudio.Editor.dll
Symbol file LoadedFromMemory is not a mono symbol file
Symbol file data-0x3199a8000 doesn't match image /Users/manaralsatrawi/GameDev/Blackwoods-Curse/BlackwoodsCurse/Library/ScriptAssemblies/Unity.Performance.Profile-Analyzer.Editor.dll
Symbol file LoadedFromMemory is not a mono symbol file
Symbol file data-0x122068400 doesn't match image /Users/manaralsatrawi/GameDev/Blackwoods-Curse/BlackwoodsCurse/Library/ScriptAssemblies/Unity.TestTools.CodeCoverage.Editor.OpenCover.Model.dll
Symbol file LoadedFromMemory is not a mono symbol file
Symbol file data-0x12206e400 doesn't match image /Users/manaralsatrawi/GameDev/Blackwoods-Curse/BlackwoodsCurse/Library/ScriptAssemblies/Unity.Settings.Editor.dll
Symbol file LoadedFromMemory is not a mono symbol file
Symbol file data-0x319a70000 doesn't match image /Users/manaralsatrawi/GameDev/Blackwoods-Curse/BlackwoodsCurse/Library/ScriptAssemblies/Unity.Timeline.Editor.dll
Symbol file LoadedFromMemory is not a mono symbol file
Symbol file data-0x319ae0000 doesn't match image /Users/manaralsatrawi/GameDev/Blackwoods-Curse/BlackwoodsCurse/Library/ScriptAssemblies/Unity.Timeline.dll
Symbol file LoadedFromMemory is not a mono symbol file
Symbol file data-0x319bf8000 doesn't match image /Users/manaralsatrawi/GameDev/Blackwoods-Curse/BlackwoodsCurse/Library/ScriptAssemblies/Unity.VisualScripting.Core.Editor.dll
Symbol file LoadedFromMemory is not a mono symbol file
Symbol file data-0x319a70000 doesn't match image /Users/manaralsatrawi/GameDev/Blackwoods-Curse/BlackwoodsCurse/Library/ScriptAssemblies/Unity.TextMeshPro.dll
Symbol file LoadedFromMemory is not a mono symbol file
Symbol file data-0x319ae0000 doesn't match image /Users/manaralsatrawi/GameDev/Blackwoods-Curse/BlackwoodsCurse/Library/ScriptAssemblies/Unity.VisualScripting.State.Editor.dll
Symbol file LoadedFromMemory is not a mono symbol file
Symbol file data-0x319ae0000 doesn't match image /Users/manaralsatrawi/GameDev/Blackwoods-Curse/BlackwoodsCurse/Library/ScriptAssemblies/MerryYellow.CodeAssist.Editor.dll
Symbol file LoadedFromMemory is not a mono symbol file
Symbol file data-0x12206b800 doesn't match image /Users/manaralsatrawi/GameDev/Blackwoods-Curse/BlackwoodsCurse/Library/ScriptAssemblies/Unity.CollabProxy.Editor.dll
Symbol file LoadedFromMemory is not a mono symbol file
Symbol file data-0x122071200 doesn't match image /Users/manaralsatrawi/GameDev/Blackwoods-Curse/BlackwoodsCurse/Library/ScriptAssemblies/Unity.InputSystem.ForUI.dll
Symbol file LoadedFromMemory is not a mono symbol file
Symbol file data-0x122075200 doesn't match image /Users/manaralsatrawi/GameDev/Blackwoods-Curse/BlackwoodsCurse/Library/ScriptAssemblies/Unity.VisualScripting.SettingsProvider.Editor.dll
Symbol file LoadedFromMemory is not a mono symbol file
Symbol file data-0x122071200 doesn't match image /Users/manaralsatrawi/GameDev/Blackwoods-Curse/BlackwoodsCurse/Library/ScriptAssemblies/Unity.TestTools.CodeCoverage.Editor.OpenCover.Mono.Reflection.dll
Symbol file LoadedFromMemory is not a mono symbol file
Symbol file data-0x319d08000 doesn't match image /Users/manaralsatrawi/GameDev/Blackwoods-Curse/BlackwoodsCurse/Library/ScriptAssemblies/Unity.VisualScripting.Flow.dll
Symbol file LoadedFromMemory is not a mono symbol file
Symbol file data-0x319c40000 doesn't match image /Users/manaralsatrawi/GameDev/Blackwoods-Curse/BlackwoodsCurse/Library/ScriptAssemblies/UnityEditor.UI.dll
Symbol file LoadedFromMemory is not a mono symbol file
Symbol file data-0x319e78000 doesn't match image /Users/manaralsatrawi/GameDev/Blackwoods-Curse/BlackwoodsCurse/Library/ScriptAssemblies/Unity.InputSystem.dll
Symbol file LoadedFromMemory is not a mono symbol file
Symbol file data-0x319c40000 doesn't match image /Users/manaralsatrawi/GameDev/Blackwoods-Curse/BlackwoodsCurse/Library/ScriptAssemblies/Unity.Rider.Editor.dll
Symbol file LoadedFromMemory is not a mono symbol file
Symbol file data-0x319e78000 doesn't match image /Users/manaralsatrawi/GameDev/Blackwoods-Curse/BlackwoodsCurse/Library/ScriptAssemblies/Unity.PlasticSCM.Editor.dll
Symbol file LoadedFromMemory is not a mono symbol file
Symbol file data-0x319c40000 doesn't match image /Users/manaralsatrawi/GameDev/Blackwoods-Curse/BlackwoodsCurse/Library/ScriptAssemblies/Unity.TestTools.CodeCoverage.Editor.dll
Symbol file LoadedFromMemory is not a mono symbol file
Symbol file data-0x319f98000 doesn't match image /Users/manaralsatrawi/GameDev/Blackwoods-Curse/BlackwoodsCurse/Library/ScriptAssemblies/UnityEngine.UI.dll
Symbol file LoadedFromMemory is not a mono symbol file
Symbol file data-0x12207a200 doesn't match image /Users/manaralsatrawi/GameDev/Blackwoods-Curse/BlackwoodsCurse/Library/ScriptAssemblies/Unity.InputSystem.TestFramework.dll
Symbol file LoadedFromMemory is not a mono symbol file
Symbol file data-0x12208d000 doesn't match image /Users/manaralsatrawi/GameDev/Blackwoods-Curse/BlackwoodsCurse/Library/ScriptAssemblies/Unity.VisualScripting.State.dll
Symbol file LoadedFromMemory is not a mono symbol file
Symbol file data-0x31a048000 doesn't match image /Users/manaralsatrawi/GameDev/Blackwoods-Curse/BlackwoodsCurse/Library/ScriptAssemblies/Unity.VisualScripting.Core.dll
Symbol file LoadedFromMemory is not a mono symbol file
Symbol file data-0x12208ec00 doesn't match image /Users/manaralsatrawi/GameDev/Blackwoods-Curse/BlackwoodsCurse/Library/ScriptAssemblies/Unity.EditorCoroutines.Editor.dll
Symbol file LoadedFromMemory is not a mono symbol file
Native extension for OSXStandalone target not found
Refreshing native plugins compatible for Editor in 0.41 ms, found 2 plugins.
Preloading 0 native plugins for Editor in 0.00 ms.
[Package Manager] Server::EnsureServerProcessIsRunning -- launch failed, reason: Unity was launched with the -noUpm command-line argument
[Package Manager] Cannot connect to Unity Package Manager local server
Mono: successfully reloaded assembly
- Completed reload, in  1.058 seconds
Domain Reload Profiling:
	ReloadAssembly (1058ms)
		BeginReloadAssembly (111ms)
			ExecutionOrderSort (0ms)
			DisableScriptedObjects (3ms)
			BackupInstance (0ms)
			ReleaseScriptingObjects (0ms)
			CreateAndSetChildDomain (46ms)
		EndReloadAssembly (888ms)
			LoadAssemblies (52ms)
			RebuildTransferFunctionScriptingTraits (0ms)
			SetupTypeCache (202ms)
			ReleaseScriptCaches (2ms)
			RebuildScriptCaches (34ms)
			SetupLoadedEditorAssemblies (582ms)
				LogAssemblyErrors (0ms)
				InitializePlatformSupportModulesInManaged (2ms)
				SetLoadedEditorAssemblies (0ms)
				RefreshPlugins (0ms)
				BeforeProcessingInitializeOnLoad (37ms)
				ProcessInitializeOnLoadAttributes (531ms)
				ProcessInitializeOnLoadMethodAttributes (10ms)
				AfterProcessingInitializeOnLoad (1ms)
				EditorAssembliesLoaded (0ms)
			ExecutionOrderSort2 (0ms)
			AwakeInstancesAfterBackupRestoration (2ms)
Platform modules already initialized, skipping
Refreshing native plugins compatible for Editor in 0.50 ms, found 2 plugins.
Preloading 0 native plugins for Editor in 0.00 ms.
Unloading 3509 Unused Serialized files (Serialized files now loaded: 0)
Unloading 34 unused Assets / (22.0 KB). Loaded Objects now: 4022.
Memory consumption went from 211.6 MB to 211.6 MB.
Total: 2.102667 ms (FindLiveObjects: 0.125625 ms CreateObjectMapping: 0.045541 ms MarkObjects: 1.916459 ms  DeleteObjects: 0.014375 ms)

AssetImportParameters requested are different than current active one (requested -> active):
  custom:video-decoder-ogg-theora: a1e56fd34408186e4bbccfd4996cb3dc -> 
  custom:container-muxer-webm: aa71ff27fc2769a1b78a27578f13a17b -> 
  custom:container-demuxer-webm: 4f35f7cbe854078d1ac9338744f61a02 -> 
  custom:video-encoder-webm-vp8: eb34c28f22e8b96e1ab97ce403110664 -> 
  custom:framework-osx-AVFoundation: e770b220cccbd017edd2c1fefb359320 -> 
  custom:CustomObjectIndexerAttribute: bc11b3a6c3213fcdd17b65e7da85e133 -> 
  custom:audio-encoder-webm-vorbis: bf7c407c2cedff20999df2af8eb42d56 -> 
  custom:SearchIndexIgnoredProperties: e643bd26f0fe6173181afceb89e7c659 -> 
  custom:container-demuxer-ogg: 62fdf1f143b41e24485cea50d1cbac27 -> 
  custom:video-decoder-webm-vp8: 9c59270c3fd7afecdb556c50c9e8de78 -> 
  custom:audio-decoder-ogg-vorbis: bf7c407c2cedff20999df2af8eb42d56 -> 
========================================================================
Received Prepare
Registering precompiled user dll's ...
Registered in 0.002802 seconds.
Begin MonoManager ReloadAssembly
Thread 0x16bd27000 may have been prematurely finalized
Symbol file data-0x118da0000 doesn't match image /Users/manaralsatrawi/GameDev/Blackwoods-Curse/BlackwoodsCurse/Library/ScriptAssemblies/Unity.VisualScripting.Flow.Editor.dll
Symbol file LoadedFromMemory is not a mono symbol file
Symbol file data-0x1657f9000 doesn't match image /Users/manaralsatrawi/GameDev/Blackwoods-Curse/BlackwoodsCurse/Library/ScriptAssemblies/Unity.VSCode.Editor.dll
Symbol file LoadedFromMemory is not a mono symbol file
Symbol file data-0x16512ea00 doesn't match image /Users/manaralsatrawi/GameDev/Blackwoods-Curse/BlackwoodsCurse/Library/ScriptAssemblies/Unity.VisualScripting.Shared.Editor.dll
Symbol file LoadedFromMemory is not a mono symbol file
Symbol file data-0x1180c0000 doesn't match image /Users/manaralsatrawi/GameDev/Blackwoods-Curse/BlackwoodsCurse/Library/ScriptAssemblies/Unity.TextMeshPro.Editor.dll
Symbol file LoadedFromMemory is not a mono symbol file
Symbol file data-0x1180f8000 doesn't match image /Users/manaralsatrawi/GameDev/Blackwoods-Curse/BlackwoodsCurse/Library/ScriptAssemblies/Unity.VisualStudio.Editor.dll
Symbol file LoadedFromMemory is not a mono symbol file
Symbol file data-0x118148000 doesn't match image /Users/manaralsatrawi/GameDev/Blackwoods-Curse/BlackwoodsCurse/Library/ScriptAssemblies/Unity.Performance.Profile-Analyzer.Editor.dll
Symbol file LoadedFromMemory is not a mono symbol file
Symbol file data-0x165127200 doesn't match image /Users/manaralsatrawi/GameDev/Blackwoods-Curse/BlackwoodsCurse/Library/ScriptAssemblies/Unity.TestTools.CodeCoverage.Editor.OpenCover.Model.dll
Symbol file LoadedFromMemory is not a mono symbol file
Symbol file data-0x165158c00 doesn't match image /Users/manaralsatrawi/GameDev/Blackwoods-Curse/BlackwoodsCurse/Library/ScriptAssemblies/Unity.Settings.Editor.dll
Symbol file LoadedFromMemory is not a mono symbol file
Symbol file data-0x118210000 doesn't match image /Users/manaralsatrawi/GameDev/Blackwoods-Curse/BlackwoodsCurse/Library/ScriptAssemblies/Unity.Timeline.Editor.dll
Symbol file LoadedFromMemory is not a mono symbol file
Symbol file data-0x118280000 doesn't match image /Users/manaralsatrawi/GameDev/Blackwoods-Curse/BlackwoodsCurse/Library/ScriptAssemblies/Unity.Timeline.dll
Symbol file LoadedFromMemory is not a mono symbol file
Symbol file data-0x150040000 doesn't match image /Users/manaralsatrawi/GameDev/Blackwoods-Curse/BlackwoodsCurse/Library/ScriptAssemblies/Unity.VisualScripting.Core.Editor.dll
Symbol file LoadedFromMemory is not a mono symbol file
Symbol file data-0x1500f8000 doesn't match image /Users/manaralsatrawi/GameDev/Blackwoods-Curse/BlackwoodsCurse/Library/ScriptAssemblies/Unity.TextMeshPro.dll
Symbol file LoadedFromMemory is not a mono symbol file
Symbol file data-0x150040000 doesn't match image /Users/manaralsatrawi/GameDev/Blackwoods-Curse/BlackwoodsCurse/Library/ScriptAssemblies/Unity.VisualScripting.State.Editor.dll
Symbol file LoadedFromMemory is not a mono symbol file
Symbol file data-0x150040000 doesn't match image /Users/manaralsatrawi/GameDev/Blackwoods-Curse/BlackwoodsCurse/Library/ScriptAssemblies/MerryYellow.CodeAssist.Editor.dll
Symbol file LoadedFromMemory is not a mono symbol file
Symbol file data-0x16512ea00 doesn't match image /Users/manaralsatrawi/GameDev/Blackwoods-Curse/BlackwoodsCurse/Library/ScriptAssemblies/Unity.CollabProxy.Editor.dll
Symbol file LoadedFromMemory is not a mono symbol file
Symbol file data-0x166010400 doesn't match image /Users/manaralsatrawi/GameDev/Blackwoods-Curse/BlackwoodsCurse/Library/ScriptAssemblies/Unity.InputSystem.ForUI.dll
Symbol file LoadedFromMemory is not a mono symbol file
Symbol file data-0x1677a4c00 doesn't match image /Users/manaralsatrawi/GameDev/Blackwoods-Curse/BlackwoodsCurse/Library/ScriptAssemblies/Unity.VisualScripting.SettingsProvider.Editor.dll
Symbol file LoadedFromMemory is not a mono symbol file
Symbol file data-0x1677a4c00 doesn't match image /Users/manaralsatrawi/GameDev/Blackwoods-Curse/BlackwoodsCurse/Library/ScriptAssemblies/Unity.TestTools.CodeCoverage.Editor.OpenCover.Mono.Reflection.dll
Symbol file LoadedFromMemory is not a mono symbol file
Symbol file data-0x12a410000 doesn't match image /Users/manaralsatrawi/GameDev/Blackwoods-Curse/BlackwoodsCurse/Library/ScriptAssemblies/Unity.VisualScripting.Flow.dll
Symbol file LoadedFromMemory is not a mono symbol file
Symbol file data-0x12a458000 doesn't match image /Users/manaralsatrawi/GameDev/Blackwoods-Curse/BlackwoodsCurse/Library/ScriptAssemblies/UnityEditor.UI.dll
Symbol file LoadedFromMemory is not a mono symbol file
Symbol file data-0x12a5d8000 doesn't match image /Users/manaralsatrawi/GameDev/Blackwoods-Curse/BlackwoodsCurse/Library/ScriptAssemblies/Unity.InputSystem.dll
Symbol file LoadedFromMemory is not a mono symbol file
Symbol file data-0x12a458000 doesn't match image /Users/manaralsatrawi/GameDev/Blackwoods-Curse/BlackwoodsCurse/Library/ScriptAssemblies/Unity.Rider.Editor.dll
Symbol file LoadedFromMemory is not a mono symbol file
Symbol file data-0x12a660000 doesn't match image /Users/manaralsatrawi/GameDev/Blackwoods-Curse/BlackwoodsCurse/Library/ScriptAssemblies/Unity.PlasticSCM.Editor.dll
Symbol file LoadedFromMemory is not a mono symbol file
Symbol file data-0x12a458000 doesn't match image /Users/manaralsatrawi/GameDev/Blackwoods-Curse/BlackwoodsCurse/Library/ScriptAssemblies/Unity.TestTools.CodeCoverage.Editor.dll
Symbol file LoadedFromMemory is not a mono symbol file
Symbol file data-0x12a6c0000 doesn't match image /Users/manaralsatrawi/GameDev/Blackwoods-Curse/BlackwoodsCurse/Library/ScriptAssemblies/UnityEngine.UI.dll
Symbol file LoadedFromMemory is not a mono symbol file
Symbol file data-0x1677a4c00 doesn't match image /Users/manaralsatrawi/GameDev/Blackwoods-Curse/BlackwoodsCurse/Library/ScriptAssemblies/Unity.InputSystem.TestFramework.dll
Symbol file LoadedFromMemory is not a mono symbol file
Symbol file data-0x1677b1400 doesn't match image /Users/manaralsatrawi/GameDev/Blackwoods-Curse/BlackwoodsCurse/Library/ScriptAssemblies/Unity.VisualScripting.State.dll
Symbol file LoadedFromMemory is not a mono symbol file
Symbol file data-0x12a770000 doesn't match image /Users/manaralsatrawi/GameDev/Blackwoods-Curse/BlackwoodsCurse/Library/ScriptAssemblies/Unity.VisualScripting.Core.dll
Symbol file LoadedFromMemory is not a mono symbol file
Symbol file data-0x1677a4c00 doesn't match image /Users/manaralsatrawi/GameDev/Blackwoods-Curse/BlackwoodsCurse/Library/ScriptAssemblies/Unity.EditorCoroutines.Editor.dll
Symbol file LoadedFromMemory is not a mono symbol file
Native extension for OSXStandalone target not found
Refreshing native plugins compatible for Editor in 0.42 ms, found 2 plugins.
Preloading 0 native plugins for Editor in 0.00 ms.
[Package Manager] Server::EnsureServerProcessIsRunning -- launch failed, reason: Unity was launched with the -noUpm command-line argument
[Package Manager] Cannot connect to Unity Package Manager local server
Mono: successfully reloaded assembly
- Completed reload, in  1.108 seconds
Domain Reload Profiling:
	ReloadAssembly (1108ms)
		BeginReloadAssembly (110ms)
			ExecutionOrderSort (0ms)
			DisableScriptedObjects (3ms)
			BackupInstance (0ms)
			ReleaseScriptingObjects (0ms)
			CreateAndSetChildDomain (46ms)
		EndReloadAssembly (939ms)
			LoadAssemblies (55ms)
			RebuildTransferFunctionScriptingTraits (0ms)
			SetupTypeCache (232ms)
			ReleaseScriptCaches (1ms)
			RebuildScriptCaches (30ms)
			SetupLoadedEditorAssemblies (595ms)
				LogAssemblyErrors (0ms)
				InitializePlatformSupportModulesInManaged (2ms)
				SetLoadedEditorAssemblies (0ms)
				RefreshPlugins (0ms)
				BeforeProcessingInitializeOnLoad (37ms)
				ProcessInitializeOnLoadAttributes (543ms)
				ProcessInitializeOnLoadMethodAttributes (10ms)
				AfterProcessingInitializeOnLoad (1ms)
				EditorAssembliesLoaded (0ms)
			ExecutionOrderSort2 (0ms)
			AwakeInstancesAfterBackupRestoration (2ms)
Platform modules already initialized, skipping
Refreshing native plugins compatible for Editor in 0.51 ms, found 2 plugins.
Preloading 0 native plugins for Editor in 0.00 ms.
Unloading 3509 Unused Serialized files (Serialized files now loaded: 0)
Unloading 34 unused Assets / (21.9 KB). Loaded Objects now: 4025.
Memory consumption went from 211.6 MB to 211.6 MB.
Total: 2.260000 ms (FindLiveObjects: 0.164792 ms CreateObjectMapping: 0.047541 ms MarkObjects: 2.028167 ms  DeleteObjects: 0.019083 ms)

AssetImportParameters requested are different than current active one (requested -> active):
  custom:video-decoder-ogg-theora: a1e56fd34408186e4bbccfd4996cb3dc -> 
  custom:container-muxer-webm: aa71ff27fc2769a1b78a27578f13a17b -> 
  custom:container-demuxer-webm: 4f35f7cbe854078d1ac9338744f61a02 -> 
  custom:video-encoder-webm-vp8: eb34c28f22e8b96e1ab97ce403110664 -> 
  custom:framework-osx-AVFoundation: e770b220cccbd017edd2c1fefb359320 -> 
  custom:CustomObjectIndexerAttribute: bc11b3a6c3213fcdd17b65e7da85e133 -> 
  custom:audio-encoder-webm-vorbis: bf7c407c2cedff20999df2af8eb42d56 -> 
  custom:SearchIndexIgnoredProperties: e643bd26f0fe6173181afceb89e7c659 -> 
  custom:container-demuxer-ogg: 62fdf1f143b41e24485cea50d1cbac27 -> 
  custom:video-decoder-webm-vp8: 9c59270c3fd7afecdb556c50c9e8de78 -> 
  custom:audio-decoder-ogg-vorbis: bf7c407c2cedff20999df2af8eb42d56 -> 
========================================================================
Received Prepare
Registering precompiled user dll's ...
Registered in 0.003202 seconds.
Begin MonoManager ReloadAssembly
Thread 0x16bd27000 may have been prematurely finalized
Symbol file data-0x12a4f0000 doesn't match image /Users/manaralsatrawi/GameDev/Blackwoods-Curse/BlackwoodsCurse/Library/ScriptAssemblies/Unity.VisualScripting.Flow.Editor.dll
Symbol file LoadedFromMemory is not a mono symbol file
Symbol file data-0x16760d600 doesn't match image /Users/manaralsatrawi/GameDev/Blackwoods-Curse/BlackwoodsCurse/Library/ScriptAssemblies/Unity.VSCode.Editor.dll
Symbol file LoadedFromMemory is not a mono symbol file
Symbol file data-0x167616c00 doesn't match image /Users/manaralsatrawi/GameDev/Blackwoods-Curse/BlackwoodsCurse/Library/ScriptAssemblies/Unity.VisualScripting.Shared.Editor.dll
Symbol file LoadedFromMemory is not a mono symbol file
Symbol file data-0x12a548000 doesn't match image /Users/manaralsatrawi/GameDev/Blackwoods-Curse/BlackwoodsCurse/Library/ScriptAssemblies/Unity.TextMeshPro.Editor.dll
Symbol file LoadedFromMemory is not a mono symbol file
Symbol file data-0x12a560000 doesn't match image /Users/manaralsatrawi/GameDev/Blackwoods-Curse/BlackwoodsCurse/Library/ScriptAssemblies/Unity.VisualStudio.Editor.dll
Symbol file LoadedFromMemory is not a mono symbol file
Symbol file data-0x12a5b0000 doesn't match image /Users/manaralsatrawi/GameDev/Blackwoods-Curse/BlackwoodsCurse/Library/ScriptAssemblies/Unity.Performance.Profile-Analyzer.Editor.dll
Symbol file LoadedFromMemory is not a mono symbol file
Symbol file data-0x167616c00 doesn't match image /Users/manaralsatrawi/GameDev/Blackwoods-Curse/BlackwoodsCurse/Library/ScriptAssemblies/Unity.TestTools.CodeCoverage.Editor.OpenCover.Model.dll
Symbol file LoadedFromMemory is not a mono symbol file
Symbol file data-0x1675e0000 doesn't match image /Users/manaralsatrawi/GameDev/Blackwoods-Curse/BlackwoodsCurse/Library/ScriptAssemblies/Unity.Settings.Editor.dll
Symbol file LoadedFromMemory is not a mono symbol file
Symbol file data-0x12a678000 doesn't match image /Users/manaralsatrawi/GameDev/Blackwoods-Curse/BlackwoodsCurse/Library/ScriptAssemblies/Unity.Timeline.Editor.dll
Symbol file LoadedFromMemory is not a mono symbol file
Symbol file data-0x12a6e8000 doesn't match image /Users/manaralsatrawi/GameDev/Blackwoods-Curse/BlackwoodsCurse/Library/ScriptAssemblies/Unity.Timeline.dll
Symbol file LoadedFromMemory is not a mono symbol file
Symbol file data-0x12a800000 doesn't match image /Users/manaralsatrawi/GameDev/Blackwoods-Curse/BlackwoodsCurse/Library/ScriptAssemblies/Unity.VisualScripting.Core.Editor.dll
Symbol file LoadedFromMemory is not a mono symbol file
Symbol file data-0x150078000 doesn't match image /Users/manaralsatrawi/GameDev/Blackwoods-Curse/BlackwoodsCurse/Library/ScriptAssemblies/Unity.TextMeshPro.dll
Symbol file LoadedFromMemory is not a mono symbol file
Symbol file data-0x1500a8000 doesn't match image /Users/manaralsatrawi/GameDev/Blackwoods-Curse/BlackwoodsCurse/Library/ScriptAssemblies/Unity.VisualScripting.State.Editor.dll
Symbol file LoadedFromMemory is not a mono symbol file
Symbol file data-0x1500a8000 doesn't match image /Users/manaralsatrawi/GameDev/Blackwoods-Curse/BlackwoodsCurse/Library/ScriptAssemblies/MerryYellow.CodeAssist.Editor.dll
Symbol file LoadedFromMemory is not a mono symbol file
Symbol file data-0x324d11600 doesn't match image /Users/manaralsatrawi/GameDev/Blackwoods-Curse/BlackwoodsCurse/Library/ScriptAssemblies/Unity.CollabProxy.Editor.dll
Symbol file LoadedFromMemory is not a mono symbol file
Symbol file data-0x324c6a400 doesn't match image /Users/manaralsatrawi/GameDev/Blackwoods-Curse/BlackwoodsCurse/Library/ScriptAssemblies/Unity.InputSystem.ForUI.dll
Symbol file LoadedFromMemory is not a mono symbol file
Symbol file data-0x324c6ac00 doesn't match image /Users/manaralsatrawi/GameDev/Blackwoods-Curse/BlackwoodsCurse/Library/ScriptAssemblies/Unity.VisualScripting.SettingsProvider.Editor.dll
Symbol file LoadedFromMemory is not a mono symbol file
Symbol file data-0x324c6ac00 doesn't match image /Users/manaralsatrawi/GameDev/Blackwoods-Curse/BlackwoodsCurse/Library/ScriptAssemblies/Unity.TestTools.CodeCoverage.Editor.OpenCover.Mono.Reflection.dll
Symbol file LoadedFromMemory is not a mono symbol file
Symbol file data-0x150158000 doesn't match image /Users/manaralsatrawi/GameDev/Blackwoods-Curse/BlackwoodsCurse/Library/ScriptAssemblies/Unity.VisualScripting.Flow.dll
Symbol file LoadedFromMemory is not a mono symbol file
Symbol file data-0x150188000 doesn't match image /Users/manaralsatrawi/GameDev/Blackwoods-Curse/BlackwoodsCurse/Library/ScriptAssemblies/UnityEditor.UI.dll
Symbol file LoadedFromMemory is not a mono symbol file
Symbol file data-0x12a8b8000 doesn't match image /Users/manaralsatrawi/GameDev/Blackwoods-Curse/BlackwoodsCurse/Library/ScriptAssemblies/Unity.InputSystem.dll
Symbol file LoadedFromMemory is not a mono symbol file
Symbol file data-0x12a678000 doesn't match image /Users/manaralsatrawi/GameDev/Blackwoods-Curse/BlackwoodsCurse/Library/ScriptAssemblies/Unity.Rider.Editor.dll
Symbol file LoadedFromMemory is not a mono symbol file
Symbol file data-0x150308000 doesn't match image /Users/manaralsatrawi/GameDev/Blackwoods-Curse/BlackwoodsCurse/Library/ScriptAssemblies/Unity.PlasticSCM.Editor.dll
Symbol file LoadedFromMemory is not a mono symbol file
Symbol file data-0x150178000 doesn't match image /Users/manaralsatrawi/GameDev/Blackwoods-Curse/BlackwoodsCurse/Library/ScriptAssemblies/Unity.TestTools.CodeCoverage.Editor.dll
Symbol file LoadedFromMemory is not a mono symbol file
Symbol file data-0x150348000 doesn't match image /Users/manaralsatrawi/GameDev/Blackwoods-Curse/BlackwoodsCurse/Library/ScriptAssemblies/UnityEngine.UI.dll
Symbol file LoadedFromMemory is not a mono symbol file
Symbol file data-0x324c47e00 doesn't match image /Users/manaralsatrawi/GameDev/Blackwoods-Curse/BlackwoodsCurse/Library/ScriptAssemblies/Unity.InputSystem.TestFramework.dll
Symbol file LoadedFromMemory is not a mono symbol file
Symbol file data-0x324c54600 doesn't match image /Users/manaralsatrawi/GameDev/Blackwoods-Curse/BlackwoodsCurse/Library/ScriptAssemblies/Unity.VisualScripting.State.dll
Symbol file LoadedFromMemory is not a mono symbol file
Symbol file data-0x1503f8000 doesn't match image /Users/manaralsatrawi/GameDev/Blackwoods-Curse/BlackwoodsCurse/Library/ScriptAssemblies/Unity.VisualScripting.Core.dll
Symbol file LoadedFromMemory is not a mono symbol file
Symbol file data-0x324c47e00 doesn't match image /Users/manaralsatrawi/GameDev/Blackwoods-Curse/BlackwoodsCurse/Library/ScriptAssemblies/Unity.EditorCoroutines.Editor.dll
Symbol file LoadedFromMemory is not a mono symbol file
Native extension for OSXStandalone target not found
Refreshing native plugins compatible for Editor in 0.54 ms, found 2 plugins.
Preloading 0 native plugins for Editor in 0.00 ms.
[Package Manager] Server::EnsureServerProcessIsRunning -- launch failed, reason: Unity was launched with the -noUpm command-line argument
[Package Manager] Cannot connect to Unity Package Manager local server
Mono: successfully reloaded assembly
- Completed reload, in  1.097 seconds
Domain Reload Profiling:
	ReloadAssembly (1098ms)
		BeginReloadAssembly (108ms)
			ExecutionOrderSort (0ms)
			DisableScriptedObjects (3ms)
			BackupInstance (0ms)
			ReleaseScriptingObjects (0ms)
			CreateAndSetChildDomain (44ms)
		EndReloadAssembly (927ms)
			LoadAssemblies (51ms)
			RebuildTransferFunctionScriptingTraits (0ms)
			SetupTypeCache (221ms)
			ReleaseScriptCaches (1ms)
			RebuildScriptCaches (29ms)
			SetupLoadedEditorAssemblies (604ms)
				LogAssemblyErrors (0ms)
				InitializePlatformSupportModulesInManaged (2ms)
				SetLoadedEditorAssemblies (0ms)
				RefreshPlugins (1ms)
				BeforeProcessingInitializeOnLoad (41ms)
				ProcessInitializeOnLoadAttributes (548ms)
				ProcessInitializeOnLoadMethodAttributes (10ms)
				AfterProcessingInitializeOnLoad (1ms)
				EditorAssembliesLoaded (0ms)
			ExecutionOrderSort2 (0ms)
			AwakeInstancesAfterBackupRestoration (2ms)
Platform modules already initialized, skipping
Refreshing native plugins compatible for Editor in 0.51 ms, found 2 plugins.
Preloading 0 native plugins for Editor in 0.00 ms.
Unloading 3509 Unused Serialized files (Serialized files now loaded: 0)
Unloading 34 unused Assets / (23.0 KB). Loaded Objects now: 4028.
Memory consumption went from 211.6 MB to 211.6 MB.
Total: 2.200042 ms (FindLiveObjects: 0.118292 ms CreateObjectMapping: 0.045917 ms MarkObjects: 2.017041 ms  DeleteObjects: 0.017917 ms)

AssetImportParameters requested are different than current active one (requested -> active):
  custom:video-decoder-ogg-theora: a1e56fd34408186e4bbccfd4996cb3dc -> 
  custom:container-muxer-webm: aa71ff27fc2769a1b78a27578f13a17b -> 
  custom:container-demuxer-webm: 4f35f7cbe854078d1ac9338744f61a02 -> 
  custom:video-encoder-webm-vp8: eb34c28f22e8b96e1ab97ce403110664 -> 
  custom:framework-osx-AVFoundation: e770b220cccbd017edd2c1fefb359320 -> 
  custom:CustomObjectIndexerAttribute: bc11b3a6c3213fcdd17b65e7da85e133 -> 
  custom:audio-encoder-webm-vorbis: bf7c407c2cedff20999df2af8eb42d56 -> 
  custom:SearchIndexIgnoredProperties: e643bd26f0fe6173181afceb89e7c659 -> 
  custom:container-demuxer-ogg: 62fdf1f143b41e24485cea50d1cbac27 -> 
  custom:video-decoder-webm-vp8: 9c59270c3fd7afecdb556c50c9e8de78 -> 
  custom:audio-decoder-ogg-vorbis: bf7c407c2cedff20999df2af8eb42d56 -> 
========================================================================
Received Prepare
Registering precompiled user dll's ...
Registered in 0.002380 seconds.
Begin MonoManager ReloadAssembly
Thread 0x16bd27000 may have been prematurely finalized
Symbol file data-0x1506c8000 doesn't match image /Users/manaralsatrawi/GameDev/Blackwoods-Curse/BlackwoodsCurse/Library/ScriptAssemblies/Unity.VisualScripting.Flow.Editor.dll
Symbol file LoadedFromMemory is not a mono symbol file
Symbol file data-0x1225d9600 doesn't match image /Users/manaralsatrawi/GameDev/Blackwoods-Curse/BlackwoodsCurse/Library/ScriptAssemblies/Unity.VSCode.Editor.dll
Symbol file LoadedFromMemory is not a mono symbol file
Symbol file data-0x1225e3400 doesn't match image /Users/manaralsatrawi/GameDev/Blackwoods-Curse/BlackwoodsCurse/Library/ScriptAssemblies/Unity.VisualScripting.Shared.Editor.dll
Symbol file LoadedFromMemory is not a mono symbol file
Symbol file data-0x150720000 doesn't match image /Users/manaralsatrawi/GameDev/Blackwoods-Curse/BlackwoodsCurse/Library/ScriptAssemblies/Unity.TextMeshPro.Editor.dll
Symbol file LoadedFromMemory is not a mono symbol file
Symbol file data-0x150738000 doesn't match image /Users/manaralsatrawi/GameDev/Blackwoods-Curse/BlackwoodsCurse/Library/ScriptAssemblies/Unity.VisualStudio.Editor.dll
Symbol file LoadedFromMemory is not a mono symbol file
Symbol file data-0x150788000 doesn't match image /Users/manaralsatrawi/GameDev/Blackwoods-Curse/BlackwoodsCurse/Library/ScriptAssemblies/Unity.Performance.Profile-Analyzer.Editor.dll
Symbol file LoadedFromMemory is not a mono symbol file
Symbol file data-0x1225e9000 doesn't match image /Users/manaralsatrawi/GameDev/Blackwoods-Curse/BlackwoodsCurse/Library/ScriptAssemblies/Unity.TestTools.CodeCoverage.Editor.OpenCover.Model.dll
Symbol file LoadedFromMemory is not a mono symbol file
Symbol file data-0x1225ef000 doesn't match image /Users/manaralsatrawi/GameDev/Blackwoods-Curse/BlackwoodsCurse/Library/ScriptAssemblies/Unity.Settings.Editor.dll
Symbol file LoadedFromMemory is not a mono symbol file
Symbol file data-0x150850000 doesn't match image /Users/manaralsatrawi/GameDev/Blackwoods-Curse/BlackwoodsCurse/Library/ScriptAssemblies/Unity.Timeline.Editor.dll
Symbol file LoadedFromMemory is not a mono symbol file
Symbol file data-0x1508c0000 doesn't match image /Users/manaralsatrawi/GameDev/Blackwoods-Curse/BlackwoodsCurse/Library/ScriptAssemblies/Unity.Timeline.dll
Symbol file LoadedFromMemory is not a mono symbol file
Symbol file data-0x12b2c8000 doesn't match image /Users/manaralsatrawi/GameDev/Blackwoods-Curse/BlackwoodsCurse/Library/ScriptAssemblies/Unity.VisualScripting.Core.Editor.dll
Symbol file LoadedFromMemory is not a mono symbol file
Symbol file data-0x12b380000 doesn't match image /Users/manaralsatrawi/GameDev/Blackwoods-Curse/BlackwoodsCurse/Library/ScriptAssemblies/Unity.TextMeshPro.dll
Symbol file LoadedFromMemory is not a mono symbol file
Symbol file data-0x319d48000 doesn't match image /Users/manaralsatrawi/GameDev/Blackwoods-Curse/BlackwoodsCurse/Library/ScriptAssemblies/Unity.VisualScripting.State.Editor.dll
Symbol file LoadedFromMemory is not a mono symbol file
Symbol file data-0x319d48000 doesn't match image /Users/manaralsatrawi/GameDev/Blackwoods-Curse/BlackwoodsCurse/Library/ScriptAssemblies/MerryYellow.CodeAssist.Editor.dll
Symbol file LoadedFromMemory is not a mono symbol file
Symbol file data-0x13536ee00 doesn't match image /Users/manaralsatrawi/GameDev/Blackwoods-Curse/BlackwoodsCurse/Library/ScriptAssemblies/Unity.CollabProxy.Editor.dll
Symbol file LoadedFromMemory is not a mono symbol file
Symbol file data-0x16702da00 doesn't match image /Users/manaralsatrawi/GameDev/Blackwoods-Curse/BlackwoodsCurse/Library/ScriptAssemblies/Unity.InputSystem.ForUI.dll
Symbol file LoadedFromMemory is not a mono symbol file
Symbol file data-0x1673ee600 doesn't match image /Users/manaralsatrawi/GameDev/Blackwoods-Curse/BlackwoodsCurse/Library/ScriptAssemblies/Unity.VisualScripting.SettingsProvider.Editor.dll
Symbol file LoadedFromMemory is not a mono symbol file
Symbol file data-0x1367a5200 doesn't match image /Users/manaralsatrawi/GameDev/Blackwoods-Curse/BlackwoodsCurse/Library/ScriptAssemblies/Unity.TestTools.CodeCoverage.Editor.OpenCover.Mono.Reflection.dll
Symbol file LoadedFromMemory is not a mono symbol file
Symbol file data-0x1194b8000 doesn't match image /Users/manaralsatrawi/GameDev/Blackwoods-Curse/BlackwoodsCurse/Library/ScriptAssemblies/Unity.VisualScripting.Flow.dll
Symbol file LoadedFromMemory is not a mono symbol file
Symbol file data-0x119458000 doesn't match image /Users/manaralsatrawi/GameDev/Blackwoods-Curse/BlackwoodsCurse/Library/ScriptAssemblies/UnityEditor.UI.dll
Symbol file LoadedFromMemory is not a mono symbol file
Symbol file data-0x119670000 doesn't match image /Users/manaralsatrawi/GameDev/Blackwoods-Curse/BlackwoodsCurse/Library/ScriptAssemblies/Unity.InputSystem.dll
Symbol file LoadedFromMemory is not a mono symbol file
Symbol file data-0x119458000 doesn't match image /Users/manaralsatrawi/GameDev/Blackwoods-Curse/BlackwoodsCurse/Library/ScriptAssemblies/Unity.Rider.Editor.dll
Symbol file LoadedFromMemory is not a mono symbol file
Symbol file data-0x1196f8000 doesn't match image /Users/manaralsatrawi/GameDev/Blackwoods-Curse/BlackwoodsCurse/Library/ScriptAssemblies/Unity.PlasticSCM.Editor.dll
Symbol file LoadedFromMemory is not a mono symbol file
Symbol file data-0x119458000 doesn't match image /Users/manaralsatrawi/GameDev/Blackwoods-Curse/BlackwoodsCurse/Library/ScriptAssemblies/Unity.TestTools.CodeCoverage.Editor.dll
Symbol file LoadedFromMemory is not a mono symbol file
Symbol file data-0x119758000 doesn't match image /Users/manaralsatrawi/GameDev/Blackwoods-Curse/BlackwoodsCurse/Library/ScriptAssemblies/UnityEngine.UI.dll
Symbol file LoadedFromMemory is not a mono symbol file
Symbol file data-0x13536ee00 doesn't match image /Users/manaralsatrawi/GameDev/Blackwoods-Curse/BlackwoodsCurse/Library/ScriptAssemblies/Unity.InputSystem.TestFramework.dll
Symbol file LoadedFromMemory is not a mono symbol file
Symbol file data-0x13537b600 doesn't match image /Users/manaralsatrawi/GameDev/Blackwoods-Curse/BlackwoodsCurse/Library/ScriptAssemblies/Unity.VisualScripting.State.dll
Symbol file LoadedFromMemory is not a mono symbol file
Symbol file data-0x119808000 doesn't match image /Users/manaralsatrawi/GameDev/Blackwoods-Curse/BlackwoodsCurse/Library/ScriptAssemblies/Unity.VisualScripting.Core.dll
Symbol file LoadedFromMemory is not a mono symbol file
Symbol file data-0x13536ee00 doesn't match image /Users/manaralsatrawi/GameDev/Blackwoods-Curse/BlackwoodsCurse/Library/ScriptAssemblies/Unity.EditorCoroutines.Editor.dll
Symbol file LoadedFromMemory is not a mono symbol file
Native extension for OSXStandalone target not found
Refreshing native plugins compatible for Editor in 0.52 ms, found 2 plugins.
Preloading 0 native plugins for Editor in 0.00 ms.
[Package Manager] Server::EnsureServerProcessIsRunning -- launch failed, reason: Unity was launched with the -noUpm command-line argument
[Package Manager] Cannot connect to Unity Package Manager local server
Mono: successfully reloaded assembly
- Completed reload, in  1.135 seconds
Domain Reload Profiling:
	ReloadAssembly (1135ms)
		BeginReloadAssembly (136ms)
			ExecutionOrderSort (0ms)
			DisableScriptedObjects (3ms)
			BackupInstance (0ms)
			ReleaseScriptingObjects (0ms)
			CreateAndSetChildDomain (62ms)
		EndReloadAssembly (940ms)
			LoadAssemblies (61ms)
			RebuildTransferFunctionScriptingTraits (0ms)
			SetupTypeCache (239ms)
			ReleaseScriptCaches (1ms)
			RebuildScriptCaches (30ms)
			SetupLoadedEditorAssemblies (597ms)
				LogAssemblyErrors (0ms)
				InitializePlatformSupportModulesInManaged (2ms)
				SetLoadedEditorAssemblies (0ms)
				RefreshPlugins (1ms)
				BeforeProcessingInitializeOnLoad (40ms)
				ProcessInitializeOnLoadAttributes (543ms)
				ProcessInitializeOnLoadMethodAttributes (10ms)
				AfterProcessingInitializeOnLoad (1ms)
				EditorAssembliesLoaded (0ms)
			ExecutionOrderSort2 (0ms)
			AwakeInstancesAfterBackupRestoration (2ms)
Platform modules already initialized, skipping
Refreshing native plugins compatible for Editor in 0.51 ms, found 2 plugins.
Preloading 0 native plugins for Editor in 0.00 ms.
Unloading 3509 Unused Serialized files (Serialized files now loaded: 0)
Unloading 34 unused Assets / (22.0 KB). Loaded Objects now: 4031.
Memory consumption went from 211.7 MB to 211.6 MB.
Total: 2.223417 ms (FindLiveObjects: 0.149000 ms CreateObjectMapping: 0.042958 ms MarkObjects: 2.003500 ms  DeleteObjects: 0.027375 ms)

AssetImportParameters requested are different than current active one (requested -> active):
  custom:video-decoder-ogg-theora: a1e56fd34408186e4bbccfd4996cb3dc -> 
  custom:container-muxer-webm: aa71ff27fc2769a1b78a27578f13a17b -> 
  custom:container-demuxer-webm: 4f35f7cbe854078d1ac9338744f61a02 -> 
  custom:video-encoder-webm-vp8: eb34c28f22e8b96e1ab97ce403110664 -> 
  custom:framework-osx-AVFoundation: e770b220cccbd017edd2c1fefb359320 -> 
  custom:CustomObjectIndexerAttribute: bc11b3a6c3213fcdd17b65e7da85e133 -> 
  custom:audio-encoder-webm-vorbis: bf7c407c2cedff20999df2af8eb42d56 -> 
  custom:SearchIndexIgnoredProperties: e643bd26f0fe6173181afceb89e7c659 -> 
  custom:container-demuxer-ogg: 62fdf1f143b41e24485cea50d1cbac27 -> 
  custom:video-decoder-webm-vp8: 9c59270c3fd7afecdb556c50c9e8de78 -> 
  custom:audio-decoder-ogg-vorbis: bf7c407c2cedff20999df2af8eb42d56 -> 
========================================================================
Received Prepare
Registering precompiled user dll's ...
Registered in 0.003084 seconds.
Begin MonoManager ReloadAssembly
Thread 0x17daf7000 may have been prematurely finalized
Symbol file data-0x12bb48000 doesn't match image /Users/manaralsatrawi/GameDev/Blackwoods-Curse/BlackwoodsCurse/Library/ScriptAssemblies/Unity.VisualScripting.Flow.Editor.dll
Symbol file LoadedFromMemory is not a mono symbol file
Symbol file data-0x1351d0e00 doesn't match image /Users/manaralsatrawi/GameDev/Blackwoods-Curse/BlackwoodsCurse/Library/ScriptAssemblies/Unity.VSCode.Editor.dll
Symbol file LoadedFromMemory is not a mono symbol file
Symbol file data-0x1352bb600 doesn't match image /Users/manaralsatrawi/GameDev/Blackwoods-Curse/BlackwoodsCurse/Library/ScriptAssemblies/Unity.VisualScripting.Shared.Editor.dll
Symbol file LoadedFromMemory is not a mono symbol file
Symbol file data-0x12bba0000 doesn't match image /Users/manaralsatrawi/GameDev/Blackwoods-Curse/BlackwoodsCurse/Library/ScriptAssemblies/Unity.TextMeshPro.Editor.dll
Symbol file LoadedFromMemory is not a mono symbol file
Symbol file data-0x12bbb8000 doesn't match image /Users/manaralsatrawi/GameDev/Blackwoods-Curse/BlackwoodsCurse/Library/ScriptAssemblies/Unity.VisualStudio.Editor.dll
Symbol file LoadedFromMemory is not a mono symbol file
Symbol file data-0x12bc08000 doesn't match image /Users/manaralsatrawi/GameDev/Blackwoods-Curse/BlackwoodsCurse/Library/ScriptAssemblies/Unity.Performance.Profile-Analyzer.Editor.dll
Symbol file LoadedFromMemory is not a mono symbol file
Symbol file data-0x13529c800 doesn't match image /Users/manaralsatrawi/GameDev/Blackwoods-Curse/BlackwoodsCurse/Library/ScriptAssemblies/Unity.TestTools.CodeCoverage.Editor.OpenCover.Model.dll
Symbol file LoadedFromMemory is not a mono symbol file
Symbol file data-0x1350d7e00 doesn't match image /Users/manaralsatrawi/GameDev/Blackwoods-Curse/BlackwoodsCurse/Library/ScriptAssemblies/Unity.Settings.Editor.dll
Symbol file LoadedFromMemory is not a mono symbol file
Symbol file data-0x12bcd0000 doesn't match image /Users/manaralsatrawi/GameDev/Blackwoods-Curse/BlackwoodsCurse/Library/ScriptAssemblies/Unity.Timeline.Editor.dll
Symbol file LoadedFromMemory is not a mono symbol file
Symbol file data-0x12bd40000 doesn't match image /Users/manaralsatrawi/GameDev/Blackwoods-Curse/BlackwoodsCurse/Library/ScriptAssemblies/Unity.Timeline.dll
Symbol file LoadedFromMemory is not a mono symbol file
Symbol file data-0x12be58000 doesn't match image /Users/manaralsatrawi/GameDev/Blackwoods-Curse/BlackwoodsCurse/Library/ScriptAssemblies/Unity.VisualScripting.Core.Editor.dll
Symbol file LoadedFromMemory is not a mono symbol file
Symbol file data-0x12bcd0000 doesn't match image /Users/manaralsatrawi/GameDev/Blackwoods-Curse/BlackwoodsCurse/Library/ScriptAssemblies/Unity.TextMeshPro.dll
Symbol file LoadedFromMemory is not a mono symbol file
Symbol file data-0x12bd40000 doesn't match image /Users/manaralsatrawi/GameDev/Blackwoods-Curse/BlackwoodsCurse/Library/ScriptAssemblies/Unity.VisualScripting.State.Editor.dll
Symbol file LoadedFromMemory is not a mono symbol file
Symbol file data-0x12bd40000 doesn't match image /Users/manaralsatrawi/GameDev/Blackwoods-Curse/BlackwoodsCurse/Library/ScriptAssemblies/MerryYellow.CodeAssist.Editor.dll
Symbol file LoadedFromMemory is not a mono symbol file
Symbol file data-0x1355ef000 doesn't match image /Users/manaralsatrawi/GameDev/Blackwoods-Curse/BlackwoodsCurse/Library/ScriptAssemblies/Unity.CollabProxy.Editor.dll
Symbol file LoadedFromMemory is not a mono symbol file
Symbol file data-0x1357f9600 doesn't match image /Users/manaralsatrawi/GameDev/Blackwoods-Curse/BlackwoodsCurse/Library/ScriptAssemblies/Unity.InputSystem.ForUI.dll
Symbol file LoadedFromMemory is not a mono symbol file
Symbol file data-0x324f1d600 doesn't match image /Users/manaralsatrawi/GameDev/Blackwoods-Curse/BlackwoodsCurse/Library/ScriptAssemblies/Unity.VisualScripting.SettingsProvider.Editor.dll
Symbol file LoadedFromMemory is not a mono symbol file
Symbol file data-0x324f1d600 doesn't match image /Users/manaralsatrawi/GameDev/Blackwoods-Curse/BlackwoodsCurse/Library/ScriptAssemblies/Unity.TestTools.CodeCoverage.Editor.OpenCover.Mono.Reflection.dll
Symbol file LoadedFromMemory is not a mono symbol file
Symbol file data-0x119b30000 doesn't match image /Users/manaralsatrawi/GameDev/Blackwoods-Curse/BlackwoodsCurse/Library/ScriptAssemblies/Unity.VisualScripting.Flow.dll
Symbol file LoadedFromMemory is not a mono symbol file
Symbol file data-0x119b78000 doesn't match image /Users/manaralsatrawi/GameDev/Blackwoods-Curse/BlackwoodsCurse/Library/ScriptAssemblies/UnityEditor.UI.dll
Symbol file LoadedFromMemory is not a mono symbol file
Symbol file data-0x119cf8000 doesn't match image /Users/manaralsatrawi/GameDev/Blackwoods-Curse/BlackwoodsCurse/Library/ScriptAssemblies/Unity.InputSystem.dll
Symbol file LoadedFromMemory is not a mono symbol file
Symbol file data-0x119b78000 doesn't match image /Users/manaralsatrawi/GameDev/Blackwoods-Curse/BlackwoodsCurse/Library/ScriptAssemblies/Unity.Rider.Editor.dll
Symbol file LoadedFromMemory is not a mono symbol file
Symbol file data-0x119d80000 doesn't match image /Users/manaralsatrawi/GameDev/Blackwoods-Curse/BlackwoodsCurse/Library/ScriptAssemblies/Unity.PlasticSCM.Editor.dll
Symbol file LoadedFromMemory is not a mono symbol file
Symbol file data-0x119b78000 doesn't match image /Users/manaralsatrawi/GameDev/Blackwoods-Curse/BlackwoodsCurse/Library/ScriptAssemblies/Unity.TestTools.CodeCoverage.Editor.dll
Symbol file LoadedFromMemory is not a mono symbol file
Symbol file data-0x119de0000 doesn't match image /Users/manaralsatrawi/GameDev/Blackwoods-Curse/BlackwoodsCurse/Library/ScriptAssemblies/UnityEngine.UI.dll
Symbol file LoadedFromMemory is not a mono symbol file
Symbol file data-0x324f09e00 doesn't match image /Users/manaralsatrawi/GameDev/Blackwoods-Curse/BlackwoodsCurse/Library/ScriptAssemblies/Unity.InputSystem.TestFramework.dll
Symbol file LoadedFromMemory is not a mono symbol file
Symbol file data-0x324ee7a00 doesn't match image /Users/manaralsatrawi/GameDev/Blackwoods-Curse/BlackwoodsCurse/Library/ScriptAssemblies/Unity.VisualScripting.State.dll
Symbol file LoadedFromMemory is not a mono symbol file
Symbol file data-0x119e90000 doesn't match image /Users/manaralsatrawi/GameDev/Blackwoods-Curse/BlackwoodsCurse/Library/ScriptAssemblies/Unity.VisualScripting.Core.dll
Symbol file LoadedFromMemory is not a mono symbol file
Symbol file data-0x324f09e00 doesn't match image /Users/manaralsatrawi/GameDev/Blackwoods-Curse/BlackwoodsCurse/Library/ScriptAssemblies/Unity.EditorCoroutines.Editor.dll
Symbol file LoadedFromMemory is not a mono symbol file
Native extension for OSXStandalone target not found
Refreshing native plugins compatible for Editor in 0.61 ms, found 2 plugins.
Preloading 0 native plugins for Editor in 0.00 ms.
[Package Manager] Server::EnsureServerProcessIsRunning -- launch failed, reason: Unity was launched with the -noUpm command-line argument
[Package Manager] Cannot connect to Unity Package Manager local server
Mono: successfully reloaded assembly
- Completed reload, in  1.059 seconds
Domain Reload Profiling:
	ReloadAssembly (1060ms)
		BeginReloadAssembly (112ms)
			ExecutionOrderSort (0ms)
			DisableScriptedObjects (3ms)
			BackupInstance (0ms)
			ReleaseScriptingObjects (0ms)
			CreateAndSetChildDomain (43ms)
		EndReloadAssembly (888ms)
			LoadAssemblies (58ms)
			RebuildTransferFunctionScriptingTraits (0ms)
			SetupTypeCache (213ms)
			ReleaseScriptCaches (1ms)
			RebuildScriptCaches (35ms)
			SetupLoadedEditorAssemblies (565ms)
				LogAssemblyErrors (0ms)
				InitializePlatformSupportModulesInManaged (2ms)
				SetLoadedEditorAssemblies (0ms)
				RefreshPlugins (1ms)
				BeforeProcessingInitializeOnLoad (38ms)
				ProcessInitializeOnLoadAttributes (513ms)
				ProcessInitializeOnLoadMethodAttributes (10ms)
				AfterProcessingInitializeOnLoad (1ms)
				EditorAssembliesLoaded (0ms)
			ExecutionOrderSort2 (0ms)
			AwakeInstancesAfterBackupRestoration (2ms)
Platform modules already initialized, skipping
Refreshing native plugins compatible for Editor in 0.51 ms, found 2 plugins.
Preloading 0 native plugins for Editor in 0.00 ms.
Unloading 3509 Unused Serialized files (Serialized files now loaded: 0)
Unloading 34 unused Assets / (21.9 KB). Loaded Objects now: 4034.
Memory consumption went from 211.7 MB to 211.6 MB.
Total: 2.192958 ms (FindLiveObjects: 0.126792 ms CreateObjectMapping: 0.053542 ms MarkObjects: 1.975375 ms  DeleteObjects: 0.036833 ms)

AssetImportParameters requested are different than current active one (requested -> active):
  custom:video-decoder-ogg-theora: a1e56fd34408186e4bbccfd4996cb3dc -> 
  custom:container-muxer-webm: aa71ff27fc2769a1b78a27578f13a17b -> 
  custom:container-demuxer-webm: 4f35f7cbe854078d1ac9338744f61a02 -> 
  custom:video-encoder-webm-vp8: eb34c28f22e8b96e1ab97ce403110664 -> 
  custom:framework-osx-AVFoundation: e770b220cccbd017edd2c1fefb359320 -> 
  custom:CustomObjectIndexerAttribute: bc11b3a6c3213fcdd17b65e7da85e133 -> 
  custom:audio-encoder-webm-vorbis: bf7c407c2cedff20999df2af8eb42d56 -> 
  custom:SearchIndexIgnoredProperties: e643bd26f0fe6173181afceb89e7c659 -> 
  custom:container-demuxer-ogg: 62fdf1f143b41e24485cea50d1cbac27 -> 
  custom:video-decoder-webm-vp8: 9c59270c3fd7afecdb556c50c9e8de78 -> 
  custom:audio-decoder-ogg-vorbis: bf7c407c2cedff20999df2af8eb42d56 -> 
========================================================================
Received Prepare
Registering precompiled user dll's ...
Registered in 0.002879 seconds.
Begin MonoManager ReloadAssembly
Thread 0x17daf7000 may have been prematurely finalized
Symbol file data-0x118ae0000 doesn't match image /Users/manaralsatrawi/GameDev/Blackwoods-Curse/BlackwoodsCurse/Library/ScriptAssemblies/Unity.VisualScripting.Flow.Editor.dll
Symbol file LoadedFromMemory is not a mono symbol file
Symbol file data-0x324cd0e00 doesn't match image /Users/manaralsatrawi/GameDev/Blackwoods-Curse/BlackwoodsCurse/Library/ScriptAssemblies/Unity.VSCode.Editor.dll
Symbol file LoadedFromMemory is not a mono symbol file
Symbol file data-0x324cda400 doesn't match image /Users/manaralsatrawi/GameDev/Blackwoods-Curse/BlackwoodsCurse/Library/ScriptAssemblies/Unity.VisualScripting.Shared.Editor.dll
Symbol file LoadedFromMemory is not a mono symbol file
Symbol file data-0x118b38000 doesn't match image /Users/manaralsatrawi/GameDev/Blackwoods-Curse/BlackwoodsCurse/Library/ScriptAssemblies/Unity.TextMeshPro.Editor.dll
Symbol file LoadedFromMemory is not a mono symbol file
Symbol file data-0x118b50000 doesn't match image /Users/manaralsatrawi/GameDev/Blackwoods-Curse/BlackwoodsCurse/Library/ScriptAssemblies/Unity.VisualStudio.Editor.dll
Symbol file LoadedFromMemory is not a mono symbol file
Symbol file data-0x118ba0000 doesn't match image /Users/manaralsatrawi/GameDev/Blackwoods-Curse/BlackwoodsCurse/Library/ScriptAssemblies/Unity.Performance.Profile-Analyzer.Editor.dll
Symbol file LoadedFromMemory is not a mono symbol file
Symbol file data-0x324ce0000 doesn't match image /Users/manaralsatrawi/GameDev/Blackwoods-Curse/BlackwoodsCurse/Library/ScriptAssemblies/Unity.TestTools.CodeCoverage.Editor.OpenCover.Model.dll
Symbol file LoadedFromMemory is not a mono symbol file
Symbol file data-0x324ce6000 doesn't match image /Users/manaralsatrawi/GameDev/Blackwoods-Curse/BlackwoodsCurse/Library/ScriptAssemblies/Unity.Settings.Editor.dll
Symbol file LoadedFromMemory is not a mono symbol file
Symbol file data-0x118c68000 doesn't match image /Users/manaralsatrawi/GameDev/Blackwoods-Curse/BlackwoodsCurse/Library/ScriptAssemblies/Unity.Timeline.Editor.dll
Symbol file LoadedFromMemory is not a mono symbol file
Symbol file data-0x118cd8000 doesn't match image /Users/manaralsatrawi/GameDev/Blackwoods-Curse/BlackwoodsCurse/Library/ScriptAssemblies/Unity.Timeline.dll
Symbol file LoadedFromMemory is not a mono symbol file
Symbol file data-0x118df0000 doesn't match image /Users/manaralsatrawi/GameDev/Blackwoods-Curse/BlackwoodsCurse/Library/ScriptAssemblies/Unity.VisualScripting.Core.Editor.dll
Symbol file LoadedFromMemory is not a mono symbol file
Symbol file data-0x118c68000 doesn't match image /Users/manaralsatrawi/GameDev/Blackwoods-Curse/BlackwoodsCurse/Library/ScriptAssemblies/Unity.TextMeshPro.dll
Symbol file LoadedFromMemory is not a mono symbol file
Symbol file data-0x118cd8000 doesn't match image /Users/manaralsatrawi/GameDev/Blackwoods-Curse/BlackwoodsCurse/Library/ScriptAssemblies/Unity.VisualScripting.State.Editor.dll
Symbol file LoadedFromMemory is not a mono symbol file
Symbol file data-0x118cd8000 doesn't match image /Users/manaralsatrawi/GameDev/Blackwoods-Curse/BlackwoodsCurse/Library/ScriptAssemblies/MerryYellow.CodeAssist.Editor.dll
Symbol file LoadedFromMemory is not a mono symbol file
Symbol file data-0x324ce0000 doesn't match image /Users/manaralsatrawi/GameDev/Blackwoods-Curse/BlackwoodsCurse/Library/ScriptAssemblies/Unity.CollabProxy.Editor.dll
Symbol file LoadedFromMemory is not a mono symbol file
Symbol file data-0x324ce4400 doesn't match image /Users/manaralsatrawi/GameDev/Blackwoods-Curse/BlackwoodsCurse/Library/ScriptAssemblies/Unity.InputSystem.ForUI.dll
Symbol file LoadedFromMemory is not a mono symbol file
Symbol file data-0x324ce7c00 doesn't match image /Users/manaralsatrawi/GameDev/Blackwoods-Curse/BlackwoodsCurse/Library/ScriptAssemblies/Unity.VisualScripting.SettingsProvider.Editor.dll
Symbol file LoadedFromMemory is not a mono symbol file
Symbol file data-0x324ce7c00 doesn't match image /Users/manaralsatrawi/GameDev/Blackwoods-Curse/BlackwoodsCurse/Library/ScriptAssemblies/Unity.TestTools.CodeCoverage.Editor.OpenCover.Mono.Reflection.dll
Symbol file LoadedFromMemory is not a mono symbol file
Symbol file data-0x118f00000 doesn't match image /Users/manaralsatrawi/GameDev/Blackwoods-Curse/BlackwoodsCurse/Library/ScriptAssemblies/Unity.VisualScripting.Flow.dll
Symbol file LoadedFromMemory is not a mono symbol file
Symbol file data-0x118e38000 doesn't match image /Users/manaralsatrawi/GameDev/Blackwoods-Curse/BlackwoodsCurse/Library/ScriptAssemblies/UnityEditor.UI.dll
Symbol file LoadedFromMemory is not a mono symbol file
Symbol file data-0x119070000 doesn't match image /Users/manaralsatrawi/GameDev/Blackwoods-Curse/BlackwoodsCurse/Library/ScriptAssemblies/Unity.InputSystem.dll
Symbol file LoadedFromMemory is not a mono symbol file
Symbol file data-0x118e38000 doesn't match image /Users/manaralsatrawi/GameDev/Blackwoods-Curse/BlackwoodsCurse/Library/ScriptAssemblies/Unity.Rider.Editor.dll
Symbol file LoadedFromMemory is not a mono symbol file
Symbol file data-0x119070000 doesn't match image /Users/manaralsatrawi/GameDev/Blackwoods-Curse/BlackwoodsCurse/Library/ScriptAssemblies/Unity.PlasticSCM.Editor.dll
Symbol file LoadedFromMemory is not a mono symbol file
Symbol file data-0x118e38000 doesn't match image /Users/manaralsatrawi/GameDev/Blackwoods-Curse/BlackwoodsCurse/Library/ScriptAssemblies/Unity.TestTools.CodeCoverage.Editor.dll
Symbol file LoadedFromMemory is not a mono symbol file
Symbol file data-0x119190000 doesn't match image /Users/manaralsatrawi/GameDev/Blackwoods-Curse/BlackwoodsCurse/Library/ScriptAssemblies/UnityEngine.UI.dll
Symbol file LoadedFromMemory is not a mono symbol file
Symbol file data-0x324ce9c00 doesn't match image /Users/manaralsatrawi/GameDev/Blackwoods-Curse/BlackwoodsCurse/Library/ScriptAssemblies/Unity.InputSystem.TestFramework.dll
Symbol file LoadedFromMemory is not a mono symbol file
Symbol file data-0x324e12c00 doesn't match image /Users/manaralsatrawi/GameDev/Blackwoods-Curse/BlackwoodsCurse/Library/ScriptAssemblies/Unity.VisualScripting.State.dll
Symbol file LoadedFromMemory is not a mono symbol file
Symbol file data-0x119240000 doesn't match image /Users/manaralsatrawi/GameDev/Blackwoods-Curse/BlackwoodsCurse/Library/ScriptAssemblies/Unity.VisualScripting.Core.dll
Symbol file LoadedFromMemory is not a mono symbol file
Symbol file data-0x324e12c00 doesn't match image /Users/manaralsatrawi/GameDev/Blackwoods-Curse/BlackwoodsCurse/Library/ScriptAssemblies/Unity.EditorCoroutines.Editor.dll
Symbol file LoadedFromMemory is not a mono symbol file
Native extension for OSXStandalone target not found
Refreshing native plugins compatible for Editor in 0.70 ms, found 2 plugins.
Preloading 0 native plugins for Editor in 0.00 ms.
[Package Manager] Server::EnsureServerProcessIsRunning -- launch failed, reason: Unity was launched with the -noUpm command-line argument
[Package Manager] Cannot connect to Unity Package Manager local server
Mono: successfully reloaded assembly
- Completed reload, in  1.163 seconds
Domain Reload Profiling:
	ReloadAssembly (1165ms)
		BeginReloadAssembly (148ms)
			ExecutionOrderSort (0ms)
			DisableScriptedObjects (4ms)
			BackupInstance (0ms)
			ReleaseScriptingObjects (0ms)
			CreateAndSetChildDomain (65ms)
		EndReloadAssembly (949ms)
			LoadAssemblies (58ms)
			RebuildTransferFunctionScriptingTraits (0ms)
			SetupTypeCache (258ms)
			ReleaseScriptCaches (2ms)
			RebuildScriptCaches (33ms)
			SetupLoadedEditorAssemblies (579ms)
				LogAssemblyErrors (0ms)
				InitializePlatformSupportModulesInManaged (3ms)
				SetLoadedEditorAssemblies (0ms)
				RefreshPlugins (1ms)
				BeforeProcessingInitializeOnLoad (44ms)
				ProcessInitializeOnLoadAttributes (519ms)
				ProcessInitializeOnLoadMethodAttributes (12ms)
				AfterProcessingInitializeOnLoad (1ms)
				EditorAssembliesLoaded (0ms)
			ExecutionOrderSort2 (0ms)
			AwakeInstancesAfterBackupRestoration (2ms)
Platform modules already initialized, skipping
Refreshing native plugins compatible for Editor in 0.52 ms, found 2 plugins.
Preloading 0 native plugins for Editor in 0.00 ms.
Unloading 3509 Unused Serialized files (Serialized files now loaded: 0)
Unloading 34 unused Assets / (23.0 KB). Loaded Objects now: 4037.
Memory consumption went from 211.7 MB to 211.6 MB.
Total: 2.241416 ms (FindLiveObjects: 0.130833 ms CreateObjectMapping: 0.043417 ms MarkObjects: 2.031041 ms  DeleteObjects: 0.035666 ms)

AssetImportParameters requested are different than current active one (requested -> active):
  custom:video-decoder-ogg-theora: a1e56fd34408186e4bbccfd4996cb3dc -> 
  custom:container-muxer-webm: aa71ff27fc2769a1b78a27578f13a17b -> 
  custom:container-demuxer-webm: 4f35f7cbe854078d1ac9338744f61a02 -> 
  custom:video-encoder-webm-vp8: eb34c28f22e8b96e1ab97ce403110664 -> 
  custom:framework-osx-AVFoundation: e770b220cccbd017edd2c1fefb359320 -> 
  custom:CustomObjectIndexerAttribute: bc11b3a6c3213fcdd17b65e7da85e133 -> 
  custom:audio-encoder-webm-vorbis: bf7c407c2cedff20999df2af8eb42d56 -> 
  custom:SearchIndexIgnoredProperties: e643bd26f0fe6173181afceb89e7c659 -> 
  custom:container-demuxer-ogg: 62fdf1f143b41e24485cea50d1cbac27 -> 
  custom:video-decoder-webm-vp8: 9c59270c3fd7afecdb556c50c9e8de78 -> 
  custom:audio-decoder-ogg-vorbis: bf7c407c2cedff20999df2af8eb42d56 -> 
========================================================================
Received Prepare
Registering precompiled user dll's ...
Registered in 0.003298 seconds.
Begin MonoManager ReloadAssembly
Thread 0x17daf7000 may have been prematurely finalized
Symbol file data-0x118e60000 doesn't match image /Users/manaralsatrawi/GameDev/Blackwoods-Curse/BlackwoodsCurse/Library/ScriptAssemblies/Unity.VisualScripting.Flow.Editor.dll
Symbol file LoadedFromMemory is not a mono symbol file
Symbol file data-0x137caf600 doesn't match image /Users/manaralsatrawi/GameDev/Blackwoods-Curse/BlackwoodsCurse/Library/ScriptAssemblies/Unity.VSCode.Editor.dll
Symbol file LoadedFromMemory is not a mono symbol file
Symbol file data-0x137cb5c00 doesn't match image /Users/manaralsatrawi/GameDev/Blackwoods-Curse/BlackwoodsCurse/Library/ScriptAssemblies/Unity.VisualScripting.Shared.Editor.dll
Symbol file LoadedFromMemory is not a mono symbol file
Symbol file data-0x118eb8000 doesn't match image /Users/manaralsatrawi/GameDev/Blackwoods-Curse/BlackwoodsCurse/Library/ScriptAssemblies/Unity.TextMeshPro.Editor.dll
Symbol file LoadedFromMemory is not a mono symbol file
Symbol file data-0x118d38000 doesn't match image /Users/manaralsatrawi/GameDev/Blackwoods-Curse/BlackwoodsCurse/Library/ScriptAssemblies/Unity.VisualStudio.Editor.dll
Symbol file LoadedFromMemory is not a mono symbol file
Symbol file data-0x118ef8000 doesn't match image /Users/manaralsatrawi/GameDev/Blackwoods-Curse/BlackwoodsCurse/Library/ScriptAssemblies/Unity.Performance.Profile-Analyzer.Editor.dll
Symbol file LoadedFromMemory is not a mono symbol file
Symbol file data-0x137cb5200 doesn't match image /Users/manaralsatrawi/GameDev/Blackwoods-Curse/BlackwoodsCurse/Library/ScriptAssemblies/Unity.TestTools.CodeCoverage.Editor.OpenCover.Model.dll
Symbol file LoadedFromMemory is not a mono symbol file
Symbol file data-0x137cbb200 doesn't match image /Users/manaralsatrawi/GameDev/Blackwoods-Curse/BlackwoodsCurse/Library/ScriptAssemblies/Unity.Settings.Editor.dll
Symbol file LoadedFromMemory is not a mono symbol file
Symbol file data-0x118fd0000 doesn't match image /Users/manaralsatrawi/GameDev/Blackwoods-Curse/BlackwoodsCurse/Library/ScriptAssemblies/Unity.Timeline.Editor.dll
Symbol file LoadedFromMemory is not a mono symbol file
Symbol file data-0x119040000 doesn't match image /Users/manaralsatrawi/GameDev/Blackwoods-Curse/BlackwoodsCurse/Library/ScriptAssemblies/Unity.Timeline.dll
Symbol file LoadedFromMemory is not a mono symbol file
Symbol file data-0x119158000 doesn't match image /Users/manaralsatrawi/GameDev/Blackwoods-Curse/BlackwoodsCurse/Library/ScriptAssemblies/Unity.VisualScripting.Core.Editor.dll
Symbol file LoadedFromMemory is not a mono symbol file
Symbol file data-0x118fd0000 doesn't match image /Users/manaralsatrawi/GameDev/Blackwoods-Curse/BlackwoodsCurse/Library/ScriptAssemblies/Unity.TextMeshPro.dll
Symbol file LoadedFromMemory is not a mono symbol file
Symbol file data-0x119040000 doesn't match image /Users/manaralsatrawi/GameDev/Blackwoods-Curse/BlackwoodsCurse/Library/ScriptAssemblies/Unity.VisualScripting.State.Editor.dll
Symbol file LoadedFromMemory is not a mono symbol file
Symbol file data-0x119040000 doesn't match image /Users/manaralsatrawi/GameDev/Blackwoods-Curse/BlackwoodsCurse/Library/ScriptAssemblies/MerryYellow.CodeAssist.Editor.dll
Symbol file LoadedFromMemory is not a mono symbol file
Symbol file data-0x137cbc800 doesn't match image /Users/manaralsatrawi/GameDev/Blackwoods-Curse/BlackwoodsCurse/Library/ScriptAssemblies/Unity.CollabProxy.Editor.dll
Symbol file LoadedFromMemory is not a mono symbol file
Symbol file data-0x137cc0c00 doesn't match image /Users/manaralsatrawi/GameDev/Blackwoods-Curse/BlackwoodsCurse/Library/ScriptAssemblies/Unity.InputSystem.ForUI.dll
Symbol file LoadedFromMemory is not a mono symbol file
Symbol file data-0x137cc4400 doesn't match image /Users/manaralsatrawi/GameDev/Blackwoods-Curse/BlackwoodsCurse/Library/ScriptAssemblies/Unity.VisualScripting.SettingsProvider.Editor.dll
Symbol file LoadedFromMemory is not a mono symbol file
Symbol file data-0x137cc4400 doesn't match image /Users/manaralsatrawi/GameDev/Blackwoods-Curse/BlackwoodsCurse/Library/ScriptAssemblies/Unity.TestTools.CodeCoverage.Editor.OpenCover.Mono.Reflection.dll
Symbol file LoadedFromMemory is not a mono symbol file
Symbol file data-0x119268000 doesn't match image /Users/manaralsatrawi/GameDev/Blackwoods-Curse/BlackwoodsCurse/Library/ScriptAssemblies/Unity.VisualScripting.Flow.dll
Symbol file LoadedFromMemory is not a mono symbol file
Symbol file data-0x1191a0000 doesn't match image /Users/manaralsatrawi/GameDev/Blackwoods-Curse/BlackwoodsCurse/Library/ScriptAssemblies/UnityEditor.UI.dll
Symbol file LoadedFromMemory is not a mono symbol file
Symbol file data-0x1193d8000 doesn't match image /Users/manaralsatrawi/GameDev/Blackwoods-Curse/BlackwoodsCurse/Library/ScriptAssemblies/Unity.InputSystem.dll
Symbol file LoadedFromMemory is not a mono symbol file
Symbol file data-0x1191a0000 doesn't match image /Users/manaralsatrawi/GameDev/Blackwoods-Curse/BlackwoodsCurse/Library/ScriptAssemblies/Unity.Rider.Editor.dll
Symbol file LoadedFromMemory is not a mono symbol file
Symbol file data-0x1193d8000 doesn't match image /Users/manaralsatrawi/GameDev/Blackwoods-Curse/BlackwoodsCurse/Library/ScriptAssemblies/Unity.PlasticSCM.Editor.dll
Symbol file LoadedFromMemory is not a mono symbol file
Symbol file data-0x1191a0000 doesn't match image /Users/manaralsatrawi/GameDev/Blackwoods-Curse/BlackwoodsCurse/Library/ScriptAssemblies/Unity.TestTools.CodeCoverage.Editor.dll
Symbol file LoadedFromMemory is not a mono symbol file
Symbol file data-0x150340000 doesn't match image /Users/manaralsatrawi/GameDev/Blackwoods-Curse/BlackwoodsCurse/Library/ScriptAssemblies/UnityEngine.UI.dll
Symbol file LoadedFromMemory is not a mono symbol file
Symbol file data-0x136fd7600 doesn't match image /Users/manaralsatrawi/GameDev/Blackwoods-Curse/BlackwoodsCurse/Library/ScriptAssemblies/Unity.InputSystem.TestFramework.dll
Symbol file LoadedFromMemory is not a mono symbol file
Symbol file data-0x136fe4600 doesn't match image /Users/manaralsatrawi/GameDev/Blackwoods-Curse/BlackwoodsCurse/Library/ScriptAssemblies/Unity.VisualScripting.State.dll
Symbol file LoadedFromMemory is not a mono symbol file
Symbol file data-0x150400000 doesn't match image /Users/manaralsatrawi/GameDev/Blackwoods-Curse/BlackwoodsCurse/Library/ScriptAssemblies/Unity.VisualScripting.Core.dll
Symbol file LoadedFromMemory is not a mono symbol file
Symbol file data-0x136fe4600 doesn't match image /Users/manaralsatrawi/GameDev/Blackwoods-Curse/BlackwoodsCurse/Library/ScriptAssemblies/Unity.EditorCoroutines.Editor.dll
Symbol file LoadedFromMemory is not a mono symbol file
Native extension for OSXStandalone target not found
Refreshing native plugins compatible for Editor in 0.59 ms, found 2 plugins.
Preloading 0 native plugins for Editor in 0.00 ms.
[Package Manager] Server::EnsureServerProcessIsRunning -- launch failed, reason: Unity was launched with the -noUpm command-line argument
[Package Manager] Cannot connect to Unity Package Manager local server
Mono: successfully reloaded assembly
- Completed reload, in  1.111 seconds
Domain Reload Profiling:
	ReloadAssembly (1112ms)
		BeginReloadAssembly (94ms)
			ExecutionOrderSort (0ms)
			DisableScriptedObjects (3ms)
			BackupInstance (0ms)
			ReleaseScriptingObjects (0ms)
			CreateAndSetChildDomain (33ms)
		EndReloadAssembly (957ms)
			LoadAssemblies (46ms)
			RebuildTransferFunctionScriptingTraits (0ms)
			SetupTypeCache (236ms)
			ReleaseScriptCaches (1ms)
			RebuildScriptCaches (35ms)
			SetupLoadedEditorAssemblies (604ms)
				LogAssemblyErrors (0ms)
				InitializePlatformSupportModulesInManaged (3ms)
				SetLoadedEditorAssemblies (0ms)
				RefreshPlugins (1ms)
				BeforeProcessingInitializeOnLoad (47ms)
				ProcessInitializeOnLoadAttributes (540ms)
				ProcessInitializeOnLoadMethodAttributes (12ms)
				AfterProcessingInitializeOnLoad (1ms)
				EditorAssembliesLoaded (0ms)
			ExecutionOrderSort2 (0ms)
			AwakeInstancesAfterBackupRestoration (3ms)
Platform modules already initialized, skipping
Refreshing native plugins compatible for Editor in 0.46 ms, found 2 plugins.
Preloading 0 native plugins for Editor in 0.00 ms.
Unloading 3509 Unused Serialized files (Serialized files now loaded: 0)
Unloading 34 unused Assets / (22.0 KB). Loaded Objects now: 4040.
Memory consumption went from 211.7 MB to 211.7 MB.
Total: 2.302542 ms (FindLiveObjects: 0.124250 ms CreateObjectMapping: 0.053333 ms MarkObjects: 2.096584 ms  DeleteObjects: 0.027584 ms)

AssetImportParameters requested are different than current active one (requested -> active):
  custom:video-decoder-ogg-theora: a1e56fd34408186e4bbccfd4996cb3dc -> 
  custom:container-muxer-webm: aa71ff27fc2769a1b78a27578f13a17b -> 
  custom:container-demuxer-webm: 4f35f7cbe854078d1ac9338744f61a02 -> 
  custom:video-encoder-webm-vp8: eb34c28f22e8b96e1ab97ce403110664 -> 
  custom:framework-osx-AVFoundation: e770b220cccbd017edd2c1fefb359320 -> 
  custom:CustomObjectIndexerAttribute: bc11b3a6c3213fcdd17b65e7da85e133 -> 
  custom:audio-encoder-webm-vorbis: bf7c407c2cedff20999df2af8eb42d56 -> 
  custom:SearchIndexIgnoredProperties: e643bd26f0fe6173181afceb89e7c659 -> 
  custom:container-demuxer-ogg: 62fdf1f143b41e24485cea50d1cbac27 -> 
  custom:video-decoder-webm-vp8: 9c59270c3fd7afecdb556c50c9e8de78 -> 
  custom:audio-decoder-ogg-vorbis: bf7c407c2cedff20999df2af8eb42d56 -> 
========================================================================
Received Prepare
Registering precompiled user dll's ...
Registered in 0.003921 seconds.
Begin MonoManager ReloadAssembly
Thread 0x17daf7000 may have been prematurely finalized
Symbol file data-0x138a58000 doesn't match image /Users/manaralsatrawi/GameDev/Blackwoods-Curse/BlackwoodsCurse/Library/ScriptAssemblies/Unity.VisualScripting.Flow.Editor.dll
Symbol file LoadedFromMemory is not a mono symbol file
Symbol file data-0x339672a00 doesn't match image /Users/manaralsatrawi/GameDev/Blackwoods-Curse/BlackwoodsCurse/Library/ScriptAssemblies/Unity.VSCode.Editor.dll
Symbol file LoadedFromMemory is not a mono symbol file
Symbol file data-0x33967c000 doesn't match image /Users/manaralsatrawi/GameDev/Blackwoods-Curse/BlackwoodsCurse/Library/ScriptAssemblies/Unity.VisualScripting.Shared.Editor.dll
Symbol file LoadedFromMemory is not a mono symbol file
Symbol file data-0x138ab0000 doesn't match image /Users/manaralsatrawi/GameDev/Blackwoods-Curse/BlackwoodsCurse/Library/ScriptAssemblies/Unity.TextMeshPro.Editor.dll
Symbol file LoadedFromMemory is not a mono symbol file
Symbol file data-0x138ac8000 doesn't match image /Users/manaralsatrawi/GameDev/Blackwoods-Curse/BlackwoodsCurse/Library/ScriptAssemblies/Unity.VisualStudio.Editor.dll
Symbol file LoadedFromMemory is not a mono symbol file
Symbol file data-0x138b18000 doesn't match image /Users/manaralsatrawi/GameDev/Blackwoods-Curse/BlackwoodsCurse/Library/ScriptAssemblies/Unity.Performance.Profile-Analyzer.Editor.dll
Symbol file LoadedFromMemory is not a mono symbol file
Symbol file data-0x33969c600 doesn't match image /Users/manaralsatrawi/GameDev/Blackwoods-Curse/BlackwoodsCurse/Library/ScriptAssemblies/Unity.TestTools.CodeCoverage.Editor.OpenCover.Model.dll
Symbol file LoadedFromMemory is not a mono symbol file
Symbol file data-0x3396a2600 doesn't match image /Users/manaralsatrawi/GameDev/Blackwoods-Curse/BlackwoodsCurse/Library/ScriptAssemblies/Unity.Settings.Editor.dll
Symbol file LoadedFromMemory is not a mono symbol file
Symbol file data-0x150308000 doesn't match image /Users/manaralsatrawi/GameDev/Blackwoods-Curse/BlackwoodsCurse/Library/ScriptAssemblies/Unity.Timeline.Editor.dll
Symbol file LoadedFromMemory is not a mono symbol file
Symbol file data-0x150378000 doesn't match image /Users/manaralsatrawi/GameDev/Blackwoods-Curse/BlackwoodsCurse/Library/ScriptAssemblies/Unity.Timeline.dll
Symbol file LoadedFromMemory is not a mono symbol file
Symbol file data-0x1502f8000 doesn't match image /Users/manaralsatrawi/GameDev/Blackwoods-Curse/BlackwoodsCurse/Library/ScriptAssemblies/Unity.VisualScripting.Core.Editor.dll
Symbol file LoadedFromMemory is not a mono symbol file
Symbol file data-0x1504f0000 doesn't match image /Users/manaralsatrawi/GameDev/Blackwoods-Curse/BlackwoodsCurse/Library/ScriptAssemblies/Unity.TextMeshPro.dll
Symbol file LoadedFromMemory is not a mono symbol file
Symbol file data-0x1502f8000 doesn't match image /Users/manaralsatrawi/GameDev/Blackwoods-Curse/BlackwoodsCurse/Library/ScriptAssemblies/Unity.VisualScripting.State.Editor.dll
Symbol file LoadedFromMemory is not a mono symbol file
Symbol file data-0x1502f8000 doesn't match image /Users/manaralsatrawi/GameDev/Blackwoods-Curse/BlackwoodsCurse/Library/ScriptAssemblies/MerryYellow.CodeAssist.Editor.dll
Symbol file LoadedFromMemory is not a mono symbol file
Symbol file data-0x136e87800 doesn't match image /Users/manaralsatrawi/GameDev/Blackwoods-Curse/BlackwoodsCurse/Library/ScriptAssemblies/Unity.CollabProxy.Editor.dll
Symbol file LoadedFromMemory is not a mono symbol file
Symbol file data-0x136e92200 doesn't match image /Users/manaralsatrawi/GameDev/Blackwoods-Curse/BlackwoodsCurse/Library/ScriptAssemblies/Unity.InputSystem.ForUI.dll
Symbol file LoadedFromMemory is not a mono symbol file
Symbol file data-0x136e87800 doesn't match image /Users/manaralsatrawi/GameDev/Blackwoods-Curse/BlackwoodsCurse/Library/ScriptAssemblies/Unity.VisualScripting.SettingsProvider.Editor.dll
Symbol file LoadedFromMemory is not a mono symbol file
Symbol file data-0x136e87800 doesn't match image /Users/manaralsatrawi/GameDev/Blackwoods-Curse/BlackwoodsCurse/Library/ScriptAssemblies/Unity.TestTools.CodeCoverage.Editor.OpenCover.Mono.Reflection.dll
Symbol file LoadedFromMemory is not a mono symbol file
Symbol file data-0x150680000 doesn't match image /Users/manaralsatrawi/GameDev/Blackwoods-Curse/BlackwoodsCurse/Library/ScriptAssemblies/Unity.VisualScripting.Flow.dll
Symbol file LoadedFromMemory is not a mono symbol file
Symbol file data-0x1502f8000 doesn't match image /Users/manaralsatrawi/GameDev/Blackwoods-Curse/BlackwoodsCurse/Library/ScriptAssemblies/UnityEditor.UI.dll
Symbol file LoadedFromMemory is not a mono symbol file
Symbol file data-0x150838000 doesn't match image /Users/manaralsatrawi/GameDev/Blackwoods-Curse/BlackwoodsCurse/Library/ScriptAssemblies/Unity.InputSystem.dll
Symbol file LoadedFromMemory is not a mono symbol file
Symbol file data-0x1502f8000 doesn't match image /Users/manaralsatrawi/GameDev/Blackwoods-Curse/BlackwoodsCurse/Library/ScriptAssemblies/Unity.Rider.Editor.dll
Symbol file LoadedFromMemory is not a mono symbol file
Symbol file data-0x1508c0000 doesn't match image /Users/manaralsatrawi/GameDev/Blackwoods-Curse/BlackwoodsCurse/Library/ScriptAssemblies/Unity.PlasticSCM.Editor.dll
Symbol file LoadedFromMemory is not a mono symbol file
Symbol file data-0x1502f8000 doesn't match image /Users/manaralsatrawi/GameDev/Blackwoods-Curse/BlackwoodsCurse/Library/ScriptAssemblies/Unity.TestTools.CodeCoverage.Editor.dll
Symbol file LoadedFromMemory is not a mono symbol file
Symbol file data-0x150920000 doesn't match image /Users/manaralsatrawi/GameDev/Blackwoods-Curse/BlackwoodsCurse/Library/ScriptAssemblies/UnityEngine.UI.dll
Symbol file LoadedFromMemory is not a mono symbol file
Symbol file data-0x136e70400 doesn't match image /Users/manaralsatrawi/GameDev/Blackwoods-Curse/BlackwoodsCurse/Library/ScriptAssemblies/Unity.InputSystem.TestFramework.dll
Symbol file LoadedFromMemory is not a mono symbol file
Symbol file data-0x136e58c00 doesn't match image /Users/manaralsatrawi/GameDev/Blackwoods-Curse/BlackwoodsCurse/Library/ScriptAssemblies/Unity.VisualScripting.State.dll
Symbol file LoadedFromMemory is not a mono symbol file
Symbol file data-0x1509d0000 doesn't match image /Users/manaralsatrawi/GameDev/Blackwoods-Curse/BlackwoodsCurse/Library/ScriptAssemblies/Unity.VisualScripting.Core.dll
Symbol file LoadedFromMemory is not a mono symbol file
Symbol file data-0x136e70400 doesn't match image /Users/manaralsatrawi/GameDev/Blackwoods-Curse/BlackwoodsCurse/Library/ScriptAssemblies/Unity.EditorCoroutines.Editor.dll
Symbol file LoadedFromMemory is not a mono symbol file
Native extension for OSXStandalone target not found
Refreshing native plugins compatible for Editor in 0.84 ms, found 2 plugins.
Preloading 0 native plugins for Editor in 0.00 ms.
[Package Manager] Server::EnsureServerProcessIsRunning -- launch failed, reason: Unity was launched with the -noUpm command-line argument
[Package Manager] Cannot connect to Unity Package Manager local server
Mono: successfully reloaded assembly
- Completed reload, in  1.457 seconds
Domain Reload Profiling:
	ReloadAssembly (1458ms)
		BeginReloadAssembly (164ms)
			ExecutionOrderSort (0ms)
			DisableScriptedObjects (5ms)
			BackupInstance (0ms)
			ReleaseScriptingObjects (0ms)
			CreateAndSetChildDomain (76ms)
		EndReloadAssembly (1199ms)
			LoadAssemblies (72ms)
			RebuildTransferFunctionScriptingTraits (0ms)
			SetupTypeCache (343ms)
			ReleaseScriptCaches (3ms)
			RebuildScriptCaches (71ms)
			SetupLoadedEditorAssemblies (672ms)
				LogAssemblyErrors (0ms)
				InitializePlatformSupportModulesInManaged (3ms)
				SetLoadedEditorAssemblies (0ms)
				RefreshPlugins (1ms)
				BeforeProcessingInitializeOnLoad (59ms)
				ProcessInitializeOnLoadAttributes (595ms)
				ProcessInitializeOnLoadMethodAttributes (12ms)
				AfterProcessingInitializeOnLoad (1ms)
				EditorAssembliesLoaded (0ms)
			ExecutionOrderSort2 (0ms)
			AwakeInstancesAfterBackupRestoration (3ms)
Platform modules already initialized, skipping
Refreshing native plugins compatible for Editor in 0.54 ms, found 2 plugins.
Preloading 0 native plugins for Editor in 0.00 ms.
Unloading 3509 Unused Serialized files (Serialized files now loaded: 0)
Unloading 34 unused Assets / (23.0 KB). Loaded Objects now: 4043.
Memory consumption went from 211.7 MB to 211.7 MB.
Total: 2.648084 ms (FindLiveObjects: 0.138917 ms CreateObjectMapping: 0.049916 ms MarkObjects: 2.426500 ms  DeleteObjects: 0.032083 ms)

AssetImportParameters requested are different than current active one (requested -> active):
  custom:video-decoder-ogg-theora: a1e56fd34408186e4bbccfd4996cb3dc -> 
  custom:container-muxer-webm: aa71ff27fc2769a1b78a27578f13a17b -> 
  custom:container-demuxer-webm: 4f35f7cbe854078d1ac9338744f61a02 -> 
  custom:video-encoder-webm-vp8: eb34c28f22e8b96e1ab97ce403110664 -> 
  custom:framework-osx-AVFoundation: e770b220cccbd017edd2c1fefb359320 -> 
  custom:CustomObjectIndexerAttribute: bc11b3a6c3213fcdd17b65e7da85e133 -> 
  custom:audio-encoder-webm-vorbis: bf7c407c2cedff20999df2af8eb42d56 -> 
  custom:SearchIndexIgnoredProperties: e643bd26f0fe6173181afceb89e7c659 -> 
  custom:container-demuxer-ogg: 62fdf1f143b41e24485cea50d1cbac27 -> 
  custom:video-decoder-webm-vp8: 9c59270c3fd7afecdb556c50c9e8de78 -> 
  custom:audio-decoder-ogg-vorbis: bf7c407c2cedff20999df2af8eb42d56 -> 
========================================================================
Received Prepare
Registering precompiled user dll's ...
Registered in 0.002597 seconds.
Begin MonoManager ReloadAssembly
Thread 0x17daf7000 may have been prematurely finalized
Symbol file data-0x118130000 doesn't match image /Users/manaralsatrawi/GameDev/Blackwoods-Curse/BlackwoodsCurse/Library/ScriptAssemblies/Unity.VisualScripting.Flow.Editor.dll
Symbol file LoadedFromMemory is not a mono symbol file
Symbol file data-0x167450000 doesn't match image /Users/manaralsatrawi/GameDev/Blackwoods-Curse/BlackwoodsCurse/Library/ScriptAssemblies/Unity.VSCode.Editor.dll
Symbol file LoadedFromMemory is not a mono symbol file
Symbol file data-0x167456600 doesn't match image /Users/manaralsatrawi/GameDev/Blackwoods-Curse/BlackwoodsCurse/Library/ScriptAssemblies/Unity.VisualScripting.Shared.Editor.dll
Symbol file LoadedFromMemory is not a mono symbol file
Symbol file data-0x128f08000 doesn't match image /Users/manaralsatrawi/GameDev/Blackwoods-Curse/BlackwoodsCurse/Library/ScriptAssemblies/Unity.TextMeshPro.Editor.dll
Symbol file LoadedFromMemory is not a mono symbol file
Symbol file data-0x129970000 doesn't match image /Users/manaralsatrawi/GameDev/Blackwoods-Curse/BlackwoodsCurse/Library/ScriptAssemblies/Unity.VisualStudio.Editor.dll
Symbol file LoadedFromMemory is not a mono symbol file
Symbol file data-0x128f48000 doesn't match image /Users/manaralsatrawi/GameDev/Blackwoods-Curse/BlackwoodsCurse/Library/ScriptAssemblies/Unity.Performance.Profile-Analyzer.Editor.dll
Symbol file LoadedFromMemory is not a mono symbol file
Symbol file data-0x324e78c00 doesn't match image /Users/manaralsatrawi/GameDev/Blackwoods-Curse/BlackwoodsCurse/Library/ScriptAssemblies/Unity.TestTools.CodeCoverage.Editor.OpenCover.Model.dll
Symbol file LoadedFromMemory is not a mono symbol file
Symbol file data-0x136635000 doesn't match image /Users/manaralsatrawi/GameDev/Blackwoods-Curse/BlackwoodsCurse/Library/ScriptAssemblies/Unity.Settings.Editor.dll
Symbol file LoadedFromMemory is not a mono symbol file
Symbol file data-0x118218000 doesn't match image /Users/manaralsatrawi/GameDev/Blackwoods-Curse/BlackwoodsCurse/Library/ScriptAssemblies/Unity.Timeline.Editor.dll
Symbol file LoadedFromMemory is not a mono symbol file
Symbol file data-0x118288000 doesn't match image /Users/manaralsatrawi/GameDev/Blackwoods-Curse/BlackwoodsCurse/Library/ScriptAssemblies/Unity.Timeline.dll
Symbol file LoadedFromMemory is not a mono symbol file
Symbol file data-0x151018000 doesn't match image /Users/manaralsatrawi/GameDev/Blackwoods-Curse/BlackwoodsCurse/Library/ScriptAssemblies/Unity.VisualScripting.Core.Editor.dll
Symbol file LoadedFromMemory is not a mono symbol file
Symbol file data-0x1510d0000 doesn't match image /Users/manaralsatrawi/GameDev/Blackwoods-Curse/BlackwoodsCurse/Library/ScriptAssemblies/Unity.TextMeshPro.dll
Symbol file LoadedFromMemory is not a mono symbol file
Symbol file data-0x150fd8000 doesn't match image /Users/manaralsatrawi/GameDev/Blackwoods-Curse/BlackwoodsCurse/Library/ScriptAssemblies/Unity.VisualScripting.State.Editor.dll
Symbol file LoadedFromMemory is not a mono symbol file
Symbol file data-0x150fd8000 doesn't match image /Users/manaralsatrawi/GameDev/Blackwoods-Curse/BlackwoodsCurse/Library/ScriptAssemblies/MerryYellow.CodeAssist.Editor.dll
Symbol file LoadedFromMemory is not a mono symbol file
Symbol file data-0x136635000 doesn't match image /Users/manaralsatrawi/GameDev/Blackwoods-Curse/BlackwoodsCurse/Library/ScriptAssemblies/Unity.CollabProxy.Editor.dll
Symbol file LoadedFromMemory is not a mono symbol file
Symbol file data-0x13659ca00 doesn't match image /Users/manaralsatrawi/GameDev/Blackwoods-Curse/BlackwoodsCurse/Library/ScriptAssemblies/Unity.InputSystem.ForUI.dll
Symbol file LoadedFromMemory is not a mono symbol file
Symbol file data-0x136635000 doesn't match image /Users/manaralsatrawi/GameDev/Blackwoods-Curse/BlackwoodsCurse/Library/ScriptAssemblies/Unity.VisualScripting.SettingsProvider.Editor.dll
Symbol file LoadedFromMemory is not a mono symbol file
Symbol file data-0x136635000 doesn't match image /Users/manaralsatrawi/GameDev/Blackwoods-Curse/BlackwoodsCurse/Library/ScriptAssemblies/Unity.TestTools.CodeCoverage.Editor.OpenCover.Mono.Reflection.dll
Symbol file LoadedFromMemory is not a mono symbol file
Symbol file data-0x151158000 doesn't match image /Users/manaralsatrawi/GameDev/Blackwoods-Curse/BlackwoodsCurse/Library/ScriptAssemblies/Unity.VisualScripting.Flow.dll
Symbol file LoadedFromMemory is not a mono symbol file
Symbol file data-0x150fd8000 doesn't match image /Users/manaralsatrawi/GameDev/Blackwoods-Curse/BlackwoodsCurse/Library/ScriptAssemblies/UnityEditor.UI.dll
Symbol file LoadedFromMemory is not a mono symbol file
Symbol file data-0x151310000 doesn't match image /Users/manaralsatrawi/GameDev/Blackwoods-Curse/BlackwoodsCurse/Library/ScriptAssemblies/Unity.InputSystem.dll
Symbol file LoadedFromMemory is not a mono symbol file
Symbol file data-0x129980000 doesn't match image /Users/manaralsatrawi/GameDev/Blackwoods-Curse/BlackwoodsCurse/Library/ScriptAssemblies/Unity.Rider.Editor.dll
Symbol file LoadedFromMemory is not a mono symbol file
Symbol file data-0x128fd0000 doesn't match image /Users/manaralsatrawi/GameDev/Blackwoods-Curse/BlackwoodsCurse/Library/ScriptAssemblies/Unity.PlasticSCM.Editor.dll
Symbol file LoadedFromMemory is not a mono symbol file
Symbol file data-0x1299a0000 doesn't match image /Users/manaralsatrawi/GameDev/Blackwoods-Curse/BlackwoodsCurse/Library/ScriptAssemblies/Unity.TestTools.CodeCoverage.Editor.dll
Symbol file LoadedFromMemory is not a mono symbol file
Symbol file data-0x129010000 doesn't match image /Users/manaralsatrawi/GameDev/Blackwoods-Curse/BlackwoodsCurse/Library/ScriptAssemblies/UnityEngine.UI.dll
Symbol file LoadedFromMemory is not a mono symbol file
Symbol file data-0x324e78c00 doesn't match image /Users/manaralsatrawi/GameDev/Blackwoods-Curse/BlackwoodsCurse/Library/ScriptAssemblies/Unity.InputSystem.TestFramework.dll
Symbol file LoadedFromMemory is not a mono symbol file
Symbol file data-0x324f19400 doesn't match image /Users/manaralsatrawi/GameDev/Blackwoods-Curse/BlackwoodsCurse/Library/ScriptAssemblies/Unity.VisualScripting.State.dll
Symbol file LoadedFromMemory is not a mono symbol file
Symbol file data-0x129a38000 doesn't match image /Users/manaralsatrawi/GameDev/Blackwoods-Curse/BlackwoodsCurse/Library/ScriptAssemblies/Unity.VisualScripting.Core.dll
Symbol file LoadedFromMemory is not a mono symbol file
Symbol file data-0x324f70800 doesn't match image /Users/manaralsatrawi/GameDev/Blackwoods-Curse/BlackwoodsCurse/Library/ScriptAssemblies/Unity.EditorCoroutines.Editor.dll
Symbol file LoadedFromMemory is not a mono symbol file
Native extension for OSXStandalone target not found
Refreshing native plugins compatible for Editor in 0.63 ms, found 2 plugins.
Preloading 0 native plugins for Editor in 0.00 ms.
[Package Manager] Server::EnsureServerProcessIsRunning -- launch failed, reason: Unity was launched with the -noUpm command-line argument
[Package Manager] Cannot connect to Unity Package Manager local server
Mono: successfully reloaded assembly
- Completed reload, in  1.265 seconds
Domain Reload Profiling:
	ReloadAssembly (1265ms)
		BeginReloadAssembly (132ms)
			ExecutionOrderSort (0ms)
			DisableScriptedObjects (4ms)
			BackupInstance (0ms)
			ReleaseScriptingObjects (0ms)
			CreateAndSetChildDomain (55ms)
		EndReloadAssembly (1047ms)
			LoadAssemblies (62ms)
			RebuildTransferFunctionScriptingTraits (0ms)
			SetupTypeCache (286ms)
			ReleaseScriptCaches (1ms)
			RebuildScriptCaches (36ms)
			SetupLoadedEditorAssemblies (639ms)
				LogAssemblyErrors (0ms)
				InitializePlatformSupportModulesInManaged (3ms)
				SetLoadedEditorAssemblies (0ms)
				RefreshPlugins (1ms)
				BeforeProcessingInitializeOnLoad (50ms)
				ProcessInitializeOnLoadAttributes (574ms)
				ProcessInitializeOnLoadMethodAttributes (11ms)
				AfterProcessingInitializeOnLoad (1ms)
				EditorAssembliesLoaded (0ms)
			ExecutionOrderSort2 (0ms)
			AwakeInstancesAfterBackupRestoration (2ms)
Platform modules already initialized, skipping
Refreshing native plugins compatible for Editor in 0.54 ms, found 2 plugins.
Preloading 0 native plugins for Editor in 0.00 ms.
Unloading 3509 Unused Serialized files (Serialized files now loaded: 0)
Unloading 34 unused Assets / (22.0 KB). Loaded Objects now: 4046.
Memory consumption went from 211.7 MB to 211.7 MB.
Total: 2.567208 ms (FindLiveObjects: 0.138958 ms CreateObjectMapping: 0.050250 ms MarkObjects: 2.347250 ms  DeleteObjects: 0.029959 ms)

AssetImportParameters requested are different than current active one (requested -> active):
  custom:video-decoder-ogg-theora: a1e56fd34408186e4bbccfd4996cb3dc -> 
  custom:container-muxer-webm: aa71ff27fc2769a1b78a27578f13a17b -> 
  custom:container-demuxer-webm: 4f35f7cbe854078d1ac9338744f61a02 -> 
  custom:video-encoder-webm-vp8: eb34c28f22e8b96e1ab97ce403110664 -> 
  custom:framework-osx-AVFoundation: e770b220cccbd017edd2c1fefb359320 -> 
  custom:CustomObjectIndexerAttribute: bc11b3a6c3213fcdd17b65e7da85e133 -> 
  custom:audio-encoder-webm-vorbis: bf7c407c2cedff20999df2af8eb42d56 -> 
  custom:SearchIndexIgnoredProperties: e643bd26f0fe6173181afceb89e7c659 -> 
  custom:container-demuxer-ogg: 62fdf1f143b41e24485cea50d1cbac27 -> 
  custom:video-decoder-webm-vp8: 9c59270c3fd7afecdb556c50c9e8de78 -> 
  custom:audio-decoder-ogg-vorbis: bf7c407c2cedff20999df2af8eb42d56 -> 
========================================================================
Received Prepare
Registering precompiled user dll's ...
Registered in 0.003096 seconds.
Begin MonoManager ReloadAssembly
Thread 0x17daf7000 may have been prematurely finalized
Symbol file data-0x118130000 doesn't match image /Users/manaralsatrawi/GameDev/Blackwoods-Curse/BlackwoodsCurse/Library/ScriptAssemblies/Unity.VisualScripting.Flow.Editor.dll
Symbol file LoadedFromMemory is not a mono symbol file
Symbol file data-0x1365f9000 doesn't match image /Users/manaralsatrawi/GameDev/Blackwoods-Curse/BlackwoodsCurse/Library/ScriptAssemblies/Unity.VSCode.Editor.dll
Symbol file LoadedFromMemory is not a mono symbol file
Symbol file data-0x13657c800 doesn't match image /Users/manaralsatrawi/GameDev/Blackwoods-Curse/BlackwoodsCurse/Library/ScriptAssemblies/Unity.VisualScripting.Shared.Editor.dll
Symbol file LoadedFromMemory is not a mono symbol file
Symbol file data-0x150438000 doesn't match image /Users/manaralsatrawi/GameDev/Blackwoods-Curse/BlackwoodsCurse/Library/ScriptAssemblies/Unity.TextMeshPro.Editor.dll
Symbol file LoadedFromMemory is not a mono symbol file
Symbol file data-0x150450000 doesn't match image /Users/manaralsatrawi/GameDev/Blackwoods-Curse/BlackwoodsCurse/Library/ScriptAssemblies/Unity.VisualStudio.Editor.dll
Symbol file LoadedFromMemory is not a mono symbol file
Symbol file data-0x1504a0000 doesn't match image /Users/manaralsatrawi/GameDev/Blackwoods-Curse/BlackwoodsCurse/Library/ScriptAssemblies/Unity.Performance.Profile-Analyzer.Editor.dll
Symbol file LoadedFromMemory is not a mono symbol file
Symbol file data-0x13657c800 doesn't match image /Users/manaralsatrawi/GameDev/Blackwoods-Curse/BlackwoodsCurse/Library/ScriptAssemblies/Unity.TestTools.CodeCoverage.Editor.OpenCover.Model.dll
Symbol file LoadedFromMemory is not a mono symbol file
Symbol file data-0x136582800 doesn't match image /Users/manaralsatrawi/GameDev/Blackwoods-Curse/BlackwoodsCurse/Library/ScriptAssemblies/Unity.Settings.Editor.dll
Symbol file LoadedFromMemory is not a mono symbol file
Symbol file data-0x150568000 doesn't match image /Users/manaralsatrawi/GameDev/Blackwoods-Curse/BlackwoodsCurse/Library/ScriptAssemblies/Unity.Timeline.Editor.dll
Symbol file LoadedFromMemory is not a mono symbol file
Symbol file data-0x1505b0000 doesn't match image /Users/manaralsatrawi/GameDev/Blackwoods-Curse/BlackwoodsCurse/Library/ScriptAssemblies/Unity.Timeline.dll
Symbol file LoadedFromMemory is not a mono symbol file
Symbol file data-0x151140000 doesn't match image /Users/manaralsatrawi/GameDev/Blackwoods-Curse/BlackwoodsCurse/Library/ScriptAssemblies/Unity.VisualScripting.Core.Editor.dll
Symbol file LoadedFromMemory is not a mono symbol file
Symbol file data-0x151198000 doesn't match image /Users/manaralsatrawi/GameDev/Blackwoods-Curse/BlackwoodsCurse/Library/ScriptAssemblies/Unity.TextMeshPro.dll
Symbol file LoadedFromMemory is not a mono symbol file
Symbol file data-0x151158000 doesn't match image /Users/manaralsatrawi/GameDev/Blackwoods-Curse/BlackwoodsCurse/Library/ScriptAssemblies/Unity.VisualScripting.State.Editor.dll
Symbol file LoadedFromMemory is not a mono symbol file
Symbol file data-0x151158000 doesn't match image /Users/manaralsatrawi/GameDev/Blackwoods-Curse/BlackwoodsCurse/Library/ScriptAssemblies/MerryYellow.CodeAssist.Editor.dll
Symbol file LoadedFromMemory is not a mono symbol file
Symbol file data-0x167321600 doesn't match image /Users/manaralsatrawi/GameDev/Blackwoods-Curse/BlackwoodsCurse/Library/ScriptAssemblies/Unity.CollabProxy.Editor.dll
Symbol file LoadedFromMemory is not a mono symbol file
Symbol file data-0x167325a00 doesn't match image /Users/manaralsatrawi/GameDev/Blackwoods-Curse/BlackwoodsCurse/Library/ScriptAssemblies/Unity.InputSystem.ForUI.dll
Symbol file LoadedFromMemory is not a mono symbol file
Symbol file data-0x167330000 doesn't match image /Users/manaralsatrawi/GameDev/Blackwoods-Curse/BlackwoodsCurse/Library/ScriptAssemblies/Unity.VisualScripting.SettingsProvider.Editor.dll
Symbol file LoadedFromMemory is not a mono symbol file
Symbol file data-0x167330000 doesn't match image /Users/manaralsatrawi/GameDev/Blackwoods-Curse/BlackwoodsCurse/Library/ScriptAssemblies/Unity.TestTools.CodeCoverage.Editor.OpenCover.Mono.Reflection.dll
Symbol file LoadedFromMemory is not a mono symbol file
Symbol file data-0x1181a8000 doesn't match image /Users/manaralsatrawi/GameDev/Blackwoods-Curse/BlackwoodsCurse/Library/ScriptAssemblies/Unity.VisualScripting.Flow.dll
Symbol file LoadedFromMemory is not a mono symbol file
Symbol file data-0x1181d8000 doesn't match image /Users/manaralsatrawi/GameDev/Blackwoods-Curse/BlackwoodsCurse/Library/ScriptAssemblies/UnityEditor.UI.dll
Symbol file LoadedFromMemory is not a mono symbol file
Symbol file data-0x118358000 doesn't match image /Users/manaralsatrawi/GameDev/Blackwoods-Curse/BlackwoodsCurse/Library/ScriptAssemblies/Unity.InputSystem.dll
Symbol file LoadedFromMemory is not a mono symbol file
Symbol file data-0x1181c0000 doesn't match image /Users/manaralsatrawi/GameDev/Blackwoods-Curse/BlackwoodsCurse/Library/ScriptAssemblies/Unity.Rider.Editor.dll
Symbol file LoadedFromMemory is not a mono symbol file
Symbol file data-0x1183e0000 doesn't match image /Users/manaralsatrawi/GameDev/Blackwoods-Curse/BlackwoodsCurse/Library/ScriptAssemblies/Unity.PlasticSCM.Editor.dll
Symbol file LoadedFromMemory is not a mono symbol file
Symbol file data-0x118420000 doesn't match image /Users/manaralsatrawi/GameDev/Blackwoods-Curse/BlackwoodsCurse/Library/ScriptAssemblies/Unity.TestTools.CodeCoverage.Editor.dll
Symbol file LoadedFromMemory is not a mono symbol file
Symbol file data-0x118430000 doesn't match image /Users/manaralsatrawi/GameDev/Blackwoods-Curse/BlackwoodsCurse/Library/ScriptAssemblies/UnityEngine.UI.dll
Symbol file LoadedFromMemory is not a mono symbol file
Symbol file data-0x167330000 doesn't match image /Users/manaralsatrawi/GameDev/Blackwoods-Curse/BlackwoodsCurse/Library/ScriptAssemblies/Unity.InputSystem.TestFramework.dll
Symbol file LoadedFromMemory is not a mono symbol file
Symbol file data-0x1672fd200 doesn't match image /Users/manaralsatrawi/GameDev/Blackwoods-Curse/BlackwoodsCurse/Library/ScriptAssemblies/Unity.VisualScripting.State.dll
Symbol file LoadedFromMemory is not a mono symbol file
Symbol file data-0x1184e0000 doesn't match image /Users/manaralsatrawi/GameDev/Blackwoods-Curse/BlackwoodsCurse/Library/ScriptAssemblies/Unity.VisualScripting.Core.dll
Symbol file LoadedFromMemory is not a mono symbol file
Symbol file data-0x167330000 doesn't match image /Users/manaralsatrawi/GameDev/Blackwoods-Curse/BlackwoodsCurse/Library/ScriptAssemblies/Unity.EditorCoroutines.Editor.dll
Symbol file LoadedFromMemory is not a mono symbol file
Native extension for OSXStandalone target not found
Refreshing native plugins compatible for Editor in 0.69 ms, found 2 plugins.
Preloading 0 native plugins for Editor in 0.00 ms.
[Package Manager] Server::EnsureServerProcessIsRunning -- launch failed, reason: Unity was launched with the -noUpm command-line argument
[Package Manager] Cannot connect to Unity Package Manager local server
Mono: successfully reloaded assembly
- Completed reload, in  1.355 seconds
Domain Reload Profiling:
	ReloadAssembly (1355ms)
		BeginReloadAssembly (106ms)
			ExecutionOrderSort (0ms)
			DisableScriptedObjects (3ms)
			BackupInstance (0ms)
			ReleaseScriptingObjects (0ms)
			CreateAndSetChildDomain (37ms)
		EndReloadAssembly (1179ms)
			LoadAssemblies (58ms)
			RebuildTransferFunctionScriptingTraits (0ms)
			SetupTypeCache (324ms)
			ReleaseScriptCaches (2ms)
			RebuildScriptCaches (55ms)
			SetupLoadedEditorAssemblies (693ms)
				LogAssemblyErrors (0ms)
				InitializePlatformSupportModulesInManaged (4ms)
				SetLoadedEditorAssemblies (0ms)
				RefreshPlugins (1ms)
				BeforeProcessingInitializeOnLoad (69ms)
				ProcessInitializeOnLoadAttributes (607ms)
				ProcessInitializeOnLoadMethodAttributes (12ms)
				AfterProcessingInitializeOnLoad (1ms)
				EditorAssembliesLoaded (0ms)
			ExecutionOrderSort2 (0ms)
			AwakeInstancesAfterBackupRestoration (3ms)
Platform modules already initialized, skipping
Refreshing native plugins compatible for Editor in 0.71 ms, found 2 plugins.
Preloading 0 native plugins for Editor in 0.00 ms.
Unloading 3509 Unused Serialized files (Serialized files now loaded: 0)
Unloading 34 unused Assets / (22.9 KB). Loaded Objects now: 4049.
Memory consumption went from 211.7 MB to 211.7 MB.
Total: 3.047333 ms (FindLiveObjects: 0.174500 ms CreateObjectMapping: 0.061791 ms MarkObjects: 2.787958 ms  DeleteObjects: 0.022125 ms)

AssetImportParameters requested are different than current active one (requested -> active):
  custom:video-decoder-ogg-theora: a1e56fd34408186e4bbccfd4996cb3dc -> 
  custom:container-muxer-webm: aa71ff27fc2769a1b78a27578f13a17b -> 
  custom:container-demuxer-webm: 4f35f7cbe854078d1ac9338744f61a02 -> 
  custom:video-encoder-webm-vp8: eb34c28f22e8b96e1ab97ce403110664 -> 
  custom:framework-osx-AVFoundation: e770b220cccbd017edd2c1fefb359320 -> 
  custom:CustomObjectIndexerAttribute: bc11b3a6c3213fcdd17b65e7da85e133 -> 
  custom:audio-encoder-webm-vorbis: bf7c407c2cedff20999df2af8eb42d56 -> 
  custom:SearchIndexIgnoredProperties: e643bd26f0fe6173181afceb89e7c659 -> 
  custom:container-demuxer-ogg: 62fdf1f143b41e24485cea50d1cbac27 -> 
  custom:video-decoder-webm-vp8: 9c59270c3fd7afecdb556c50c9e8de78 -> 
  custom:audio-decoder-ogg-vorbis: bf7c407c2cedff20999df2af8eb42d56 -> 
========================================================================
Received Prepare
Registering precompiled user dll's ...
Registered in 0.003080 seconds.
Begin MonoManager ReloadAssembly
Thread 0x17daf7000 may have been prematurely finalized
Symbol file data-0x138730000 doesn't match image /Users/manaralsatrawi/GameDev/Blackwoods-Curse/BlackwoodsCurse/Library/ScriptAssemblies/Unity.VisualScripting.Flow.Editor.dll
Symbol file LoadedFromMemory is not a mono symbol file
Symbol file data-0x3396e5800 doesn't match image /Users/manaralsatrawi/GameDev/Blackwoods-Curse/BlackwoodsCurse/Library/ScriptAssemblies/Unity.VSCode.Editor.dll
Symbol file LoadedFromMemory is not a mono symbol file
Symbol file data-0x3396eee00 doesn't match image /Users/manaralsatrawi/GameDev/Blackwoods-Curse/BlackwoodsCurse/Library/ScriptAssemblies/Unity.VisualScripting.Shared.Editor.dll
Symbol file LoadedFromMemory is not a mono symbol file
Symbol file data-0x138798000 doesn't match image /Users/manaralsatrawi/GameDev/Blackwoods-Curse/BlackwoodsCurse/Library/ScriptAssemblies/Unity.TextMeshPro.Editor.dll
Symbol file LoadedFromMemory is not a mono symbol file
Symbol file data-0x1387b0000 doesn't match image /Users/manaralsatrawi/GameDev/Blackwoods-Curse/BlackwoodsCurse/Library/ScriptAssemblies/Unity.VisualStudio.Editor.dll
Symbol file LoadedFromMemory is not a mono symbol file
Symbol file data-0x138800000 doesn't match image /Users/manaralsatrawi/GameDev/Blackwoods-Curse/BlackwoodsCurse/Library/ScriptAssemblies/Unity.Performance.Profile-Analyzer.Editor.dll
Symbol file LoadedFromMemory is not a mono symbol file
Symbol file data-0x3396f4a00 doesn't match image /Users/manaralsatrawi/GameDev/Blackwoods-Curse/BlackwoodsCurse/Library/ScriptAssemblies/Unity.TestTools.CodeCoverage.Editor.OpenCover.Model.dll
Symbol file LoadedFromMemory is not a mono symbol file
Symbol file data-0x3396faa00 doesn't match image /Users/manaralsatrawi/GameDev/Blackwoods-Curse/BlackwoodsCurse/Library/ScriptAssemblies/Unity.Settings.Editor.dll
Symbol file LoadedFromMemory is not a mono symbol file
Symbol file data-0x1388c8000 doesn't match image /Users/manaralsatrawi/GameDev/Blackwoods-Curse/BlackwoodsCurse/Library/ScriptAssemblies/Unity.Timeline.Editor.dll
Symbol file LoadedFromMemory is not a mono symbol file
Symbol file data-0x138938000 doesn't match image /Users/manaralsatrawi/GameDev/Blackwoods-Curse/BlackwoodsCurse/Library/ScriptAssemblies/Unity.Timeline.dll
Symbol file LoadedFromMemory is not a mono symbol file
Symbol file data-0x138a50000 doesn't match image /Users/manaralsatrawi/GameDev/Blackwoods-Curse/BlackwoodsCurse/Library/ScriptAssemblies/Unity.VisualScripting.Core.Editor.dll
Symbol file LoadedFromMemory is not a mono symbol file
Symbol file data-0x1388c8000 doesn't match image /Users/manaralsatrawi/GameDev/Blackwoods-Curse/BlackwoodsCurse/Library/ScriptAssemblies/Unity.TextMeshPro.dll
Symbol file LoadedFromMemory is not a mono symbol file
Symbol file data-0x138938000 doesn't match image /Users/manaralsatrawi/GameDev/Blackwoods-Curse/BlackwoodsCurse/Library/ScriptAssemblies/Unity.VisualScripting.State.Editor.dll
Symbol file LoadedFromMemory is not a mono symbol file
Symbol file data-0x138938000 doesn't match image /Users/manaralsatrawi/GameDev/Blackwoods-Curse/BlackwoodsCurse/Library/ScriptAssemblies/MerryYellow.CodeAssist.Editor.dll
Symbol file LoadedFromMemory is not a mono symbol file
Symbol file data-0x1364f0a00 doesn't match image /Users/manaralsatrawi/GameDev/Blackwoods-Curse/BlackwoodsCurse/Library/ScriptAssemblies/Unity.CollabProxy.Editor.dll
Symbol file LoadedFromMemory is not a mono symbol file
Symbol file data-0x14008a000 doesn't match image /Users/manaralsatrawi/GameDev/Blackwoods-Curse/BlackwoodsCurse/Library/ScriptAssemblies/Unity.InputSystem.ForUI.dll
Symbol file LoadedFromMemory is not a mono symbol file
Symbol file data-0x3396fa200 doesn't match image /Users/manaralsatrawi/GameDev/Blackwoods-Curse/BlackwoodsCurse/Library/ScriptAssemblies/Unity.VisualScripting.SettingsProvider.Editor.dll
Symbol file LoadedFromMemory is not a mono symbol file
Symbol file data-0x3396fa200 doesn't match image /Users/manaralsatrawi/GameDev/Blackwoods-Curse/BlackwoodsCurse/Library/ScriptAssemblies/Unity.TestTools.CodeCoverage.Editor.OpenCover.Mono.Reflection.dll
Symbol file LoadedFromMemory is not a mono symbol file
Symbol file data-0x129e60000 doesn't match image /Users/manaralsatrawi/GameDev/Blackwoods-Curse/BlackwoodsCurse/Library/ScriptAssemblies/Unity.VisualScripting.Flow.dll
Symbol file LoadedFromMemory is not a mono symbol file
Symbol file data-0x138938000 doesn't match image /Users/manaralsatrawi/GameDev/Blackwoods-Curse/BlackwoodsCurse/Library/ScriptAssemblies/UnityEditor.UI.dll
Symbol file LoadedFromMemory is not a mono symbol file
Symbol file data-0x138cd0000 doesn't match image /Users/manaralsatrawi/GameDev/Blackwoods-Curse/BlackwoodsCurse/Library/ScriptAssemblies/Unity.InputSystem.dll
Symbol file LoadedFromMemory is not a mono symbol file
Symbol file data-0x129e50000 doesn't match image /Users/manaralsatrawi/GameDev/Blackwoods-Curse/BlackwoodsCurse/Library/ScriptAssemblies/Unity.Rider.Editor.dll
Symbol file LoadedFromMemory is not a mono symbol file
Symbol file data-0x138d50000 doesn't match image /Users/manaralsatrawi/GameDev/Blackwoods-Curse/BlackwoodsCurse/Library/ScriptAssemblies/Unity.PlasticSCM.Editor.dll
Symbol file LoadedFromMemory is not a mono symbol file
Symbol file data-0x138a98000 doesn't match image /Users/manaralsatrawi/GameDev/Blackwoods-Curse/BlackwoodsCurse/Library/ScriptAssemblies/Unity.TestTools.CodeCoverage.Editor.dll
Symbol file LoadedFromMemory is not a mono symbol file
Symbol file data-0x129f48000 doesn't match image /Users/manaralsatrawi/GameDev/Blackwoods-Curse/BlackwoodsCurse/Library/ScriptAssemblies/UnityEngine.UI.dll
Symbol file LoadedFromMemory is not a mono symbol file
Symbol file data-0x136483e00 doesn't match image /Users/manaralsatrawi/GameDev/Blackwoods-Curse/BlackwoodsCurse/Library/ScriptAssemblies/Unity.InputSystem.TestFramework.dll
Symbol file LoadedFromMemory is not a mono symbol file
Symbol file data-0x1366b1a00 doesn't match image /Users/manaralsatrawi/GameDev/Blackwoods-Curse/BlackwoodsCurse/Library/ScriptAssemblies/Unity.VisualScripting.State.dll
Symbol file LoadedFromMemory is not a mono symbol file
Symbol file data-0x129ff8000 doesn't match image /Users/manaralsatrawi/GameDev/Blackwoods-Curse/BlackwoodsCurse/Library/ScriptAssemblies/Unity.VisualScripting.Core.dll
Symbol file LoadedFromMemory is not a mono symbol file
Symbol file data-0x1364eac00 doesn't match image /Users/manaralsatrawi/GameDev/Blackwoods-Curse/BlackwoodsCurse/Library/ScriptAssemblies/Unity.EditorCoroutines.Editor.dll
Symbol file LoadedFromMemory is not a mono symbol file
Native extension for OSXStandalone target not found
Refreshing native plugins compatible for Editor in 0.71 ms, found 2 plugins.
Preloading 0 native plugins for Editor in 0.00 ms.
[Package Manager] Server::EnsureServerProcessIsRunning -- launch failed, reason: Unity was launched with the -noUpm command-line argument
[Package Manager] Cannot connect to Unity Package Manager local server
Mono: successfully reloaded assembly
- Completed reload, in  1.085 seconds
Domain Reload Profiling:
	ReloadAssembly (1085ms)
		BeginReloadAssembly (134ms)
			ExecutionOrderSort (0ms)
			DisableScriptedObjects (5ms)
			BackupInstance (0ms)
			ReleaseScriptingObjects (0ms)
			CreateAndSetChildDomain (57ms)
		EndReloadAssembly (890ms)
			LoadAssemblies (60ms)
			RebuildTransferFunctionScriptingTraits (0ms)
			SetupTypeCache (203ms)
			ReleaseScriptCaches (1ms)
			RebuildScriptCaches (28ms)
			SetupLoadedEditorAssemblies (580ms)
				LogAssemblyErrors (0ms)
				InitializePlatformSupportModulesInManaged (3ms)
				SetLoadedEditorAssemblies (0ms)
				RefreshPlugins (1ms)
				BeforeProcessingInitializeOnLoad (38ms)
				ProcessInitializeOnLoadAttributes (528ms)
				ProcessInitializeOnLoadMethodAttributes (10ms)
				AfterProcessingInitializeOnLoad (1ms)
				EditorAssembliesLoaded (0ms)
			ExecutionOrderSort2 (0ms)
			AwakeInstancesAfterBackupRestoration (2ms)
Platform modules already initialized, skipping
Refreshing native plugins compatible for Editor in 0.50 ms, found 2 plugins.
Preloading 0 native plugins for Editor in 0.00 ms.
Unloading 3509 Unused Serialized files (Serialized files now loaded: 0)
Unloading 34 unused Assets / (22.0 KB). Loaded Objects now: 4052.
Memory consumption went from 211.7 MB to 211.7 MB.
Total: 2.211125 ms (FindLiveObjects: 0.128541 ms CreateObjectMapping: 0.045459 ms MarkObjects: 2.018458 ms  DeleteObjects: 0.017959 ms)

AssetImportParameters requested are different than current active one (requested -> active):
  custom:video-decoder-ogg-theora: a1e56fd34408186e4bbccfd4996cb3dc -> 
  custom:container-muxer-webm: aa71ff27fc2769a1b78a27578f13a17b -> 
  custom:container-demuxer-webm: 4f35f7cbe854078d1ac9338744f61a02 -> 
  custom:video-encoder-webm-vp8: eb34c28f22e8b96e1ab97ce403110664 -> 
  custom:framework-osx-AVFoundation: e770b220cccbd017edd2c1fefb359320 -> 
  custom:CustomObjectIndexerAttribute: bc11b3a6c3213fcdd17b65e7da85e133 -> 
  custom:audio-encoder-webm-vorbis: bf7c407c2cedff20999df2af8eb42d56 -> 
  custom:SearchIndexIgnoredProperties: e643bd26f0fe6173181afceb89e7c659 -> 
  custom:container-demuxer-ogg: 62fdf1f143b41e24485cea50d1cbac27 -> 
  custom:video-decoder-webm-vp8: 9c59270c3fd7afecdb556c50c9e8de78 -> 
  custom:audio-decoder-ogg-vorbis: bf7c407c2cedff20999df2af8eb42d56 -> 
========================================================================
Received Prepare
Registering precompiled user dll's ...
Registered in 0.002745 seconds.
Begin MonoManager ReloadAssembly
Thread 0x17daf7000 may have been prematurely finalized
Symbol file data-0x138718000 doesn't match image /Users/manaralsatrawi/GameDev/Blackwoods-Curse/BlackwoodsCurse/Library/ScriptAssemblies/Unity.VisualScripting.Flow.Editor.dll
Symbol file LoadedFromMemory is not a mono symbol file
Symbol file data-0x137dd5a00 doesn't match image /Users/manaralsatrawi/GameDev/Blackwoods-Curse/BlackwoodsCurse/Library/ScriptAssemblies/Unity.VSCode.Editor.dll
Symbol file LoadedFromMemory is not a mono symbol file
Symbol file data-0x137ddf000 doesn't match image /Users/manaralsatrawi/GameDev/Blackwoods-Curse/BlackwoodsCurse/Library/ScriptAssemblies/Unity.VisualScripting.Shared.Editor.dll
Symbol file LoadedFromMemory is not a mono symbol file
Symbol file data-0x138780000 doesn't match image /Users/manaralsatrawi/GameDev/Blackwoods-Curse/BlackwoodsCurse/Library/ScriptAssemblies/Unity.TextMeshPro.Editor.dll
Symbol file LoadedFromMemory is not a mono symbol file
Symbol file data-0x138798000 doesn't match image /Users/manaralsatrawi/GameDev/Blackwoods-Curse/BlackwoodsCurse/Library/ScriptAssemblies/Unity.VisualStudio.Editor.dll
Symbol file LoadedFromMemory is not a mono symbol file
Symbol file data-0x1387e8000 doesn't match image /Users/manaralsatrawi/GameDev/Blackwoods-Curse/BlackwoodsCurse/Library/ScriptAssemblies/Unity.Performance.Profile-Analyzer.Editor.dll
Symbol file LoadedFromMemory is not a mono symbol file
Symbol file data-0x137ddf000 doesn't match image /Users/manaralsatrawi/GameDev/Blackwoods-Curse/BlackwoodsCurse/Library/ScriptAssemblies/Unity.TestTools.CodeCoverage.Editor.OpenCover.Model.dll
Symbol file LoadedFromMemory is not a mono symbol file
Symbol file data-0x137de5000 doesn't match image /Users/manaralsatrawi/GameDev/Blackwoods-Curse/BlackwoodsCurse/Library/ScriptAssemblies/Unity.Settings.Editor.dll
Symbol file LoadedFromMemory is not a mono symbol file
Symbol file data-0x1388b0000 doesn't match image /Users/manaralsatrawi/GameDev/Blackwoods-Curse/BlackwoodsCurse/Library/ScriptAssemblies/Unity.Timeline.Editor.dll
Symbol file LoadedFromMemory is not a mono symbol file
Symbol file data-0x138920000 doesn't match image /Users/manaralsatrawi/GameDev/Blackwoods-Curse/BlackwoodsCurse/Library/ScriptAssemblies/Unity.Timeline.dll
Symbol file LoadedFromMemory is not a mono symbol file
Symbol file data-0x138a50000 doesn't match image /Users/manaralsatrawi/GameDev/Blackwoods-Curse/BlackwoodsCurse/Library/ScriptAssemblies/Unity.VisualScripting.Core.Editor.dll
Symbol file LoadedFromMemory is not a mono symbol file
Symbol file data-0x1388b0000 doesn't match image /Users/manaralsatrawi/GameDev/Blackwoods-Curse/BlackwoodsCurse/Library/ScriptAssemblies/Unity.TextMeshPro.dll
Symbol file LoadedFromMemory is not a mono symbol file
Symbol file data-0x138920000 doesn't match image /Users/manaralsatrawi/GameDev/Blackwoods-Curse/BlackwoodsCurse/Library/ScriptAssemblies/Unity.VisualScripting.State.Editor.dll
Symbol file LoadedFromMemory is not a mono symbol file
Symbol file data-0x138920000 doesn't match image /Users/manaralsatrawi/GameDev/Blackwoods-Curse/BlackwoodsCurse/Library/ScriptAssemblies/MerryYellow.CodeAssist.Editor.dll
Symbol file LoadedFromMemory is not a mono symbol file
Symbol file data-0x137de6e00 doesn't match image /Users/manaralsatrawi/GameDev/Blackwoods-Curse/BlackwoodsCurse/Library/ScriptAssemblies/Unity.CollabProxy.Editor.dll
Symbol file LoadedFromMemory is not a mono symbol file
Symbol file data-0x137deb200 doesn't match image /Users/manaralsatrawi/GameDev/Blackwoods-Curse/BlackwoodsCurse/Library/ScriptAssemblies/Unity.InputSystem.ForUI.dll
Symbol file LoadedFromMemory is not a mono symbol file
Symbol file data-0x137deea00 doesn't match image /Users/manaralsatrawi/GameDev/Blackwoods-Curse/BlackwoodsCurse/Library/ScriptAssemblies/Unity.VisualScripting.SettingsProvider.Editor.dll
Symbol file LoadedFromMemory is not a mono symbol file
Symbol file data-0x137deea00 doesn't match image /Users/manaralsatrawi/GameDev/Blackwoods-Curse/BlackwoodsCurse/Library/ScriptAssemblies/Unity.TestTools.CodeCoverage.Editor.OpenCover.Mono.Reflection.dll
Symbol file LoadedFromMemory is not a mono symbol file
Symbol file data-0x138b60000 doesn't match image /Users/manaralsatrawi/GameDev/Blackwoods-Curse/BlackwoodsCurse/Library/ScriptAssemblies/Unity.VisualScripting.Flow.dll
Symbol file LoadedFromMemory is not a mono symbol file
Symbol file data-0x138a98000 doesn't match image /Users/manaralsatrawi/GameDev/Blackwoods-Curse/BlackwoodsCurse/Library/ScriptAssemblies/UnityEditor.UI.dll
Symbol file LoadedFromMemory is not a mono symbol file
Symbol file data-0x138cd0000 doesn't match image /Users/manaralsatrawi/GameDev/Blackwoods-Curse/BlackwoodsCurse/Library/ScriptAssemblies/Unity.InputSystem.dll
Symbol file LoadedFromMemory is not a mono symbol file
Symbol file data-0x138a98000 doesn't match image /Users/manaralsatrawi/GameDev/Blackwoods-Curse/BlackwoodsCurse/Library/ScriptAssemblies/Unity.Rider.Editor.dll
Symbol file LoadedFromMemory is not a mono symbol file
Symbol file data-0x138cd0000 doesn't match image /Users/manaralsatrawi/GameDev/Blackwoods-Curse/BlackwoodsCurse/Library/ScriptAssemblies/Unity.PlasticSCM.Editor.dll
Symbol file LoadedFromMemory is not a mono symbol file
Symbol file data-0x138a98000 doesn't match image /Users/manaralsatrawi/GameDev/Blackwoods-Curse/BlackwoodsCurse/Library/ScriptAssemblies/Unity.TestTools.CodeCoverage.Editor.dll
Symbol file LoadedFromMemory is not a mono symbol file
Symbol file data-0x138df0000 doesn't match image /Users/manaralsatrawi/GameDev/Blackwoods-Curse/BlackwoodsCurse/Library/ScriptAssemblies/UnityEngine.UI.dll
Symbol file LoadedFromMemory is not a mono symbol file
Symbol file data-0x137df4000 doesn't match image /Users/manaralsatrawi/GameDev/Blackwoods-Curse/BlackwoodsCurse/Library/ScriptAssemblies/Unity.InputSystem.TestFramework.dll
Symbol file LoadedFromMemory is not a mono symbol file
Symbol file data-0x137e00800 doesn't match image /Users/manaralsatrawi/GameDev/Blackwoods-Curse/BlackwoodsCurse/Library/ScriptAssemblies/Unity.VisualScripting.State.dll
Symbol file LoadedFromMemory is not a mono symbol file
Symbol file data-0x138ea0000 doesn't match image /Users/manaralsatrawi/GameDev/Blackwoods-Curse/BlackwoodsCurse/Library/ScriptAssemblies/Unity.VisualScripting.Core.dll
Symbol file LoadedFromMemory is not a mono symbol file
Symbol file data-0x137e00800 doesn't match image /Users/manaralsatrawi/GameDev/Blackwoods-Curse/BlackwoodsCurse/Library/ScriptAssemblies/Unity.EditorCoroutines.Editor.dll
Symbol file LoadedFromMemory is not a mono symbol file
Native extension for OSXStandalone target not found
Refreshing native plugins compatible for Editor in 0.57 ms, found 2 plugins.
Preloading 0 native plugins for Editor in 0.00 ms.
[Package Manager] Server::EnsureServerProcessIsRunning -- launch failed, reason: Unity was launched with the -noUpm command-line argument
[Package Manager] Cannot connect to Unity Package Manager local server
Mono: successfully reloaded assembly
- Completed reload, in  1.025 seconds
Domain Reload Profiling:
	ReloadAssembly (1025ms)
		BeginReloadAssembly (91ms)
			ExecutionOrderSort (0ms)
			DisableScriptedObjects (3ms)
			BackupInstance (0ms)
			ReleaseScriptingObjects (0ms)
			CreateAndSetChildDomain (34ms)
		EndReloadAssembly (878ms)
			LoadAssemblies (41ms)
			RebuildTransferFunctionScriptingTraits (0ms)
			SetupTypeCache (207ms)
			ReleaseScriptCaches (1ms)
			RebuildScriptCaches (31ms)
			SetupLoadedEditorAssemblies (568ms)
				LogAssemblyErrors (0ms)
				InitializePlatformSupportModulesInManaged (3ms)
				SetLoadedEditorAssemblies (0ms)
				RefreshPlugins (1ms)
				BeforeProcessingInitializeOnLoad (41ms)
				ProcessInitializeOnLoadAttributes (512ms)
				ProcessInitializeOnLoadMethodAttributes (11ms)
				AfterProcessingInitializeOnLoad (1ms)
				EditorAssembliesLoaded (0ms)
			ExecutionOrderSort2 (0ms)
			AwakeInstancesAfterBackupRestoration (2ms)
Platform modules already initialized, skipping
Refreshing native plugins compatible for Editor in 0.54 ms, found 2 plugins.
Preloading 0 native plugins for Editor in 0.00 ms.
Unloading 3509 Unused Serialized files (Serialized files now loaded: 0)
Unloading 34 unused Assets / (21.9 KB). Loaded Objects now: 4055.
Memory consumption went from 211.7 MB to 211.7 MB.
Total: 2.230417 ms (FindLiveObjects: 0.128459 ms CreateObjectMapping: 0.042875 ms MarkObjects: 2.025833 ms  DeleteObjects: 0.030167 ms)

AssetImportParameters requested are different than current active one (requested -> active):
  custom:video-decoder-ogg-theora: a1e56fd34408186e4bbccfd4996cb3dc -> 
  custom:container-muxer-webm: aa71ff27fc2769a1b78a27578f13a17b -> 
  custom:container-demuxer-webm: 4f35f7cbe854078d1ac9338744f61a02 -> 
  custom:video-encoder-webm-vp8: eb34c28f22e8b96e1ab97ce403110664 -> 
  custom:framework-osx-AVFoundation: e770b220cccbd017edd2c1fefb359320 -> 
  custom:CustomObjectIndexerAttribute: bc11b3a6c3213fcdd17b65e7da85e133 -> 
  custom:audio-encoder-webm-vorbis: bf7c407c2cedff20999df2af8eb42d56 -> 
  custom:SearchIndexIgnoredProperties: e643bd26f0fe6173181afceb89e7c659 -> 
  custom:container-demuxer-ogg: 62fdf1f143b41e24485cea50d1cbac27 -> 
  custom:video-decoder-webm-vp8: 9c59270c3fd7afecdb556c50c9e8de78 -> 
  custom:audio-decoder-ogg-vorbis: bf7c407c2cedff20999df2af8eb42d56 -> 
========================================================================
Received Prepare
Registering precompiled user dll's ...
Registered in 0.002965 seconds.
Begin MonoManager ReloadAssembly
Thread 0x17daf7000 may have been prematurely finalized
Symbol file data-0x1180e8000 doesn't match image /Users/manaralsatrawi/GameDev/Blackwoods-Curse/BlackwoodsCurse/Library/ScriptAssemblies/Unity.VisualScripting.Flow.Editor.dll
Symbol file LoadedFromMemory is not a mono symbol file
Symbol file data-0x167580c00 doesn't match image /Users/manaralsatrawi/GameDev/Blackwoods-Curse/BlackwoodsCurse/Library/ScriptAssemblies/Unity.VSCode.Editor.dll
Symbol file LoadedFromMemory is not a mono symbol file
Symbol file data-0x167587200 doesn't match image /Users/manaralsatrawi/GameDev/Blackwoods-Curse/BlackwoodsCurse/Library/ScriptAssemblies/Unity.VisualScripting.Shared.Editor.dll
Symbol file LoadedFromMemory is not a mono symbol file
Symbol file data-0x118150000 doesn't match image /Users/manaralsatrawi/GameDev/Blackwoods-Curse/BlackwoodsCurse/Library/ScriptAssemblies/Unity.TextMeshPro.Editor.dll
Symbol file LoadedFromMemory is not a mono symbol file
Symbol file data-0x118168000 doesn't match image /Users/manaralsatrawi/GameDev/Blackwoods-Curse/BlackwoodsCurse/Library/ScriptAssemblies/Unity.VisualStudio.Editor.dll
Symbol file LoadedFromMemory is not a mono symbol file
Symbol file data-0x1181b8000 doesn't match image /Users/manaralsatrawi/GameDev/Blackwoods-Curse/BlackwoodsCurse/Library/ScriptAssemblies/Unity.Performance.Profile-Analyzer.Editor.dll
Symbol file LoadedFromMemory is not a mono symbol file
Symbol file data-0x167586800 doesn't match image /Users/manaralsatrawi/GameDev/Blackwoods-Curse/BlackwoodsCurse/Library/ScriptAssemblies/Unity.TestTools.CodeCoverage.Editor.OpenCover.Model.dll
Symbol file LoadedFromMemory is not a mono symbol file
Symbol file data-0x16758c800 doesn't match image /Users/manaralsatrawi/GameDev/Blackwoods-Curse/BlackwoodsCurse/Library/ScriptAssemblies/Unity.Settings.Editor.dll
Symbol file LoadedFromMemory is not a mono symbol file
Symbol file data-0x118280000 doesn't match image /Users/manaralsatrawi/GameDev/Blackwoods-Curse/BlackwoodsCurse/Library/ScriptAssemblies/Unity.Timeline.Editor.dll
Symbol file LoadedFromMemory is not a mono symbol file
Symbol file data-0x1182f0000 doesn't match image /Users/manaralsatrawi/GameDev/Blackwoods-Curse/BlackwoodsCurse/Library/ScriptAssemblies/Unity.Timeline.dll
Symbol file LoadedFromMemory is not a mono symbol file
Symbol file data-0x118408000 doesn't match image /Users/manaralsatrawi/GameDev/Blackwoods-Curse/BlackwoodsCurse/Library/ScriptAssemblies/Unity.VisualScripting.Core.Editor.dll
Symbol file LoadedFromMemory is not a mono symbol file
Symbol file data-0x118280000 doesn't match image /Users/manaralsatrawi/GameDev/Blackwoods-Curse/BlackwoodsCurse/Library/ScriptAssemblies/Unity.TextMeshPro.dll
Symbol file LoadedFromMemory is not a mono symbol file
Symbol file data-0x1182f0000 doesn't match image /Users/manaralsatrawi/GameDev/Blackwoods-Curse/BlackwoodsCurse/Library/ScriptAssemblies/Unity.VisualScripting.State.Editor.dll
Symbol file LoadedFromMemory is not a mono symbol file
Symbol file data-0x1182f0000 doesn't match image /Users/manaralsatrawi/GameDev/Blackwoods-Curse/BlackwoodsCurse/Library/ScriptAssemblies/MerryYellow.CodeAssist.Editor.dll
Symbol file LoadedFromMemory is not a mono symbol file
Symbol file data-0x16758ee00 doesn't match image /Users/manaralsatrawi/GameDev/Blackwoods-Curse/BlackwoodsCurse/Library/ScriptAssemblies/Unity.CollabProxy.Editor.dll
Symbol file LoadedFromMemory is not a mono symbol file
Symbol file data-0x167593200 doesn't match image /Users/manaralsatrawi/GameDev/Blackwoods-Curse/BlackwoodsCurse/Library/ScriptAssemblies/Unity.InputSystem.ForUI.dll
Symbol file LoadedFromMemory is not a mono symbol file
Symbol file data-0x167596a00 doesn't match image /Users/manaralsatrawi/GameDev/Blackwoods-Curse/BlackwoodsCurse/Library/ScriptAssemblies/Unity.VisualScripting.SettingsProvider.Editor.dll
Symbol file LoadedFromMemory is not a mono symbol file
Symbol file data-0x167596a00 doesn't match image /Users/manaralsatrawi/GameDev/Blackwoods-Curse/BlackwoodsCurse/Library/ScriptAssemblies/Unity.TestTools.CodeCoverage.Editor.OpenCover.Mono.Reflection.dll
Symbol file LoadedFromMemory is not a mono symbol file
Symbol file data-0x118518000 doesn't match image /Users/manaralsatrawi/GameDev/Blackwoods-Curse/BlackwoodsCurse/Library/ScriptAssemblies/Unity.VisualScripting.Flow.dll
Symbol file LoadedFromMemory is not a mono symbol file
Symbol file data-0x118450000 doesn't match image /Users/manaralsatrawi/GameDev/Blackwoods-Curse/BlackwoodsCurse/Library/ScriptAssemblies/UnityEditor.UI.dll
Symbol file LoadedFromMemory is not a mono symbol file
Symbol file data-0x118688000 doesn't match image /Users/manaralsatrawi/GameDev/Blackwoods-Curse/BlackwoodsCurse/Library/ScriptAssemblies/Unity.InputSystem.dll
Symbol file LoadedFromMemory is not a mono symbol file
Symbol file data-0x118450000 doesn't match image /Users/manaralsatrawi/GameDev/Blackwoods-Curse/BlackwoodsCurse/Library/ScriptAssemblies/Unity.Rider.Editor.dll
Symbol file LoadedFromMemory is not a mono symbol file
Symbol file data-0x118688000 doesn't match image /Users/manaralsatrawi/GameDev/Blackwoods-Curse/BlackwoodsCurse/Library/ScriptAssemblies/Unity.PlasticSCM.Editor.dll
Symbol file LoadedFromMemory is not a mono symbol file
Symbol file data-0x118450000 doesn't match image /Users/manaralsatrawi/GameDev/Blackwoods-Curse/BlackwoodsCurse/Library/ScriptAssemblies/Unity.TestTools.CodeCoverage.Editor.dll
Symbol file LoadedFromMemory is not a mono symbol file
Symbol file data-0x1187a8000 doesn't match image /Users/manaralsatrawi/GameDev/Blackwoods-Curse/BlackwoodsCurse/Library/ScriptAssemblies/UnityEngine.UI.dll
Symbol file LoadedFromMemory is not a mono symbol file
Symbol file data-0x16759c000 doesn't match image /Users/manaralsatrawi/GameDev/Blackwoods-Curse/BlackwoodsCurse/Library/ScriptAssemblies/Unity.InputSystem.TestFramework.dll
Symbol file LoadedFromMemory is not a mono symbol file
Symbol file data-0x1675a8800 doesn't match image /Users/manaralsatrawi/GameDev/Blackwoods-Curse/BlackwoodsCurse/Library/ScriptAssemblies/Unity.VisualScripting.State.dll
Symbol file LoadedFromMemory is not a mono symbol file
Symbol file data-0x118858000 doesn't match image /Users/manaralsatrawi/GameDev/Blackwoods-Curse/BlackwoodsCurse/Library/ScriptAssemblies/Unity.VisualScripting.Core.dll
Symbol file LoadedFromMemory is not a mono symbol file
Symbol file data-0x1675a8800 doesn't match image /Users/manaralsatrawi/GameDev/Blackwoods-Curse/BlackwoodsCurse/Library/ScriptAssemblies/Unity.EditorCoroutines.Editor.dll
Symbol file LoadedFromMemory is not a mono symbol file
Native extension for OSXStandalone target not found
Refreshing native plugins compatible for Editor in 0.63 ms, found 2 plugins.
Preloading 0 native plugins for Editor in 0.00 ms.
[Package Manager] Server::EnsureServerProcessIsRunning -- launch failed, reason: Unity was launched with the -noUpm command-line argument
[Package Manager] Cannot connect to Unity Package Manager local server
Mono: successfully reloaded assembly
- Completed reload, in  1.295 seconds
Domain Reload Profiling:
	ReloadAssembly (1296ms)
		BeginReloadAssembly (161ms)
			ExecutionOrderSort (0ms)
			DisableScriptedObjects (4ms)
			BackupInstance (0ms)
			ReleaseScriptingObjects (0ms)
			CreateAndSetChildDomain (80ms)
		EndReloadAssembly (1056ms)
			LoadAssemblies (62ms)
			RebuildTransferFunctionScriptingTraits (0ms)
			SetupTypeCache (267ms)
			ReleaseScriptCaches (1ms)
			RebuildScriptCaches (36ms)
			SetupLoadedEditorAssemblies (643ms)
				LogAssemblyErrors (0ms)
				InitializePlatformSupportModulesInManaged (3ms)
				SetLoadedEditorAssemblies (0ms)
				RefreshPlugins (1ms)
				BeforeProcessingInitializeOnLoad (47ms)
				ProcessInitializeOnLoadAttributes (579ms)
				ProcessInitializeOnLoadMethodAttributes (11ms)
				AfterProcessingInitializeOnLoad (1ms)
				EditorAssembliesLoaded (0ms)
			ExecutionOrderSort2 (0ms)
			AwakeInstancesAfterBackupRestoration (2ms)
Platform modules already initialized, skipping
Refreshing native plugins compatible for Editor in 0.50 ms, found 2 plugins.
Preloading 0 native plugins for Editor in 0.00 ms.
Unloading 3509 Unused Serialized files (Serialized files now loaded: 0)
Unloading 34 unused Assets / (23.0 KB). Loaded Objects now: 4058.
Memory consumption went from 211.7 MB to 211.7 MB.
Total: 2.257750 ms (FindLiveObjects: 0.130959 ms CreateObjectMapping: 0.043459 ms MarkObjects: 2.052125 ms  DeleteObjects: 0.027916 ms)

AssetImportParameters requested are different than current active one (requested -> active):
  custom:video-decoder-ogg-theora: a1e56fd34408186e4bbccfd4996cb3dc -> 
  custom:container-muxer-webm: aa71ff27fc2769a1b78a27578f13a17b -> 
  custom:container-demuxer-webm: 4f35f7cbe854078d1ac9338744f61a02 -> 
  custom:video-encoder-webm-vp8: eb34c28f22e8b96e1ab97ce403110664 -> 
  custom:framework-osx-AVFoundation: e770b220cccbd017edd2c1fefb359320 -> 
  custom:CustomObjectIndexerAttribute: bc11b3a6c3213fcdd17b65e7da85e133 -> 
  custom:audio-encoder-webm-vorbis: bf7c407c2cedff20999df2af8eb42d56 -> 
  custom:SearchIndexIgnoredProperties: e643bd26f0fe6173181afceb89e7c659 -> 
  custom:container-demuxer-ogg: 62fdf1f143b41e24485cea50d1cbac27 -> 
  custom:video-decoder-webm-vp8: 9c59270c3fd7afecdb556c50c9e8de78 -> 
  custom:audio-decoder-ogg-vorbis: bf7c407c2cedff20999df2af8eb42d56 -> 
========================================================================
Received Prepare
Registering precompiled user dll's ...
Registered in 0.003111 seconds.
Begin MonoManager ReloadAssembly
Thread 0x17daf7000 may have been prematurely finalized
Symbol file data-0x150068000 doesn't match image /Users/manaralsatrawi/GameDev/Blackwoods-Curse/BlackwoodsCurse/Library/ScriptAssemblies/Unity.VisualScripting.Flow.Editor.dll
Symbol file LoadedFromMemory is not a mono symbol file
Symbol file data-0x1667aac00 doesn't match image /Users/manaralsatrawi/GameDev/Blackwoods-Curse/BlackwoodsCurse/Library/ScriptAssemblies/Unity.VSCode.Editor.dll
Symbol file LoadedFromMemory is not a mono symbol file
Symbol file data-0x16624fc00 doesn't match image /Users/manaralsatrawi/GameDev/Blackwoods-Curse/BlackwoodsCurse/Library/ScriptAssemblies/Unity.VisualScripting.Shared.Editor.dll
Symbol file LoadedFromMemory is not a mono symbol file
Symbol file data-0x1186e0000 doesn't match image /Users/manaralsatrawi/GameDev/Blackwoods-Curse/BlackwoodsCurse/Library/ScriptAssemblies/Unity.TextMeshPro.Editor.dll
Symbol file LoadedFromMemory is not a mono symbol file
Symbol file data-0x118718000 doesn't match image /Users/manaralsatrawi/GameDev/Blackwoods-Curse/BlackwoodsCurse/Library/ScriptAssemblies/Unity.VisualStudio.Editor.dll
Symbol file LoadedFromMemory is not a mono symbol file
Symbol file data-0x118768000 doesn't match image /Users/manaralsatrawi/GameDev/Blackwoods-Curse/BlackwoodsCurse/Library/ScriptAssemblies/Unity.Performance.Profile-Analyzer.Editor.dll
Symbol file LoadedFromMemory is not a mono symbol file
Symbol file data-0x167513c00 doesn't match image /Users/manaralsatrawi/GameDev/Blackwoods-Curse/BlackwoodsCurse/Library/ScriptAssemblies/Unity.TestTools.CodeCoverage.Editor.OpenCover.Model.dll
Symbol file LoadedFromMemory is not a mono symbol file
Symbol file data-0x167519c00 doesn't match image /Users/manaralsatrawi/GameDev/Blackwoods-Curse/BlackwoodsCurse/Library/ScriptAssemblies/Unity.Settings.Editor.dll
Symbol file LoadedFromMemory is not a mono symbol file
Symbol file data-0x138960000 doesn't match image /Users/manaralsatrawi/GameDev/Blackwoods-Curse/BlackwoodsCurse/Library/ScriptAssemblies/Unity.Timeline.Editor.dll
Symbol file LoadedFromMemory is not a mono symbol file
Symbol file data-0x1186e0000 doesn't match image /Users/manaralsatrawi/GameDev/Blackwoods-Curse/BlackwoodsCurse/Library/ScriptAssemblies/Unity.Timeline.dll
Symbol file LoadedFromMemory is not a mono symbol file
Symbol file data-0x118888000 doesn't match image /Users/manaralsatrawi/GameDev/Blackwoods-Curse/BlackwoodsCurse/Library/ScriptAssemblies/Unity.VisualScripting.Core.Editor.dll
Symbol file LoadedFromMemory is not a mono symbol file
Symbol file data-0x118940000 doesn't match image /Users/manaralsatrawi/GameDev/Blackwoods-Curse/BlackwoodsCurse/Library/ScriptAssemblies/Unity.TextMeshPro.dll
Symbol file LoadedFromMemory is not a mono symbol file
Symbol file data-0x118888000 doesn't match image /Users/manaralsatrawi/GameDev/Blackwoods-Curse/BlackwoodsCurse/Library/ScriptAssemblies/Unity.VisualScripting.State.Editor.dll
Symbol file LoadedFromMemory is not a mono symbol file
Symbol file data-0x150050000 doesn't match image /Users/manaralsatrawi/GameDev/Blackwoods-Curse/BlackwoodsCurse/Library/ScriptAssemblies/MerryYellow.CodeAssist.Editor.dll
Symbol file LoadedFromMemory is not a mono symbol file
Symbol file data-0x1664b3800 doesn't match image /Users/manaralsatrawi/GameDev/Blackwoods-Curse/BlackwoodsCurse/Library/ScriptAssemblies/Unity.CollabProxy.Editor.dll
Symbol file LoadedFromMemory is not a mono symbol file
Symbol file data-0x166235c00 doesn't match image /Users/manaralsatrawi/GameDev/Blackwoods-Curse/BlackwoodsCurse/Library/ScriptAssemblies/Unity.InputSystem.ForUI.dll
Symbol file LoadedFromMemory is not a mono symbol file
Symbol file data-0x167515400 doesn't match image /Users/manaralsatrawi/GameDev/Blackwoods-Curse/BlackwoodsCurse/Library/ScriptAssemblies/Unity.VisualScripting.SettingsProvider.Editor.dll
Symbol file LoadedFromMemory is not a mono symbol file
Symbol file data-0x167515400 doesn't match image /Users/manaralsatrawi/GameDev/Blackwoods-Curse/BlackwoodsCurse/Library/ScriptAssemblies/Unity.TestTools.CodeCoverage.Editor.OpenCover.Mono.Reflection.dll
Symbol file LoadedFromMemory is not a mono symbol file
Symbol file data-0x1500a8000 doesn't match image /Users/manaralsatrawi/GameDev/Blackwoods-Curse/BlackwoodsCurse/Library/ScriptAssemblies/Unity.VisualScripting.Flow.dll
Symbol file LoadedFromMemory is not a mono symbol file
Symbol file data-0x150050000 doesn't match image /Users/manaralsatrawi/GameDev/Blackwoods-Curse/BlackwoodsCurse/Library/ScriptAssemblies/UnityEditor.UI.dll
Symbol file LoadedFromMemory is not a mono symbol file
Symbol file data-0x118998000 doesn't match image /Users/manaralsatrawi/GameDev/Blackwoods-Curse/BlackwoodsCurse/Library/ScriptAssemblies/Unity.InputSystem.dll
Symbol file LoadedFromMemory is not a mono symbol file
Symbol file data-0x1188d0000 doesn't match image /Users/manaralsatrawi/GameDev/Blackwoods-Curse/BlackwoodsCurse/Library/ScriptAssemblies/Unity.Rider.Editor.dll
Symbol file LoadedFromMemory is not a mono symbol file
Symbol file data-0x118a20000 doesn't match image /Users/manaralsatrawi/GameDev/Blackwoods-Curse/BlackwoodsCurse/Library/ScriptAssemblies/Unity.PlasticSCM.Editor.dll
Symbol file LoadedFromMemory is not a mono symbol file
Symbol file data-0x1389d0000 doesn't match image /Users/manaralsatrawi/GameDev/Blackwoods-Curse/BlackwoodsCurse/Library/ScriptAssemblies/Unity.TestTools.CodeCoverage.Editor.dll
Symbol file LoadedFromMemory is not a mono symbol file
Symbol file data-0x118a60000 doesn't match image /Users/manaralsatrawi/GameDev/Blackwoods-Curse/BlackwoodsCurse/Library/ScriptAssemblies/UnityEngine.UI.dll
Symbol file LoadedFromMemory is not a mono symbol file
Symbol file data-0x16751ec00 doesn't match image /Users/manaralsatrawi/GameDev/Blackwoods-Curse/BlackwoodsCurse/Library/ScriptAssemblies/Unity.InputSystem.TestFramework.dll
Symbol file LoadedFromMemory is not a mono symbol file
Symbol file data-0x16774be00 doesn't match image /Users/manaralsatrawi/GameDev/Blackwoods-Curse/BlackwoodsCurse/Library/ScriptAssemblies/Unity.VisualScripting.State.dll
Symbol file LoadedFromMemory is not a mono symbol file
Symbol file data-0x129620000 doesn't match image /Users/manaralsatrawi/GameDev/Blackwoods-Curse/BlackwoodsCurse/Library/ScriptAssemblies/Unity.VisualScripting.Core.dll
Symbol file LoadedFromMemory is not a mono symbol file
Symbol file data-0x13676ae00 doesn't match image /Users/manaralsatrawi/GameDev/Blackwoods-Curse/BlackwoodsCurse/Library/ScriptAssemblies/Unity.EditorCoroutines.Editor.dll
Symbol file LoadedFromMemory is not a mono symbol file
Native extension for OSXStandalone target not found
Refreshing native plugins compatible for Editor in 1.27 ms, found 2 plugins.
Preloading 0 native plugins for Editor in 0.00 ms.
[Package Manager] Server::EnsureServerProcessIsRunning -- launch failed, reason: Unity was launched with the -noUpm command-line argument
[Package Manager] Cannot connect to Unity Package Manager local server
Mono: successfully reloaded assembly
- Completed reload, in  1.101 seconds
Domain Reload Profiling:
	ReloadAssembly (1101ms)
		BeginReloadAssembly (119ms)
			ExecutionOrderSort (0ms)
			DisableScriptedObjects (3ms)
			BackupInstance (0ms)
			ReleaseScriptingObjects (0ms)
			CreateAndSetChildDomain (50ms)
		EndReloadAssembly (923ms)
			LoadAssemblies (59ms)
			RebuildTransferFunctionScriptingTraits (0ms)
			SetupTypeCache (206ms)
			ReleaseScriptCaches (1ms)
			RebuildScriptCaches (34ms)
			SetupLoadedEditorAssemblies (594ms)
				LogAssemblyErrors (0ms)
				InitializePlatformSupportModulesInManaged (2ms)
				SetLoadedEditorAssemblies (0ms)
				RefreshPlugins (1ms)
				BeforeProcessingInitializeOnLoad (41ms)
				ProcessInitializeOnLoadAttributes (537ms)
				ProcessInitializeOnLoadMethodAttributes (11ms)
				AfterProcessingInitializeOnLoad (1ms)
				EditorAssembliesLoaded (0ms)
			ExecutionOrderSort2 (0ms)
			AwakeInstancesAfterBackupRestoration (2ms)
Platform modules already initialized, skipping
Refreshing native plugins compatible for Editor in 0.52 ms, found 2 plugins.
Preloading 0 native plugins for Editor in 0.00 ms.
Unloading 3509 Unused Serialized files (Serialized files now loaded: 0)
Unloading 34 unused Assets / (21.9 KB). Loaded Objects now: 4061.
Memory consumption went from 211.7 MB to 211.7 MB.
Total: 2.248875 ms (FindLiveObjects: 0.140500 ms CreateObjectMapping: 0.044500 ms MarkObjects: 2.030583 ms  DeleteObjects: 0.032750 ms)

AssetImportParameters requested are different than current active one (requested -> active):
  custom:video-decoder-ogg-theora: a1e56fd34408186e4bbccfd4996cb3dc -> 
  custom:container-muxer-webm: aa71ff27fc2769a1b78a27578f13a17b -> 
  custom:container-demuxer-webm: 4f35f7cbe854078d1ac9338744f61a02 -> 
  custom:video-encoder-webm-vp8: eb34c28f22e8b96e1ab97ce403110664 -> 
  custom:framework-osx-AVFoundation: e770b220cccbd017edd2c1fefb359320 -> 
  custom:CustomObjectIndexerAttribute: bc11b3a6c3213fcdd17b65e7da85e133 -> 
  custom:audio-encoder-webm-vorbis: bf7c407c2cedff20999df2af8eb42d56 -> 
  custom:SearchIndexIgnoredProperties: e643bd26f0fe6173181afceb89e7c659 -> 
  custom:container-demuxer-ogg: 62fdf1f143b41e24485cea50d1cbac27 -> 
  custom:video-decoder-webm-vp8: 9c59270c3fd7afecdb556c50c9e8de78 -> 
  custom:audio-decoder-ogg-vorbis: bf7c407c2cedff20999df2af8eb42d56 -> 
========================================================================
Received Prepare
Registering precompiled user dll's ...
Registered in 0.002894 seconds.
Begin MonoManager ReloadAssembly
Thread 0x17daf7000 may have been prematurely finalized
Symbol file data-0x119120000 doesn't match image /Users/manaralsatrawi/GameDev/Blackwoods-Curse/BlackwoodsCurse/Library/ScriptAssemblies/Unity.VisualScripting.Flow.Editor.dll
Symbol file LoadedFromMemory is not a mono symbol file
Symbol file data-0x14054be00 doesn't match image /Users/manaralsatrawi/GameDev/Blackwoods-Curse/BlackwoodsCurse/Library/ScriptAssemblies/Unity.VSCode.Editor.dll
Symbol file LoadedFromMemory is not a mono symbol file
Symbol file data-0x140555400 doesn't match image /Users/manaralsatrawi/GameDev/Blackwoods-Curse/BlackwoodsCurse/Library/ScriptAssemblies/Unity.VisualScripting.Shared.Editor.dll
Symbol file LoadedFromMemory is not a mono symbol file
Symbol file data-0x119178000 doesn't match image /Users/manaralsatrawi/GameDev/Blackwoods-Curse/BlackwoodsCurse/Library/ScriptAssemblies/Unity.TextMeshPro.Editor.dll
Symbol file LoadedFromMemory is not a mono symbol file
Symbol file data-0x119190000 doesn't match image /Users/manaralsatrawi/GameDev/Blackwoods-Curse/BlackwoodsCurse/Library/ScriptAssemblies/Unity.VisualStudio.Editor.dll
Symbol file LoadedFromMemory is not a mono symbol file
Symbol file data-0x1191e0000 doesn't match image /Users/manaralsatrawi/GameDev/Blackwoods-Curse/BlackwoodsCurse/Library/ScriptAssemblies/Unity.Performance.Profile-Analyzer.Editor.dll
Symbol file LoadedFromMemory is not a mono symbol file
Symbol file data-0x140555400 doesn't match image /Users/manaralsatrawi/GameDev/Blackwoods-Curse/BlackwoodsCurse/Library/ScriptAssemblies/Unity.TestTools.CodeCoverage.Editor.OpenCover.Model.dll
Symbol file LoadedFromMemory is not a mono symbol file
Symbol file data-0x14055b400 doesn't match image /Users/manaralsatrawi/GameDev/Blackwoods-Curse/BlackwoodsCurse/Library/ScriptAssemblies/Unity.Settings.Editor.dll
Symbol file LoadedFromMemory is not a mono symbol file
Symbol file data-0x1192a8000 doesn't match image /Users/manaralsatrawi/GameDev/Blackwoods-Curse/BlackwoodsCurse/Library/ScriptAssemblies/Unity.Timeline.Editor.dll
Symbol file LoadedFromMemory is not a mono symbol file
Symbol file data-0x119318000 doesn't match image /Users/manaralsatrawi/GameDev/Blackwoods-Curse/BlackwoodsCurse/Library/ScriptAssemblies/Unity.Timeline.dll
Symbol file LoadedFromMemory is not a mono symbol file
Symbol file data-0x119430000 doesn't match image /Users/manaralsatrawi/GameDev/Blackwoods-Curse/BlackwoodsCurse/Library/ScriptAssemblies/Unity.VisualScripting.Core.Editor.dll
Symbol file LoadedFromMemory is not a mono symbol file
Symbol file data-0x1192a8000 doesn't match image /Users/manaralsatrawi/GameDev/Blackwoods-Curse/BlackwoodsCurse/Library/ScriptAssemblies/Unity.TextMeshPro.dll
Symbol file LoadedFromMemory is not a mono symbol file
Symbol file data-0x119318000 doesn't match image /Users/manaralsatrawi/GameDev/Blackwoods-Curse/BlackwoodsCurse/Library/ScriptAssemblies/Unity.VisualScripting.State.Editor.dll
Symbol file LoadedFromMemory is not a mono symbol file
Symbol file data-0x119318000 doesn't match image /Users/manaralsatrawi/GameDev/Blackwoods-Curse/BlackwoodsCurse/Library/ScriptAssemblies/MerryYellow.CodeAssist.Editor.dll
Symbol file LoadedFromMemory is not a mono symbol file
Symbol file data-0x140558800 doesn't match image /Users/manaralsatrawi/GameDev/Blackwoods-Curse/BlackwoodsCurse/Library/ScriptAssemblies/Unity.CollabProxy.Editor.dll
Symbol file LoadedFromMemory is not a mono symbol file
Symbol file data-0x14055e200 doesn't match image /Users/manaralsatrawi/GameDev/Blackwoods-Curse/BlackwoodsCurse/Library/ScriptAssemblies/Unity.InputSystem.ForUI.dll
Symbol file LoadedFromMemory is not a mono symbol file
Symbol file data-0x140523800 doesn't match image /Users/manaralsatrawi/GameDev/Blackwoods-Curse/BlackwoodsCurse/Library/ScriptAssemblies/Unity.VisualScripting.SettingsProvider.Editor.dll
Symbol file LoadedFromMemory is not a mono symbol file
Symbol file data-0x140523800 doesn't match image /Users/manaralsatrawi/GameDev/Blackwoods-Curse/BlackwoodsCurse/Library/ScriptAssemblies/Unity.TestTools.CodeCoverage.Editor.OpenCover.Mono.Reflection.dll
Symbol file LoadedFromMemory is not a mono symbol file
Symbol file data-0x119540000 doesn't match image /Users/manaralsatrawi/GameDev/Blackwoods-Curse/BlackwoodsCurse/Library/ScriptAssemblies/Unity.VisualScripting.Flow.dll
Symbol file LoadedFromMemory is not a mono symbol file
Symbol file data-0x119478000 doesn't match image /Users/manaralsatrawi/GameDev/Blackwoods-Curse/BlackwoodsCurse/Library/ScriptAssemblies/UnityEditor.UI.dll
Symbol file LoadedFromMemory is not a mono symbol file
Symbol file data-0x1196b0000 doesn't match image /Users/manaralsatrawi/GameDev/Blackwoods-Curse/BlackwoodsCurse/Library/ScriptAssemblies/Unity.InputSystem.dll
Symbol file LoadedFromMemory is not a mono symbol file
Symbol file data-0x119478000 doesn't match image /Users/manaralsatrawi/GameDev/Blackwoods-Curse/BlackwoodsCurse/Library/ScriptAssemblies/Unity.Rider.Editor.dll
Symbol file LoadedFromMemory is not a mono symbol file
Symbol file data-0x1196b0000 doesn't match image /Users/manaralsatrawi/GameDev/Blackwoods-Curse/BlackwoodsCurse/Library/ScriptAssemblies/Unity.PlasticSCM.Editor.dll
Symbol file LoadedFromMemory is not a mono symbol file
Symbol file data-0x119478000 doesn't match image /Users/manaralsatrawi/GameDev/Blackwoods-Curse/BlackwoodsCurse/Library/ScriptAssemblies/Unity.TestTools.CodeCoverage.Editor.dll
Symbol file LoadedFromMemory is not a mono symbol file
Symbol file data-0x1197d0000 doesn't match image /Users/manaralsatrawi/GameDev/Blackwoods-Curse/BlackwoodsCurse/Library/ScriptAssemblies/UnityEngine.UI.dll
Symbol file LoadedFromMemory is not a mono symbol file
Symbol file data-0x140048400 doesn't match image /Users/manaralsatrawi/GameDev/Blackwoods-Curse/BlackwoodsCurse/Library/ScriptAssemblies/Unity.InputSystem.TestFramework.dll
Symbol file LoadedFromMemory is not a mono symbol file
Symbol file data-0x140534600 doesn't match image /Users/manaralsatrawi/GameDev/Blackwoods-Curse/BlackwoodsCurse/Library/ScriptAssemblies/Unity.VisualScripting.State.dll
Symbol file LoadedFromMemory is not a mono symbol file
Symbol file data-0x119880000 doesn't match image /Users/manaralsatrawi/GameDev/Blackwoods-Curse/BlackwoodsCurse/Library/ScriptAssemblies/Unity.VisualScripting.Core.dll
Symbol file LoadedFromMemory is not a mono symbol file
Symbol file data-0x140534600 doesn't match image /Users/manaralsatrawi/GameDev/Blackwoods-Curse/BlackwoodsCurse/Library/ScriptAssemblies/Unity.EditorCoroutines.Editor.dll
Symbol file LoadedFromMemory is not a mono symbol file
Native extension for OSXStandalone target not found
Refreshing native plugins compatible for Editor in 0.54 ms, found 2 plugins.
Preloading 0 native plugins for Editor in 0.00 ms.
[Package Manager] Server::EnsureServerProcessIsRunning -- launch failed, reason: Unity was launched with the -noUpm command-line argument
[Package Manager] Cannot connect to Unity Package Manager local server
Mono: successfully reloaded assembly
- Completed reload, in  1.147 seconds
Domain Reload Profiling:
	ReloadAssembly (1148ms)
		BeginReloadAssembly (111ms)
			ExecutionOrderSort (0ms)
			DisableScriptedObjects (3ms)
			BackupInstance (0ms)
			ReleaseScriptingObjects (0ms)
			CreateAndSetChildDomain (46ms)
		EndReloadAssembly (978ms)
			LoadAssemblies (51ms)
			RebuildTransferFunctionScriptingTraits (0ms)
			SetupTypeCache (257ms)
			ReleaseScriptCaches (7ms)
			RebuildScriptCaches (28ms)
			SetupLoadedEditorAssemblies (605ms)
				LogAssemblyErrors (0ms)
				InitializePlatformSupportModulesInManaged (3ms)
				SetLoadedEditorAssemblies (1ms)
				RefreshPlugins (1ms)
				BeforeProcessingInitializeOnLoad (39ms)
				ProcessInitializeOnLoadAttributes (550ms)
				ProcessInitializeOnLoadMethodAttributes (10ms)
				AfterProcessingInitializeOnLoad (1ms)
				EditorAssembliesLoaded (0ms)
			ExecutionOrderSort2 (0ms)
			AwakeInstancesAfterBackupRestoration (2ms)
Platform modules already initialized, skipping
Refreshing native plugins compatible for Editor in 0.51 ms, found 2 plugins.
Preloading 0 native plugins for Editor in 0.00 ms.
Unloading 3509 Unused Serialized files (Serialized files now loaded: 0)
Unloading 34 unused Assets / (21.9 KB). Loaded Objects now: 4064.
Memory consumption went from 211.7 MB to 211.7 MB.
Total: 2.365542 ms (FindLiveObjects: 0.132875 ms CreateObjectMapping: 0.047084 ms MarkObjects: 2.148166 ms  DeleteObjects: 0.036750 ms)

AssetImportParameters requested are different than current active one (requested -> active):
  custom:video-decoder-ogg-theora: a1e56fd34408186e4bbccfd4996cb3dc -> 
  custom:container-muxer-webm: aa71ff27fc2769a1b78a27578f13a17b -> 
  custom:container-demuxer-webm: 4f35f7cbe854078d1ac9338744f61a02 -> 
  custom:video-encoder-webm-vp8: eb34c28f22e8b96e1ab97ce403110664 -> 
  custom:framework-osx-AVFoundation: e770b220cccbd017edd2c1fefb359320 -> 
  custom:CustomObjectIndexerAttribute: bc11b3a6c3213fcdd17b65e7da85e133 -> 
  custom:audio-encoder-webm-vorbis: bf7c407c2cedff20999df2af8eb42d56 -> 
  custom:SearchIndexIgnoredProperties: e643bd26f0fe6173181afceb89e7c659 -> 
  custom:container-demuxer-ogg: 62fdf1f143b41e24485cea50d1cbac27 -> 
  custom:video-decoder-webm-vp8: 9c59270c3fd7afecdb556c50c9e8de78 -> 
  custom:audio-decoder-ogg-vorbis: bf7c407c2cedff20999df2af8eb42d56 -> 
========================================================================
Received Prepare
Registering precompiled user dll's ...
Registered in 0.002881 seconds.
Begin MonoManager ReloadAssembly
Thread 0x17daf7000 may have been prematurely finalized
Symbol file data-0x119510000 doesn't match image /Users/manaralsatrawi/GameDev/Blackwoods-Curse/BlackwoodsCurse/Library/ScriptAssemblies/Unity.VisualScripting.Flow.Editor.dll
Symbol file LoadedFromMemory is not a mono symbol file
Symbol file data-0x324afc800 doesn't match image /Users/manaralsatrawi/GameDev/Blackwoods-Curse/BlackwoodsCurse/Library/ScriptAssemblies/Unity.VSCode.Editor.dll
Symbol file LoadedFromMemory is not a mono symbol file
Symbol file data-0x324cb9a00 doesn't match image /Users/manaralsatrawi/GameDev/Blackwoods-Curse/BlackwoodsCurse/Library/ScriptAssemblies/Unity.VisualScripting.Shared.Editor.dll
Symbol file LoadedFromMemory is not a mono symbol file
Symbol file data-0x119568000 doesn't match image /Users/manaralsatrawi/GameDev/Blackwoods-Curse/BlackwoodsCurse/Library/ScriptAssemblies/Unity.TextMeshPro.Editor.dll
Symbol file LoadedFromMemory is not a mono symbol file
Symbol file data-0x119580000 doesn't match image /Users/manaralsatrawi/GameDev/Blackwoods-Curse/BlackwoodsCurse/Library/ScriptAssemblies/Unity.VisualStudio.Editor.dll
Symbol file LoadedFromMemory is not a mono symbol file
Symbol file data-0x1195d0000 doesn't match image /Users/manaralsatrawi/GameDev/Blackwoods-Curse/BlackwoodsCurse/Library/ScriptAssemblies/Unity.Performance.Profile-Analyzer.Editor.dll
Symbol file LoadedFromMemory is not a mono symbol file
Symbol file data-0x137ddb600 doesn't match image /Users/manaralsatrawi/GameDev/Blackwoods-Curse/BlackwoodsCurse/Library/ScriptAssemblies/Unity.TestTools.CodeCoverage.Editor.OpenCover.Model.dll
Symbol file LoadedFromMemory is not a mono symbol file
Symbol file data-0x137ddb600 doesn't match image /Users/manaralsatrawi/GameDev/Blackwoods-Curse/BlackwoodsCurse/Library/ScriptAssemblies/Unity.Settings.Editor.dll
Symbol file LoadedFromMemory is not a mono symbol file
Symbol file data-0x119698000 doesn't match image /Users/manaralsatrawi/GameDev/Blackwoods-Curse/BlackwoodsCurse/Library/ScriptAssemblies/Unity.Timeline.Editor.dll
Symbol file LoadedFromMemory is not a mono symbol file
Symbol file data-0x1195d0000 doesn't match image /Users/manaralsatrawi/GameDev/Blackwoods-Curse/BlackwoodsCurse/Library/ScriptAssemblies/Unity.Timeline.dll
Symbol file LoadedFromMemory is not a mono symbol file
Symbol file data-0x119798000 doesn't match image /Users/manaralsatrawi/GameDev/Blackwoods-Curse/BlackwoodsCurse/Library/ScriptAssemblies/Unity.VisualScripting.Core.Editor.dll
Symbol file LoadedFromMemory is not a mono symbol file
Symbol file data-0x119850000 doesn't match image /Users/manaralsatrawi/GameDev/Blackwoods-Curse/BlackwoodsCurse/Library/ScriptAssemblies/Unity.TextMeshPro.dll
Symbol file LoadedFromMemory is not a mono symbol file
Symbol file data-0x119798000 doesn't match image /Users/manaralsatrawi/GameDev/Blackwoods-Curse/BlackwoodsCurse/Library/ScriptAssemblies/Unity.VisualScripting.State.Editor.dll
Symbol file LoadedFromMemory is not a mono symbol file
Symbol file data-0x119798000 doesn't match image /Users/manaralsatrawi/GameDev/Blackwoods-Curse/BlackwoodsCurse/Library/ScriptAssemblies/MerryYellow.CodeAssist.Editor.dll
Symbol file LoadedFromMemory is not a mono symbol file
Symbol file data-0x324cbae00 doesn't match image /Users/manaralsatrawi/GameDev/Blackwoods-Curse/BlackwoodsCurse/Library/ScriptAssemblies/Unity.CollabProxy.Editor.dll
Symbol file LoadedFromMemory is not a mono symbol file
Symbol file data-0x324cc0000 doesn't match image /Users/manaralsatrawi/GameDev/Blackwoods-Curse/BlackwoodsCurse/Library/ScriptAssemblies/Unity.InputSystem.ForUI.dll
Symbol file LoadedFromMemory is not a mono symbol file
Symbol file data-0x324afc800 doesn't match image /Users/manaralsatrawi/GameDev/Blackwoods-Curse/BlackwoodsCurse/Library/ScriptAssemblies/Unity.VisualScripting.SettingsProvider.Editor.dll
Symbol file LoadedFromMemory is not a mono symbol file
Symbol file data-0x324afc800 doesn't match image /Users/manaralsatrawi/GameDev/Blackwoods-Curse/BlackwoodsCurse/Library/ScriptAssemblies/Unity.TestTools.CodeCoverage.Editor.OpenCover.Mono.Reflection.dll
Symbol file LoadedFromMemory is not a mono symbol file
Symbol file data-0x1198d8000 doesn't match image /Users/manaralsatrawi/GameDev/Blackwoods-Curse/BlackwoodsCurse/Library/ScriptAssemblies/Unity.VisualScripting.Flow.dll
Symbol file LoadedFromMemory is not a mono symbol file
Symbol file data-0x119798000 doesn't match image /Users/manaralsatrawi/GameDev/Blackwoods-Curse/BlackwoodsCurse/Library/ScriptAssemblies/UnityEditor.UI.dll
Symbol file LoadedFromMemory is not a mono symbol file
Symbol file data-0x1388b8000 doesn't match image /Users/manaralsatrawi/GameDev/Blackwoods-Curse/BlackwoodsCurse/Library/ScriptAssemblies/Unity.InputSystem.dll
Symbol file LoadedFromMemory is not a mono symbol file
Symbol file data-0x138938000 doesn't match image /Users/manaralsatrawi/GameDev/Blackwoods-Curse/BlackwoodsCurse/Library/ScriptAssemblies/Unity.Rider.Editor.dll
Symbol file LoadedFromMemory is not a mono symbol file
Symbol file data-0x119b18000 doesn't match image /Users/manaralsatrawi/GameDev/Blackwoods-Curse/BlackwoodsCurse/Library/ScriptAssemblies/Unity.PlasticSCM.Editor.dll
Symbol file LoadedFromMemory is not a mono symbol file
Symbol file data-0x1198f8000 doesn't match image /Users/manaralsatrawi/GameDev/Blackwoods-Curse/BlackwoodsCurse/Library/ScriptAssemblies/Unity.TestTools.CodeCoverage.Editor.dll
Symbol file LoadedFromMemory is not a mono symbol file
Symbol file data-0x119b58000 doesn't match image /Users/manaralsatrawi/GameDev/Blackwoods-Curse/BlackwoodsCurse/Library/ScriptAssemblies/UnityEngine.UI.dll
Symbol file LoadedFromMemory is not a mono symbol file
Symbol file data-0x324cdc600 doesn't match image /Users/manaralsatrawi/GameDev/Blackwoods-Curse/BlackwoodsCurse/Library/ScriptAssemblies/Unity.InputSystem.TestFramework.dll
Symbol file LoadedFromMemory is not a mono symbol file
Symbol file data-0x324ce8e00 doesn't match image /Users/manaralsatrawi/GameDev/Blackwoods-Curse/BlackwoodsCurse/Library/ScriptAssemblies/Unity.VisualScripting.State.dll
Symbol file LoadedFromMemory is not a mono symbol file
Symbol file data-0x119c08000 doesn't match image /Users/manaralsatrawi/GameDev/Blackwoods-Curse/BlackwoodsCurse/Library/ScriptAssemblies/Unity.VisualScripting.Core.dll
Symbol file LoadedFromMemory is not a mono symbol file
Symbol file data-0x324cdc600 doesn't match image /Users/manaralsatrawi/GameDev/Blackwoods-Curse/BlackwoodsCurse/Library/ScriptAssemblies/Unity.EditorCoroutines.Editor.dll
Symbol file LoadedFromMemory is not a mono symbol file
Native extension for OSXStandalone target not found
Refreshing native plugins compatible for Editor in 0.58 ms, found 2 plugins.
Preloading 0 native plugins for Editor in 0.00 ms.
[Package Manager] Server::EnsureServerProcessIsRunning -- launch failed, reason: Unity was launched with the -noUpm command-line argument
[Package Manager] Cannot connect to Unity Package Manager local server
Mono: successfully reloaded assembly
- Completed reload, in  1.065 seconds
Domain Reload Profiling:
	ReloadAssembly (1065ms)
		BeginReloadAssembly (127ms)
			ExecutionOrderSort (0ms)
			DisableScriptedObjects (3ms)
			BackupInstance (0ms)
			ReleaseScriptingObjects (0ms)
			CreateAndSetChildDomain (49ms)
		EndReloadAssembly (876ms)
			LoadAssemblies (58ms)
			RebuildTransferFunctionScriptingTraits (0ms)
			SetupTypeCache (227ms)
			ReleaseScriptCaches (1ms)
			RebuildScriptCaches (32ms)
			SetupLoadedEditorAssemblies (544ms)
				LogAssemblyErrors (0ms)
				InitializePlatformSupportModulesInManaged (3ms)
				SetLoadedEditorAssemblies (0ms)
				RefreshPlugins (1ms)
				BeforeProcessingInitializeOnLoad (37ms)
				ProcessInitializeOnLoadAttributes (493ms)
				ProcessInitializeOnLoadMethodAttributes (10ms)
				AfterProcessingInitializeOnLoad (1ms)
				EditorAssembliesLoaded (0ms)
			ExecutionOrderSort2 (0ms)
			AwakeInstancesAfterBackupRestoration (2ms)
Platform modules already initialized, skipping
Refreshing native plugins compatible for Editor in 0.50 ms, found 2 plugins.
Preloading 0 native plugins for Editor in 0.00 ms.
Unloading 3509 Unused Serialized files (Serialized files now loaded: 0)
Unloading 34 unused Assets / (22.0 KB). Loaded Objects now: 4067.
Memory consumption went from 211.7 MB to 211.7 MB.
Total: 2.316625 ms (FindLiveObjects: 0.124250 ms CreateObjectMapping: 0.043042 ms MarkObjects: 2.110958 ms  DeleteObjects: 0.037500 ms)

AssetImportParameters requested are different than current active one (requested -> active):
  custom:video-decoder-ogg-theora: a1e56fd34408186e4bbccfd4996cb3dc -> 
  custom:container-muxer-webm: aa71ff27fc2769a1b78a27578f13a17b -> 
  custom:container-demuxer-webm: 4f35f7cbe854078d1ac9338744f61a02 -> 
  custom:video-encoder-webm-vp8: eb34c28f22e8b96e1ab97ce403110664 -> 
  custom:framework-osx-AVFoundation: e770b220cccbd017edd2c1fefb359320 -> 
  custom:CustomObjectIndexerAttribute: bc11b3a6c3213fcdd17b65e7da85e133 -> 
  custom:audio-encoder-webm-vorbis: bf7c407c2cedff20999df2af8eb42d56 -> 
  custom:SearchIndexIgnoredProperties: e643bd26f0fe6173181afceb89e7c659 -> 
  custom:container-demuxer-ogg: 62fdf1f143b41e24485cea50d1cbac27 -> 
  custom:video-decoder-webm-vp8: 9c59270c3fd7afecdb556c50c9e8de78 -> 
  custom:audio-decoder-ogg-vorbis: bf7c407c2cedff20999df2af8eb42d56 -> 
========================================================================
Received Prepare
Registering precompiled user dll's ...
Registered in 0.003164 seconds.
Begin MonoManager ReloadAssembly
Thread 0x17daf7000 may have been prematurely finalized
Symbol file data-0x148018000 doesn't match image /Users/manaralsatrawi/GameDev/Blackwoods-Curse/BlackwoodsCurse/Library/ScriptAssemblies/Unity.VisualScripting.Flow.Editor.dll
Symbol file LoadedFromMemory is not a mono symbol file
Symbol file data-0x1354eec00 doesn't match image /Users/manaralsatrawi/GameDev/Blackwoods-Curse/BlackwoodsCurse/Library/ScriptAssemblies/Unity.VSCode.Editor.dll
Symbol file LoadedFromMemory is not a mono symbol file
Symbol file data-0x1354f8200 doesn't match image /Users/manaralsatrawi/GameDev/Blackwoods-Curse/BlackwoodsCurse/Library/ScriptAssemblies/Unity.VisualScripting.Shared.Editor.dll
Symbol file LoadedFromMemory is not a mono symbol file
Symbol file data-0x1181b0000 doesn't match image /Users/manaralsatrawi/GameDev/Blackwoods-Curse/BlackwoodsCurse/Library/ScriptAssemblies/Unity.TextMeshPro.Editor.dll
Symbol file LoadedFromMemory is not a mono symbol file
Symbol file data-0x129408000 doesn't match image /Users/manaralsatrawi/GameDev/Blackwoods-Curse/BlackwoodsCurse/Library/ScriptAssemblies/Unity.VisualStudio.Editor.dll
Symbol file LoadedFromMemory is not a mono symbol file
Symbol file data-0x1293e8000 doesn't match image /Users/manaralsatrawi/GameDev/Blackwoods-Curse/BlackwoodsCurse/Library/ScriptAssemblies/Unity.Performance.Profile-Analyzer.Editor.dll
Symbol file LoadedFromMemory is not a mono symbol file
Symbol file data-0x122706600 doesn't match image /Users/manaralsatrawi/GameDev/Blackwoods-Curse/BlackwoodsCurse/Library/ScriptAssemblies/Unity.TestTools.CodeCoverage.Editor.OpenCover.Model.dll
Symbol file LoadedFromMemory is not a mono symbol file
Symbol file data-0x12270c600 doesn't match image /Users/manaralsatrawi/GameDev/Blackwoods-Curse/BlackwoodsCurse/Library/ScriptAssemblies/Unity.Settings.Editor.dll
Symbol file LoadedFromMemory is not a mono symbol file
Symbol file data-0x1182a8000 doesn't match image /Users/manaralsatrawi/GameDev/Blackwoods-Curse/BlackwoodsCurse/Library/ScriptAssemblies/Unity.Timeline.Editor.dll
Symbol file LoadedFromMemory is not a mono symbol file
Symbol file data-0x1182f0000 doesn't match image /Users/manaralsatrawi/GameDev/Blackwoods-Curse/BlackwoodsCurse/Library/ScriptAssemblies/Unity.Timeline.dll
Symbol file LoadedFromMemory is not a mono symbol file
Symbol file data-0x150140000 doesn't match image /Users/manaralsatrawi/GameDev/Blackwoods-Curse/BlackwoodsCurse/Library/ScriptAssemblies/Unity.VisualScripting.Core.Editor.dll
Symbol file LoadedFromMemory is not a mono symbol file
Symbol file data-0x129558000 doesn't match image /Users/manaralsatrawi/GameDev/Blackwoods-Curse/BlackwoodsCurse/Library/ScriptAssemblies/Unity.TextMeshPro.dll
Symbol file LoadedFromMemory is not a mono symbol file
Symbol file data-0x1501f8000 doesn't match image /Users/manaralsatrawi/GameDev/Blackwoods-Curse/BlackwoodsCurse/Library/ScriptAssemblies/Unity.VisualScripting.State.Editor.dll
Symbol file LoadedFromMemory is not a mono symbol file
Symbol file data-0x1295a0000 doesn't match image /Users/manaralsatrawi/GameDev/Blackwoods-Curse/BlackwoodsCurse/Library/ScriptAssemblies/MerryYellow.CodeAssist.Editor.dll
Symbol file LoadedFromMemory is not a mono symbol file
Symbol file data-0x122706600 doesn't match image /Users/manaralsatrawi/GameDev/Blackwoods-Curse/BlackwoodsCurse/Library/ScriptAssemblies/Unity.CollabProxy.Editor.dll
Symbol file LoadedFromMemory is not a mono symbol file
Symbol file data-0x140587c00 doesn't match image /Users/manaralsatrawi/GameDev/Blackwoods-Curse/BlackwoodsCurse/Library/ScriptAssemblies/Unity.InputSystem.ForUI.dll
Symbol file LoadedFromMemory is not a mono symbol file
Symbol file data-0x137d39e00 doesn't match image /Users/manaralsatrawi/GameDev/Blackwoods-Curse/BlackwoodsCurse/Library/ScriptAssemblies/Unity.VisualScripting.SettingsProvider.Editor.dll
Symbol file LoadedFromMemory is not a mono symbol file
Symbol file data-0x140138000 doesn't match image /Users/manaralsatrawi/GameDev/Blackwoods-Curse/BlackwoodsCurse/Library/ScriptAssemblies/Unity.TestTools.CodeCoverage.Editor.OpenCover.Mono.Reflection.dll
Symbol file LoadedFromMemory is not a mono symbol file
Symbol file data-0x150158000 doesn't match image /Users/manaralsatrawi/GameDev/Blackwoods-Curse/BlackwoodsCurse/Library/ScriptAssemblies/Unity.VisualScripting.Flow.dll
Symbol file LoadedFromMemory is not a mono symbol file
Symbol file data-0x1501f8000 doesn't match image /Users/manaralsatrawi/GameDev/Blackwoods-Curse/BlackwoodsCurse/Library/ScriptAssemblies/UnityEditor.UI.dll
Symbol file LoadedFromMemory is not a mono symbol file
Symbol file data-0x150278000 doesn't match image /Users/manaralsatrawi/GameDev/Blackwoods-Curse/BlackwoodsCurse/Library/ScriptAssemblies/Unity.InputSystem.dll
Symbol file LoadedFromMemory is not a mono symbol file
Symbol file data-0x1501f8000 doesn't match image /Users/manaralsatrawi/GameDev/Blackwoods-Curse/BlackwoodsCurse/Library/ScriptAssemblies/Unity.Rider.Editor.dll
Symbol file LoadedFromMemory is not a mono symbol file
Symbol file data-0x1390c0000 doesn't match image /Users/manaralsatrawi/GameDev/Blackwoods-Curse/BlackwoodsCurse/Library/ScriptAssemblies/Unity.PlasticSCM.Editor.dll
Symbol file LoadedFromMemory is not a mono symbol file
Symbol file data-0x1501f8000 doesn't match image /Users/manaralsatrawi/GameDev/Blackwoods-Curse/BlackwoodsCurse/Library/ScriptAssemblies/Unity.TestTools.CodeCoverage.Editor.dll
Symbol file LoadedFromMemory is not a mono symbol file
Symbol file data-0x139100000 doesn't match image /Users/manaralsatrawi/GameDev/Blackwoods-Curse/BlackwoodsCurse/Library/ScriptAssemblies/UnityEngine.UI.dll
Symbol file LoadedFromMemory is not a mono symbol file
Symbol file data-0x140138000 doesn't match image /Users/manaralsatrawi/GameDev/Blackwoods-Curse/BlackwoodsCurse/Library/ScriptAssemblies/Unity.InputSystem.TestFramework.dll
Symbol file LoadedFromMemory is not a mono symbol file
Symbol file data-0x1407de400 doesn't match image /Users/manaralsatrawi/GameDev/Blackwoods-Curse/BlackwoodsCurse/Library/ScriptAssemblies/Unity.VisualScripting.State.dll
Symbol file LoadedFromMemory is not a mono symbol file
Symbol file data-0x1503c8000 doesn't match image /Users/manaralsatrawi/GameDev/Blackwoods-Curse/BlackwoodsCurse/Library/ScriptAssemblies/Unity.VisualScripting.Core.dll
Symbol file LoadedFromMemory is not a mono symbol file
Symbol file data-0x140138000 doesn't match image /Users/manaralsatrawi/GameDev/Blackwoods-Curse/BlackwoodsCurse/Library/ScriptAssemblies/Unity.EditorCoroutines.Editor.dll
Symbol file LoadedFromMemory is not a mono symbol file
Native extension for OSXStandalone target not found
Refreshing native plugins compatible for Editor in 0.58 ms, found 2 plugins.
Preloading 0 native plugins for Editor in 0.00 ms.
[Package Manager] Server::EnsureServerProcessIsRunning -- launch failed, reason: Unity was launched with the -noUpm command-line argument
[Package Manager] Cannot connect to Unity Package Manager local server
Mono: successfully reloaded assembly
- Completed reload, in  1.078 seconds
Domain Reload Profiling:
	ReloadAssembly (1079ms)
		BeginReloadAssembly (117ms)
			ExecutionOrderSort (0ms)
			DisableScriptedObjects (4ms)
			BackupInstance (0ms)
			ReleaseScriptingObjects (0ms)
			CreateAndSetChildDomain (50ms)
		EndReloadAssembly (899ms)
			LoadAssemblies (62ms)
			RebuildTransferFunctionScriptingTraits (0ms)
			SetupTypeCache (209ms)
			ReleaseScriptCaches (1ms)
			RebuildScriptCaches (34ms)
			SetupLoadedEditorAssemblies (570ms)
				LogAssemblyErrors (0ms)
				InitializePlatformSupportModulesInManaged (2ms)
				SetLoadedEditorAssemblies (0ms)
				RefreshPlugins (1ms)
				BeforeProcessingInitializeOnLoad (41ms)
				ProcessInitializeOnLoadAttributes (515ms)
				ProcessInitializeOnLoadMethodAttributes (10ms)
				AfterProcessingInitializeOnLoad (1ms)
				EditorAssembliesLoaded (0ms)
			ExecutionOrderSort2 (0ms)
			AwakeInstancesAfterBackupRestoration (2ms)
Platform modules already initialized, skipping
Refreshing native plugins compatible for Editor in 0.52 ms, found 2 plugins.
Preloading 0 native plugins for Editor in 0.00 ms.
Unloading 3509 Unused Serialized files (Serialized files now loaded: 0)
Unloading 34 unused Assets / (21.9 KB). Loaded Objects now: 4070.
Memory consumption went from 211.8 MB to 211.7 MB.
Total: 2.188334 ms (FindLiveObjects: 0.134667 ms CreateObjectMapping: 0.047041 ms MarkObjects: 1.989875 ms  DeleteObjects: 0.016167 ms)

AssetImportParameters requested are different than current active one (requested -> active):
  custom:video-decoder-ogg-theora: a1e56fd34408186e4bbccfd4996cb3dc -> 
  custom:container-muxer-webm: aa71ff27fc2769a1b78a27578f13a17b -> 
  custom:container-demuxer-webm: 4f35f7cbe854078d1ac9338744f61a02 -> 
  custom:video-encoder-webm-vp8: eb34c28f22e8b96e1ab97ce403110664 -> 
  custom:framework-osx-AVFoundation: e770b220cccbd017edd2c1fefb359320 -> 
  custom:CustomObjectIndexerAttribute: bc11b3a6c3213fcdd17b65e7da85e133 -> 
  custom:audio-encoder-webm-vorbis: bf7c407c2cedff20999df2af8eb42d56 -> 
  custom:SearchIndexIgnoredProperties: e643bd26f0fe6173181afceb89e7c659 -> 
  custom:container-demuxer-ogg: 62fdf1f143b41e24485cea50d1cbac27 -> 
  custom:video-decoder-webm-vp8: 9c59270c3fd7afecdb556c50c9e8de78 -> 
  custom:audio-decoder-ogg-vorbis: bf7c407c2cedff20999df2af8eb42d56 -> 
========================================================================
Received Prepare
Registering precompiled user dll's ...
Registered in 0.002342 seconds.
Begin MonoManager ReloadAssembly
Thread 0x17daf7000 may have been prematurely finalized
Symbol file data-0x150690000 doesn't match image /Users/manaralsatrawi/GameDev/Blackwoods-Curse/BlackwoodsCurse/Library/ScriptAssemblies/Unity.VisualScripting.Flow.Editor.dll
Symbol file LoadedFromMemory is not a mono symbol file
Symbol file data-0x140700600 doesn't match image /Users/manaralsatrawi/GameDev/Blackwoods-Curse/BlackwoodsCurse/Library/ScriptAssemblies/Unity.VSCode.Editor.dll
Symbol file LoadedFromMemory is not a mono symbol file
Symbol file data-0x140709c00 doesn't match image /Users/manaralsatrawi/GameDev/Blackwoods-Curse/BlackwoodsCurse/Library/ScriptAssemblies/Unity.VisualScripting.Shared.Editor.dll
Symbol file LoadedFromMemory is not a mono symbol file
Symbol file data-0x150438000 doesn't match image /Users/manaralsatrawi/GameDev/Blackwoods-Curse/BlackwoodsCurse/Library/ScriptAssemblies/Unity.TextMeshPro.Editor.dll
Symbol file LoadedFromMemory is not a mono symbol file
Symbol file data-0x150470000 doesn't match image /Users/manaralsatrawi/GameDev/Blackwoods-Curse/BlackwoodsCurse/Library/ScriptAssemblies/Unity.VisualStudio.Editor.dll
Symbol file LoadedFromMemory is not a mono symbol file
Symbol file data-0x1506d0000 doesn't match image /Users/manaralsatrawi/GameDev/Blackwoods-Curse/BlackwoodsCurse/Library/ScriptAssemblies/Unity.Performance.Profile-Analyzer.Editor.dll
Symbol file LoadedFromMemory is not a mono symbol file
Symbol file data-0x14070f800 doesn't match image /Users/manaralsatrawi/GameDev/Blackwoods-Curse/BlackwoodsCurse/Library/ScriptAssemblies/Unity.TestTools.CodeCoverage.Editor.OpenCover.Model.dll
Symbol file LoadedFromMemory is not a mono symbol file
Symbol file data-0x140715800 doesn't match image /Users/manaralsatrawi/GameDev/Blackwoods-Curse/BlackwoodsCurse/Library/ScriptAssemblies/Unity.Settings.Editor.dll
Symbol file LoadedFromMemory is not a mono symbol file
Symbol file data-0x150798000 doesn't match image /Users/manaralsatrawi/GameDev/Blackwoods-Curse/BlackwoodsCurse/Library/ScriptAssemblies/Unity.Timeline.Editor.dll
Symbol file LoadedFromMemory is not a mono symbol file
Symbol file data-0x150480000 doesn't match image /Users/manaralsatrawi/GameDev/Blackwoods-Curse/BlackwoodsCurse/Library/ScriptAssemblies/Unity.Timeline.dll
Symbol file LoadedFromMemory is not a mono symbol file
Symbol file data-0x150908000 doesn't match image /Users/manaralsatrawi/GameDev/Blackwoods-Curse/BlackwoodsCurse/Library/ScriptAssemblies/Unity.VisualScripting.Core.Editor.dll
Symbol file LoadedFromMemory is not a mono symbol file
Symbol file data-0x150798000 doesn't match image /Users/manaralsatrawi/GameDev/Blackwoods-Curse/BlackwoodsCurse/Library/ScriptAssemblies/Unity.TextMeshPro.dll
Symbol file LoadedFromMemory is not a mono symbol file
Symbol file data-0x150480000 doesn't match image /Users/manaralsatrawi/GameDev/Blackwoods-Curse/BlackwoodsCurse/Library/ScriptAssemblies/Unity.VisualScripting.State.Editor.dll
Symbol file LoadedFromMemory is not a mono symbol file
Symbol file data-0x150480000 doesn't match image /Users/manaralsatrawi/GameDev/Blackwoods-Curse/BlackwoodsCurse/Library/ScriptAssemblies/MerryYellow.CodeAssist.Editor.dll
Symbol file LoadedFromMemory is not a mono symbol file
Symbol file data-0x140712c00 doesn't match image /Users/manaralsatrawi/GameDev/Blackwoods-Curse/BlackwoodsCurse/Library/ScriptAssemblies/Unity.CollabProxy.Editor.dll
Symbol file LoadedFromMemory is not a mono symbol file
Symbol file data-0x140718600 doesn't match image /Users/manaralsatrawi/GameDev/Blackwoods-Curse/BlackwoodsCurse/Library/ScriptAssemblies/Unity.InputSystem.ForUI.dll
Symbol file LoadedFromMemory is not a mono symbol file
Symbol file data-0x14071c600 doesn't match image /Users/manaralsatrawi/GameDev/Blackwoods-Curse/BlackwoodsCurse/Library/ScriptAssemblies/Unity.VisualScripting.SettingsProvider.Editor.dll
Symbol file LoadedFromMemory is not a mono symbol file
Symbol file data-0x140718600 doesn't match image /Users/manaralsatrawi/GameDev/Blackwoods-Curse/BlackwoodsCurse/Library/ScriptAssemblies/Unity.TestTools.CodeCoverage.Editor.OpenCover.Mono.Reflection.dll
Symbol file LoadedFromMemory is not a mono symbol file
Symbol file data-0x150a18000 doesn't match image /Users/manaralsatrawi/GameDev/Blackwoods-Curse/BlackwoodsCurse/Library/ScriptAssemblies/Unity.VisualScripting.Flow.dll
Symbol file LoadedFromMemory is not a mono symbol file
Symbol file data-0x150950000 doesn't match image /Users/manaralsatrawi/GameDev/Blackwoods-Curse/BlackwoodsCurse/Library/ScriptAssemblies/UnityEditor.UI.dll
Symbol file LoadedFromMemory is not a mono symbol file
Symbol file data-0x150b88000 doesn't match image /Users/manaralsatrawi/GameDev/Blackwoods-Curse/BlackwoodsCurse/Library/ScriptAssemblies/Unity.InputSystem.dll
Symbol file LoadedFromMemory is not a mono symbol file
Symbol file data-0x150950000 doesn't match image /Users/manaralsatrawi/GameDev/Blackwoods-Curse/BlackwoodsCurse/Library/ScriptAssemblies/Unity.Rider.Editor.dll
Symbol file LoadedFromMemory is not a mono symbol file
Symbol file data-0x150b88000 doesn't match image /Users/manaralsatrawi/GameDev/Blackwoods-Curse/BlackwoodsCurse/Library/ScriptAssemblies/Unity.PlasticSCM.Editor.dll
Symbol file LoadedFromMemory is not a mono symbol file
Symbol file data-0x150950000 doesn't match image /Users/manaralsatrawi/GameDev/Blackwoods-Curse/BlackwoodsCurse/Library/ScriptAssemblies/Unity.TestTools.CodeCoverage.Editor.dll
Symbol file LoadedFromMemory is not a mono symbol file
Symbol file data-0x150ca8000 doesn't match image /Users/manaralsatrawi/GameDev/Blackwoods-Curse/BlackwoodsCurse/Library/ScriptAssemblies/UnityEngine.UI.dll
Symbol file LoadedFromMemory is not a mono symbol file
Symbol file data-0x140721600 doesn't match image /Users/manaralsatrawi/GameDev/Blackwoods-Curse/BlackwoodsCurse/Library/ScriptAssemblies/Unity.InputSystem.TestFramework.dll
Symbol file LoadedFromMemory is not a mono symbol file
Symbol file data-0x1406b0600 doesn't match image /Users/manaralsatrawi/GameDev/Blackwoods-Curse/BlackwoodsCurse/Library/ScriptAssemblies/Unity.VisualScripting.State.dll
Symbol file LoadedFromMemory is not a mono symbol file
Symbol file data-0x150d58000 doesn't match image /Users/manaralsatrawi/GameDev/Blackwoods-Curse/BlackwoodsCurse/Library/ScriptAssemblies/Unity.VisualScripting.Core.dll
Symbol file LoadedFromMemory is not a mono symbol file
Symbol file data-0x1406b2200 doesn't match image /Users/manaralsatrawi/GameDev/Blackwoods-Curse/BlackwoodsCurse/Library/ScriptAssemblies/Unity.EditorCoroutines.Editor.dll
Symbol file LoadedFromMemory is not a mono symbol file
Native extension for OSXStandalone target not found
Refreshing native plugins compatible for Editor in 0.45 ms, found 2 plugins.
Preloading 0 native plugins for Editor in 0.00 ms.
[Package Manager] Server::EnsureServerProcessIsRunning -- launch failed, reason: Unity was launched with the -noUpm command-line argument
[Package Manager] Cannot connect to Unity Package Manager local server
Mono: successfully reloaded assembly
- Completed reload, in  1.185 seconds
Domain Reload Profiling:
	ReloadAssembly (1185ms)
		BeginReloadAssembly (147ms)
			ExecutionOrderSort (0ms)
			DisableScriptedObjects (4ms)
			BackupInstance (0ms)
			ReleaseScriptingObjects (0ms)
			CreateAndSetChildDomain (69ms)
		EndReloadAssembly (977ms)
			LoadAssemblies (56ms)
			RebuildTransferFunctionScriptingTraits (0ms)
			SetupTypeCache (295ms)
			ReleaseScriptCaches (1ms)
			RebuildScriptCaches (30ms)
			SetupLoadedEditorAssemblies (578ms)
				LogAssemblyErrors (0ms)
				InitializePlatformSupportModulesInManaged (2ms)
				SetLoadedEditorAssemblies (0ms)
				RefreshPlugins (0ms)
				BeforeProcessingInitializeOnLoad (38ms)
				ProcessInitializeOnLoadAttributes (527ms)
				ProcessInitializeOnLoadMethodAttributes (10ms)
				AfterProcessingInitializeOnLoad (1ms)
				EditorAssembliesLoaded (0ms)
			ExecutionOrderSort2 (0ms)
			AwakeInstancesAfterBackupRestoration (2ms)
Platform modules already initialized, skipping
Refreshing native plugins compatible for Editor in 0.49 ms, found 2 plugins.
Preloading 0 native plugins for Editor in 0.00 ms.
Unloading 3509 Unused Serialized files (Serialized files now loaded: 0)
Unloading 34 unused Assets / (22.0 KB). Loaded Objects now: 4073.
Memory consumption went from 211.8 MB to 211.7 MB.
Total: 2.263708 ms (FindLiveObjects: 0.138000 ms CreateObjectMapping: 0.045334 ms MarkObjects: 2.058834 ms  DeleteObjects: 0.021083 ms)

AssetImportParameters requested are different than current active one (requested -> active):
  custom:video-decoder-ogg-theora: a1e56fd34408186e4bbccfd4996cb3dc -> 
  custom:container-muxer-webm: aa71ff27fc2769a1b78a27578f13a17b -> 
  custom:container-demuxer-webm: 4f35f7cbe854078d1ac9338744f61a02 -> 
  custom:video-encoder-webm-vp8: eb34c28f22e8b96e1ab97ce403110664 -> 
  custom:framework-osx-AVFoundation: e770b220cccbd017edd2c1fefb359320 -> 
  custom:CustomObjectIndexerAttribute: bc11b3a6c3213fcdd17b65e7da85e133 -> 
  custom:audio-encoder-webm-vorbis: bf7c407c2cedff20999df2af8eb42d56 -> 
  custom:SearchIndexIgnoredProperties: e643bd26f0fe6173181afceb89e7c659 -> 
  custom:container-demuxer-ogg: 62fdf1f143b41e24485cea50d1cbac27 -> 
  custom:video-decoder-webm-vp8: 9c59270c3fd7afecdb556c50c9e8de78 -> 
  custom:audio-decoder-ogg-vorbis: bf7c407c2cedff20999df2af8eb42d56 -> 
========================================================================
Received Prepare
Registering precompiled user dll's ...
Registered in 0.003186 seconds.
Begin MonoManager ReloadAssembly
Thread 0x17daf7000 may have been prematurely finalized
Symbol file data-0x150578000 doesn't match image /Users/manaralsatrawi/GameDev/Blackwoods-Curse/BlackwoodsCurse/Library/ScriptAssemblies/Unity.VisualScripting.Flow.Editor.dll
Symbol file LoadedFromMemory is not a mono symbol file
Symbol file data-0x324dfa800 doesn't match image /Users/manaralsatrawi/GameDev/Blackwoods-Curse/BlackwoodsCurse/Library/ScriptAssemblies/Unity.VSCode.Editor.dll
Symbol file LoadedFromMemory is not a mono symbol file
Symbol file data-0x324dc4a00 doesn't match image /Users/manaralsatrawi/GameDev/Blackwoods-Curse/BlackwoodsCurse/Library/ScriptAssemblies/Unity.VisualScripting.Shared.Editor.dll
Symbol file LoadedFromMemory is not a mono symbol file
Symbol file data-0x150598000 doesn't match image /Users/manaralsatrawi/GameDev/Blackwoods-Curse/BlackwoodsCurse/Library/ScriptAssemblies/Unity.TextMeshPro.Editor.dll
Symbol file LoadedFromMemory is not a mono symbol file
Symbol file data-0x1505b0000 doesn't match image /Users/manaralsatrawi/GameDev/Blackwoods-Curse/BlackwoodsCurse/Library/ScriptAssemblies/Unity.VisualStudio.Editor.dll
Symbol file LoadedFromMemory is not a mono symbol file
Symbol file data-0x1506a0000 doesn't match image /Users/manaralsatrawi/GameDev/Blackwoods-Curse/BlackwoodsCurse/Library/ScriptAssemblies/Unity.Performance.Profile-Analyzer.Editor.dll
Symbol file LoadedFromMemory is not a mono symbol file
Symbol file data-0x324dca600 doesn't match image /Users/manaralsatrawi/GameDev/Blackwoods-Curse/BlackwoodsCurse/Library/ScriptAssemblies/Unity.TestTools.CodeCoverage.Editor.OpenCover.Model.dll
Symbol file LoadedFromMemory is not a mono symbol file
Symbol file data-0x324dd0600 doesn't match image /Users/manaralsatrawi/GameDev/Blackwoods-Curse/BlackwoodsCurse/Library/ScriptAssemblies/Unity.Settings.Editor.dll
Symbol file LoadedFromMemory is not a mono symbol file
Symbol file data-0x150768000 doesn't match image /Users/manaralsatrawi/GameDev/Blackwoods-Curse/BlackwoodsCurse/Library/ScriptAssemblies/Unity.Timeline.Editor.dll
Symbol file LoadedFromMemory is not a mono symbol file
Symbol file data-0x1507d8000 doesn't match image /Users/manaralsatrawi/GameDev/Blackwoods-Curse/BlackwoodsCurse/Library/ScriptAssemblies/Unity.Timeline.dll
Symbol file LoadedFromMemory is not a mono symbol file
Symbol file data-0x1508f0000 doesn't match image /Users/manaralsatrawi/GameDev/Blackwoods-Curse/BlackwoodsCurse/Library/ScriptAssemblies/Unity.VisualScripting.Core.Editor.dll
Symbol file LoadedFromMemory is not a mono symbol file
Symbol file data-0x150768000 doesn't match image /Users/manaralsatrawi/GameDev/Blackwoods-Curse/BlackwoodsCurse/Library/ScriptAssemblies/Unity.TextMeshPro.dll
Symbol file LoadedFromMemory is not a mono symbol file
Symbol file data-0x1505b8000 doesn't match image /Users/manaralsatrawi/GameDev/Blackwoods-Curse/BlackwoodsCurse/Library/ScriptAssemblies/Unity.VisualScripting.State.Editor.dll
Symbol file LoadedFromMemory is not a mono symbol file
Symbol file data-0x1505b8000 doesn't match image /Users/manaralsatrawi/GameDev/Blackwoods-Curse/BlackwoodsCurse/Library/ScriptAssemblies/MerryYellow.CodeAssist.Editor.dll
Symbol file LoadedFromMemory is not a mono symbol file
Symbol file data-0x324dca600 doesn't match image /Users/manaralsatrawi/GameDev/Blackwoods-Curse/BlackwoodsCurse/Library/ScriptAssemblies/Unity.CollabProxy.Editor.dll
Symbol file LoadedFromMemory is not a mono symbol file
Symbol file data-0x324dfa800 doesn't match image /Users/manaralsatrawi/GameDev/Blackwoods-Curse/BlackwoodsCurse/Library/ScriptAssemblies/Unity.InputSystem.ForUI.dll
Symbol file LoadedFromMemory is not a mono symbol file
Symbol file data-0x324fcca00 doesn't match image /Users/manaralsatrawi/GameDev/Blackwoods-Curse/BlackwoodsCurse/Library/ScriptAssemblies/Unity.VisualScripting.SettingsProvider.Editor.dll
Symbol file LoadedFromMemory is not a mono symbol file
Symbol file data-0x324fcca00 doesn't match image /Users/manaralsatrawi/GameDev/Blackwoods-Curse/BlackwoodsCurse/Library/ScriptAssemblies/Unity.TestTools.CodeCoverage.Editor.OpenCover.Mono.Reflection.dll
Symbol file LoadedFromMemory is not a mono symbol file
Symbol file data-0x150a00000 doesn't match image /Users/manaralsatrawi/GameDev/Blackwoods-Curse/BlackwoodsCurse/Library/ScriptAssemblies/Unity.VisualScripting.Flow.dll
Symbol file LoadedFromMemory is not a mono symbol file
Symbol file data-0x138a40000 doesn't match image /Users/manaralsatrawi/GameDev/Blackwoods-Curse/BlackwoodsCurse/Library/ScriptAssemblies/UnityEditor.UI.dll
Symbol file LoadedFromMemory is not a mono symbol file
Symbol file data-0x138bc0000 doesn't match image /Users/manaralsatrawi/GameDev/Blackwoods-Curse/BlackwoodsCurse/Library/ScriptAssemblies/Unity.InputSystem.dll
Symbol file LoadedFromMemory is not a mono symbol file
Symbol file data-0x138a40000 doesn't match image /Users/manaralsatrawi/GameDev/Blackwoods-Curse/BlackwoodsCurse/Library/ScriptAssemblies/Unity.Rider.Editor.dll
Symbol file LoadedFromMemory is not a mono symbol file
Symbol file data-0x138bc0000 doesn't match image /Users/manaralsatrawi/GameDev/Blackwoods-Curse/BlackwoodsCurse/Library/ScriptAssemblies/Unity.PlasticSCM.Editor.dll
Symbol file LoadedFromMemory is not a mono symbol file
Symbol file data-0x138a40000 doesn't match image /Users/manaralsatrawi/GameDev/Blackwoods-Curse/BlackwoodsCurse/Library/ScriptAssemblies/Unity.TestTools.CodeCoverage.Editor.dll
Symbol file LoadedFromMemory is not a mono symbol file
Symbol file data-0x138ce0000 doesn't match image /Users/manaralsatrawi/GameDev/Blackwoods-Curse/BlackwoodsCurse/Library/ScriptAssemblies/UnityEngine.UI.dll
Symbol file LoadedFromMemory is not a mono symbol file
Symbol file data-0x166546c00 doesn't match image /Users/manaralsatrawi/GameDev/Blackwoods-Curse/BlackwoodsCurse/Library/ScriptAssemblies/Unity.InputSystem.TestFramework.dll
Symbol file LoadedFromMemory is not a mono symbol file
Symbol file data-0x1664e0a00 doesn't match image /Users/manaralsatrawi/GameDev/Blackwoods-Curse/BlackwoodsCurse/Library/ScriptAssemblies/Unity.VisualScripting.State.dll
Symbol file LoadedFromMemory is not a mono symbol file
Symbol file data-0x138d90000 doesn't match image /Users/manaralsatrawi/GameDev/Blackwoods-Curse/BlackwoodsCurse/Library/ScriptAssemblies/Unity.VisualScripting.Core.dll
Symbol file LoadedFromMemory is not a mono symbol file
Symbol file data-0x16630e200 doesn't match image /Users/manaralsatrawi/GameDev/Blackwoods-Curse/BlackwoodsCurse/Library/ScriptAssemblies/Unity.EditorCoroutines.Editor.dll
Symbol file LoadedFromMemory is not a mono symbol file
Native extension for OSXStandalone target not found
Refreshing native plugins compatible for Editor in 0.55 ms, found 2 plugins.
Preloading 0 native plugins for Editor in 0.00 ms.
[Package Manager] Server::EnsureServerProcessIsRunning -- launch failed, reason: Unity was launched with the -noUpm command-line argument
[Package Manager] Cannot connect to Unity Package Manager local server
Mono: successfully reloaded assembly
- Completed reload, in  1.229 seconds
Domain Reload Profiling:
	ReloadAssembly (1229ms)
		BeginReloadAssembly (158ms)
			ExecutionOrderSort (0ms)
			DisableScriptedObjects (4ms)
			BackupInstance (0ms)
			ReleaseScriptingObjects (0ms)
			CreateAndSetChildDomain (78ms)
		EndReloadAssembly (1010ms)
			LoadAssemblies (59ms)
			RebuildTransferFunctionScriptingTraits (0ms)
			SetupTypeCache (270ms)
			ReleaseScriptCaches (1ms)
			RebuildScriptCaches (27ms)
			SetupLoadedEditorAssemblies (640ms)
				LogAssemblyErrors (0ms)
				InitializePlatformSupportModulesInManaged (2ms)
				SetLoadedEditorAssemblies (4ms)
				RefreshPlugins (1ms)
				BeforeProcessingInitializeOnLoad (62ms)
				ProcessInitializeOnLoadAttributes (559ms)
				ProcessInitializeOnLoadMethodAttributes (11ms)
				AfterProcessingInitializeOnLoad (1ms)
				EditorAssembliesLoaded (0ms)
			ExecutionOrderSort2 (0ms)
			AwakeInstancesAfterBackupRestoration (2ms)
Platform modules already initialized, skipping
Refreshing native plugins compatible for Editor in 0.51 ms, found 2 plugins.
Preloading 0 native plugins for Editor in 0.00 ms.
Unloading 3509 Unused Serialized files (Serialized files now loaded: 0)
Unloading 34 unused Assets / (21.9 KB). Loaded Objects now: 4076.
Memory consumption went from 211.8 MB to 211.7 MB.
Total: 2.434292 ms (FindLiveObjects: 0.156208 ms CreateObjectMapping: 0.049208 ms MarkObjects: 2.193042 ms  DeleteObjects: 0.035083 ms)

AssetImportParameters requested are different than current active one (requested -> active):
  custom:video-decoder-ogg-theora: a1e56fd34408186e4bbccfd4996cb3dc -> 
  custom:container-muxer-webm: aa71ff27fc2769a1b78a27578f13a17b -> 
  custom:container-demuxer-webm: 4f35f7cbe854078d1ac9338744f61a02 -> 
  custom:video-encoder-webm-vp8: eb34c28f22e8b96e1ab97ce403110664 -> 
  custom:framework-osx-AVFoundation: e770b220cccbd017edd2c1fefb359320 -> 
  custom:CustomObjectIndexerAttribute: bc11b3a6c3213fcdd17b65e7da85e133 -> 
  custom:audio-encoder-webm-vorbis: bf7c407c2cedff20999df2af8eb42d56 -> 
  custom:SearchIndexIgnoredProperties: e643bd26f0fe6173181afceb89e7c659 -> 
  custom:container-demuxer-ogg: 62fdf1f143b41e24485cea50d1cbac27 -> 
  custom:video-decoder-webm-vp8: 9c59270c3fd7afecdb556c50c9e8de78 -> 
  custom:audio-decoder-ogg-vorbis: bf7c407c2cedff20999df2af8eb42d56 -> 
========================================================================
Received Prepare
Registering precompiled user dll's ...
Registered in 0.002705 seconds.
Begin MonoManager ReloadAssembly
Thread 0x17daf7000 may have been prematurely finalized
Symbol file data-0x1396d8000 doesn't match image /Users/manaralsatrawi/GameDev/Blackwoods-Curse/BlackwoodsCurse/Library/ScriptAssemblies/Unity.VisualScripting.Flow.Editor.dll
Symbol file LoadedFromMemory is not a mono symbol file
Symbol file data-0x122253600 doesn't match image /Users/manaralsatrawi/GameDev/Blackwoods-Curse/BlackwoodsCurse/Library/ScriptAssemblies/Unity.VSCode.Editor.dll
Symbol file LoadedFromMemory is not a mono symbol file
Symbol file data-0x12225cc00 doesn't match image /Users/manaralsatrawi/GameDev/Blackwoods-Curse/BlackwoodsCurse/Library/ScriptAssemblies/Unity.VisualScripting.Shared.Editor.dll
Symbol file LoadedFromMemory is not a mono symbol file
Symbol file data-0x139730000 doesn't match image /Users/manaralsatrawi/GameDev/Blackwoods-Curse/BlackwoodsCurse/Library/ScriptAssemblies/Unity.TextMeshPro.Editor.dll
Symbol file LoadedFromMemory is not a mono symbol file
Symbol file data-0x139748000 doesn't match image /Users/manaralsatrawi/GameDev/Blackwoods-Curse/BlackwoodsCurse/Library/ScriptAssemblies/Unity.VisualStudio.Editor.dll
Symbol file LoadedFromMemory is not a mono symbol file
Symbol file data-0x139798000 doesn't match image /Users/manaralsatrawi/GameDev/Blackwoods-Curse/BlackwoodsCurse/Library/ScriptAssemblies/Unity.Performance.Profile-Analyzer.Editor.dll
Symbol file LoadedFromMemory is not a mono symbol file
Symbol file data-0x122262800 doesn't match image /Users/manaralsatrawi/GameDev/Blackwoods-Curse/BlackwoodsCurse/Library/ScriptAssemblies/Unity.TestTools.CodeCoverage.Editor.OpenCover.Model.dll
Symbol file LoadedFromMemory is not a mono symbol file
Symbol file data-0x13610fc00 doesn't match image /Users/manaralsatrawi/GameDev/Blackwoods-Curse/BlackwoodsCurse/Library/ScriptAssemblies/Unity.Settings.Editor.dll
Symbol file LoadedFromMemory is not a mono symbol file
Symbol file data-0x128fe8000 doesn't match image /Users/manaralsatrawi/GameDev/Blackwoods-Curse/BlackwoodsCurse/Library/ScriptAssemblies/Unity.Timeline.Editor.dll
Symbol file LoadedFromMemory is not a mono symbol file
Symbol file data-0x129058000 doesn't match image /Users/manaralsatrawi/GameDev/Blackwoods-Curse/BlackwoodsCurse/Library/ScriptAssemblies/Unity.Timeline.dll
Symbol file LoadedFromMemory is not a mono symbol file
Symbol file data-0x129170000 doesn't match image /Users/manaralsatrawi/GameDev/Blackwoods-Curse/BlackwoodsCurse/Library/ScriptAssemblies/Unity.VisualScripting.Core.Editor.dll
Symbol file LoadedFromMemory is not a mono symbol file
Symbol file data-0x128fe8000 doesn't match image /Users/manaralsatrawi/GameDev/Blackwoods-Curse/BlackwoodsCurse/Library/ScriptAssemblies/Unity.TextMeshPro.dll
Symbol file LoadedFromMemory is not a mono symbol file
Symbol file data-0x129058000 doesn't match image /Users/manaralsatrawi/GameDev/Blackwoods-Curse/BlackwoodsCurse/Library/ScriptAssemblies/Unity.VisualScripting.State.Editor.dll
Symbol file LoadedFromMemory is not a mono symbol file
Symbol file data-0x129058000 doesn't match image /Users/manaralsatrawi/GameDev/Blackwoods-Curse/BlackwoodsCurse/Library/ScriptAssemblies/MerryYellow.CodeAssist.Editor.dll
Symbol file LoadedFromMemory is not a mono symbol file
Symbol file data-0x13610fc00 doesn't match image /Users/manaralsatrawi/GameDev/Blackwoods-Curse/BlackwoodsCurse/Library/ScriptAssemblies/Unity.CollabProxy.Editor.dll
Symbol file LoadedFromMemory is not a mono symbol file
Symbol file data-0x1360cf800 doesn't match image /Users/manaralsatrawi/GameDev/Blackwoods-Curse/BlackwoodsCurse/Library/ScriptAssemblies/Unity.InputSystem.ForUI.dll
Symbol file LoadedFromMemory is not a mono symbol file
Symbol file data-0x13610fc00 doesn't match image /Users/manaralsatrawi/GameDev/Blackwoods-Curse/BlackwoodsCurse/Library/ScriptAssemblies/Unity.VisualScripting.SettingsProvider.Editor.dll
Symbol file LoadedFromMemory is not a mono symbol file
Symbol file data-0x13610fc00 doesn't match image /Users/manaralsatrawi/GameDev/Blackwoods-Curse/BlackwoodsCurse/Library/ScriptAssemblies/Unity.TestTools.CodeCoverage.Editor.OpenCover.Mono.Reflection.dll
Symbol file LoadedFromMemory is not a mono symbol file
Symbol file data-0x129280000 doesn't match image /Users/manaralsatrawi/GameDev/Blackwoods-Curse/BlackwoodsCurse/Library/ScriptAssemblies/Unity.VisualScripting.Flow.dll
Symbol file LoadedFromMemory is not a mono symbol file
Symbol file data-0x1291b8000 doesn't match image /Users/manaralsatrawi/GameDev/Blackwoods-Curse/BlackwoodsCurse/Library/ScriptAssemblies/UnityEditor.UI.dll
Symbol file LoadedFromMemory is not a mono symbol file
Symbol file data-0x1293f0000 doesn't match image /Users/manaralsatrawi/GameDev/Blackwoods-Curse/BlackwoodsCurse/Library/ScriptAssemblies/Unity.InputSystem.dll
Symbol file LoadedFromMemory is not a mono symbol file
Symbol file data-0x1291b8000 doesn't match image /Users/manaralsatrawi/GameDev/Blackwoods-Curse/BlackwoodsCurse/Library/ScriptAssemblies/Unity.Rider.Editor.dll
Symbol file LoadedFromMemory is not a mono symbol file
Symbol file data-0x1293f0000 doesn't match image /Users/manaralsatrawi/GameDev/Blackwoods-Curse/BlackwoodsCurse/Library/ScriptAssemblies/Unity.PlasticSCM.Editor.dll
Symbol file LoadedFromMemory is not a mono symbol file
Symbol file data-0x1291b8000 doesn't match image /Users/manaralsatrawi/GameDev/Blackwoods-Curse/BlackwoodsCurse/Library/ScriptAssemblies/Unity.TestTools.CodeCoverage.Editor.dll
Symbol file LoadedFromMemory is not a mono symbol file
Symbol file data-0x129510000 doesn't match image /Users/manaralsatrawi/GameDev/Blackwoods-Curse/BlackwoodsCurse/Library/ScriptAssemblies/UnityEngine.UI.dll
Symbol file LoadedFromMemory is not a mono symbol file
Symbol file data-0x1360d8c00 doesn't match image /Users/manaralsatrawi/GameDev/Blackwoods-Curse/BlackwoodsCurse/Library/ScriptAssemblies/Unity.InputSystem.TestFramework.dll
Symbol file LoadedFromMemory is not a mono symbol file
Symbol file data-0x13606ba00 doesn't match image /Users/manaralsatrawi/GameDev/Blackwoods-Curse/BlackwoodsCurse/Library/ScriptAssemblies/Unity.VisualScripting.State.dll
Symbol file LoadedFromMemory is not a mono symbol file
Symbol file data-0x1295c0000 doesn't match image /Users/manaralsatrawi/GameDev/Blackwoods-Curse/BlackwoodsCurse/Library/ScriptAssemblies/Unity.VisualScripting.Core.dll
Symbol file LoadedFromMemory is not a mono symbol file
Symbol file data-0x13610fc00 doesn't match image /Users/manaralsatrawi/GameDev/Blackwoods-Curse/BlackwoodsCurse/Library/ScriptAssemblies/Unity.EditorCoroutines.Editor.dll
Symbol file LoadedFromMemory is not a mono symbol file
Native extension for OSXStandalone target not found
Refreshing native plugins compatible for Editor in 0.84 ms, found 2 plugins.
Preloading 0 native plugins for Editor in 0.00 ms.
[Package Manager] Server::EnsureServerProcessIsRunning -- launch failed, reason: Unity was launched with the -noUpm command-line argument
[Package Manager] Cannot connect to Unity Package Manager local server
Mono: successfully reloaded assembly
- Completed reload, in  1.111 seconds
Domain Reload Profiling:
	ReloadAssembly (1111ms)
		BeginReloadAssembly (108ms)
			ExecutionOrderSort (0ms)
			DisableScriptedObjects (3ms)
			BackupInstance (0ms)
			ReleaseScriptingObjects (0ms)
			CreateAndSetChildDomain (44ms)
		EndReloadAssembly (930ms)
			LoadAssemblies (51ms)
			RebuildTransferFunctionScriptingTraits (0ms)
			SetupTypeCache (245ms)
			ReleaseScriptCaches (7ms)
			RebuildScriptCaches (28ms)
			SetupLoadedEditorAssemblies (579ms)
				LogAssemblyErrors (0ms)
				InitializePlatformSupportModulesInManaged (2ms)
				SetLoadedEditorAssemblies (0ms)
				RefreshPlugins (1ms)
				BeforeProcessingInitializeOnLoad (39ms)
				ProcessInitializeOnLoadAttributes (526ms)
				ProcessInitializeOnLoadMethodAttributes (10ms)
				AfterProcessingInitializeOnLoad (1ms)
				EditorAssembliesLoaded (0ms)
			ExecutionOrderSort2 (0ms)
			AwakeInstancesAfterBackupRestoration (2ms)
Platform modules already initialized, skipping
Refreshing native plugins compatible for Editor in 0.51 ms, found 2 plugins.
Preloading 0 native plugins for Editor in 0.00 ms.
Unloading 3509 Unused Serialized files (Serialized files now loaded: 0)
Unloading 34 unused Assets / (22.0 KB). Loaded Objects now: 4079.
Memory consumption went from 211.8 MB to 211.7 MB.
Total: 2.210792 ms (FindLiveObjects: 0.147459 ms CreateObjectMapping: 0.054750 ms MarkObjects: 1.990791 ms  DeleteObjects: 0.017209 ms)

AssetImportParameters requested are different than current active one (requested -> active):
  custom:video-decoder-ogg-theora: a1e56fd34408186e4bbccfd4996cb3dc -> 
  custom:container-muxer-webm: aa71ff27fc2769a1b78a27578f13a17b -> 
  custom:container-demuxer-webm: 4f35f7cbe854078d1ac9338744f61a02 -> 
  custom:video-encoder-webm-vp8: eb34c28f22e8b96e1ab97ce403110664 -> 
  custom:framework-osx-AVFoundation: e770b220cccbd017edd2c1fefb359320 -> 
  custom:CustomObjectIndexerAttribute: bc11b3a6c3213fcdd17b65e7da85e133 -> 
  custom:audio-encoder-webm-vorbis: bf7c407c2cedff20999df2af8eb42d56 -> 
  custom:SearchIndexIgnoredProperties: e643bd26f0fe6173181afceb89e7c659 -> 
  custom:container-demuxer-ogg: 62fdf1f143b41e24485cea50d1cbac27 -> 
  custom:video-decoder-webm-vp8: 9c59270c3fd7afecdb556c50c9e8de78 -> 
  custom:audio-decoder-ogg-vorbis: bf7c407c2cedff20999df2af8eb42d56 -> 
========================================================================
Received Prepare
Registering precompiled user dll's ...
Registered in 0.002813 seconds.
Begin MonoManager ReloadAssembly
Thread 0x17daf7000 may have been prematurely finalized
Symbol file data-0x12b0f8000 doesn't match image /Users/manaralsatrawi/GameDev/Blackwoods-Curse/BlackwoodsCurse/Library/ScriptAssemblies/Unity.VisualScripting.Flow.Editor.dll
Symbol file LoadedFromMemory is not a mono symbol file
Symbol file data-0x324fbae00 doesn't match image /Users/manaralsatrawi/GameDev/Blackwoods-Curse/BlackwoodsCurse/Library/ScriptAssemblies/Unity.VSCode.Editor.dll
Symbol file LoadedFromMemory is not a mono symbol file
Symbol file data-0x324e1cc00 doesn't match image /Users/manaralsatrawi/GameDev/Blackwoods-Curse/BlackwoodsCurse/Library/ScriptAssemblies/Unity.VisualScripting.Shared.Editor.dll
Symbol file LoadedFromMemory is not a mono symbol file
Symbol file data-0x12b150000 doesn't match image /Users/manaralsatrawi/GameDev/Blackwoods-Curse/BlackwoodsCurse/Library/ScriptAssemblies/Unity.TextMeshPro.Editor.dll
Symbol file LoadedFromMemory is not a mono symbol file
Symbol file data-0x12b168000 doesn't match image /Users/manaralsatrawi/GameDev/Blackwoods-Curse/BlackwoodsCurse/Library/ScriptAssemblies/Unity.VisualStudio.Editor.dll
Symbol file LoadedFromMemory is not a mono symbol file
Symbol file data-0x12b1b8000 doesn't match image /Users/manaralsatrawi/GameDev/Blackwoods-Curse/BlackwoodsCurse/Library/ScriptAssemblies/Unity.Performance.Profile-Analyzer.Editor.dll
Symbol file LoadedFromMemory is not a mono symbol file
Symbol file data-0x324e1cc00 doesn't match image /Users/manaralsatrawi/GameDev/Blackwoods-Curse/BlackwoodsCurse/Library/ScriptAssemblies/Unity.TestTools.CodeCoverage.Editor.OpenCover.Model.dll
Symbol file LoadedFromMemory is not a mono symbol file
Symbol file data-0x324e22c00 doesn't match image /Users/manaralsatrawi/GameDev/Blackwoods-Curse/BlackwoodsCurse/Library/ScriptAssemblies/Unity.Settings.Editor.dll
Symbol file LoadedFromMemory is not a mono symbol file
Symbol file data-0x12b280000 doesn't match image /Users/manaralsatrawi/GameDev/Blackwoods-Curse/BlackwoodsCurse/Library/ScriptAssemblies/Unity.Timeline.Editor.dll
Symbol file LoadedFromMemory is not a mono symbol file
Symbol file data-0x12b2f0000 doesn't match image /Users/manaralsatrawi/GameDev/Blackwoods-Curse/BlackwoodsCurse/Library/ScriptAssemblies/Unity.Timeline.dll
Symbol file LoadedFromMemory is not a mono symbol file
Symbol file data-0x12b408000 doesn't match image /Users/manaralsatrawi/GameDev/Blackwoods-Curse/BlackwoodsCurse/Library/ScriptAssemblies/Unity.VisualScripting.Core.Editor.dll
Symbol file LoadedFromMemory is not a mono symbol file
Symbol file data-0x12b280000 doesn't match image /Users/manaralsatrawi/GameDev/Blackwoods-Curse/BlackwoodsCurse/Library/ScriptAssemblies/Unity.TextMeshPro.dll
Symbol file LoadedFromMemory is not a mono symbol file
Symbol file data-0x12b2f0000 doesn't match image /Users/manaralsatrawi/GameDev/Blackwoods-Curse/BlackwoodsCurse/Library/ScriptAssemblies/Unity.VisualScripting.State.Editor.dll
Symbol file LoadedFromMemory is not a mono symbol file
Symbol file data-0x12b2f0000 doesn't match image /Users/manaralsatrawi/GameDev/Blackwoods-Curse/BlackwoodsCurse/Library/ScriptAssemblies/MerryYellow.CodeAssist.Editor.dll
Symbol file LoadedFromMemory is not a mono symbol file
Symbol file data-0x324e1cc00 doesn't match image /Users/manaralsatrawi/GameDev/Blackwoods-Curse/BlackwoodsCurse/Library/ScriptAssemblies/Unity.CollabProxy.Editor.dll
Symbol file LoadedFromMemory is not a mono symbol file
Symbol file data-0x324e21800 doesn't match image /Users/manaralsatrawi/GameDev/Blackwoods-Curse/BlackwoodsCurse/Library/ScriptAssemblies/Unity.InputSystem.ForUI.dll
Symbol file LoadedFromMemory is not a mono symbol file
Symbol file data-0x3246c3000 doesn't match image /Users/manaralsatrawi/GameDev/Blackwoods-Curse/BlackwoodsCurse/Library/ScriptAssemblies/Unity.VisualScripting.SettingsProvider.Editor.dll
Symbol file LoadedFromMemory is not a mono symbol file
Symbol file data-0x323b4fc00 doesn't match image /Users/manaralsatrawi/GameDev/Blackwoods-Curse/BlackwoodsCurse/Library/ScriptAssemblies/Unity.TestTools.CodeCoverage.Editor.OpenCover.Mono.Reflection.dll
Symbol file LoadedFromMemory is not a mono symbol file
Symbol file data-0x3198e0000 doesn't match image /Users/manaralsatrawi/GameDev/Blackwoods-Curse/BlackwoodsCurse/Library/ScriptAssemblies/Unity.VisualScripting.Flow.dll
Symbol file LoadedFromMemory is not a mono symbol file
Symbol file data-0x12b2f0000 doesn't match image /Users/manaralsatrawi/GameDev/Blackwoods-Curse/BlackwoodsCurse/Library/ScriptAssemblies/UnityEditor.UI.dll
Symbol file LoadedFromMemory is not a mono symbol file
Symbol file data-0x12b630000 doesn't match image /Users/manaralsatrawi/GameDev/Blackwoods-Curse/BlackwoodsCurse/Library/ScriptAssemblies/Unity.InputSystem.dll
Symbol file LoadedFromMemory is not a mono symbol file
Symbol file data-0x12b450000 doesn't match image /Users/manaralsatrawi/GameDev/Blackwoods-Curse/BlackwoodsCurse/Library/ScriptAssemblies/Unity.Rider.Editor.dll
Symbol file LoadedFromMemory is not a mono symbol file
Symbol file data-0x12b6b8000 doesn't match image /Users/manaralsatrawi/GameDev/Blackwoods-Curse/BlackwoodsCurse/Library/ScriptAssemblies/Unity.PlasticSCM.Editor.dll
Symbol file LoadedFromMemory is not a mono symbol file
Symbol file data-0x12b450000 doesn't match image /Users/manaralsatrawi/GameDev/Blackwoods-Curse/BlackwoodsCurse/Library/ScriptAssemblies/Unity.TestTools.CodeCoverage.Editor.dll
Symbol file LoadedFromMemory is not a mono symbol file
Symbol file data-0x12b718000 doesn't match image /Users/manaralsatrawi/GameDev/Blackwoods-Curse/BlackwoodsCurse/Library/ScriptAssemblies/UnityEngine.UI.dll
Symbol file LoadedFromMemory is not a mono symbol file
Symbol file data-0x324e26000 doesn't match image /Users/manaralsatrawi/GameDev/Blackwoods-Curse/BlackwoodsCurse/Library/ScriptAssemblies/Unity.InputSystem.TestFramework.dll
Symbol file LoadedFromMemory is not a mono symbol file
Symbol file data-0x324d54400 doesn't match image /Users/manaralsatrawi/GameDev/Blackwoods-Curse/BlackwoodsCurse/Library/ScriptAssemblies/Unity.VisualScripting.State.dll
Symbol file LoadedFromMemory is not a mono symbol file
Symbol file data-0x12b7c8000 doesn't match image /Users/manaralsatrawi/GameDev/Blackwoods-Curse/BlackwoodsCurse/Library/ScriptAssemblies/Unity.VisualScripting.Core.dll
Symbol file LoadedFromMemory is not a mono symbol file
Symbol file data-0x324e26000 doesn't match image /Users/manaralsatrawi/GameDev/Blackwoods-Curse/BlackwoodsCurse/Library/ScriptAssemblies/Unity.EditorCoroutines.Editor.dll
Symbol file LoadedFromMemory is not a mono symbol file
Native extension for OSXStandalone target not found
Refreshing native plugins compatible for Editor in 0.63 ms, found 2 plugins.
Preloading 0 native plugins for Editor in 0.00 ms.
[Package Manager] Server::EnsureServerProcessIsRunning -- launch failed, reason: Unity was launched with the -noUpm command-line argument
[Package Manager] Cannot connect to Unity Package Manager local server
Mono: successfully reloaded assembly
- Completed reload, in  1.120 seconds
Domain Reload Profiling:
	ReloadAssembly (1120ms)
		BeginReloadAssembly (115ms)
			ExecutionOrderSort (0ms)
			DisableScriptedObjects (3ms)
			BackupInstance (0ms)
			ReleaseScriptingObjects (0ms)
			CreateAndSetChildDomain (46ms)
		EndReloadAssembly (942ms)
			LoadAssemblies (55ms)
			RebuildTransferFunctionScriptingTraits (0ms)
			SetupTypeCache (241ms)
			ReleaseScriptCaches (2ms)
			RebuildScriptCaches (34ms)
			SetupLoadedEditorAssemblies (594ms)
				LogAssemblyErrors (0ms)
				InitializePlatformSupportModulesInManaged (2ms)
				SetLoadedEditorAssemblies (0ms)
				RefreshPlugins (1ms)
				BeforeProcessingInitializeOnLoad (39ms)
				ProcessInitializeOnLoadAttributes (541ms)
				ProcessInitializeOnLoadMethodAttributes (10ms)
				AfterProcessingInitializeOnLoad (1ms)
				EditorAssembliesLoaded (0ms)
			ExecutionOrderSort2 (0ms)
			AwakeInstancesAfterBackupRestoration (2ms)
Platform modules already initialized, skipping
Refreshing native plugins compatible for Editor in 0.51 ms, found 2 plugins.
Preloading 0 native plugins for Editor in 0.00 ms.
Unloading 3509 Unused Serialized files (Serialized files now loaded: 0)
Unloading 34 unused Assets / (22.0 KB). Loaded Objects now: 4082.
Memory consumption went from 211.8 MB to 211.8 MB.
Total: 2.344000 ms (FindLiveObjects: 0.126333 ms CreateObjectMapping: 0.050875 ms MarkObjects: 2.132334 ms  DeleteObjects: 0.033750 ms)

AssetImportParameters requested are different than current active one (requested -> active):
  custom:video-decoder-ogg-theora: a1e56fd34408186e4bbccfd4996cb3dc -> 
  custom:container-muxer-webm: aa71ff27fc2769a1b78a27578f13a17b -> 
  custom:container-demuxer-webm: 4f35f7cbe854078d1ac9338744f61a02 -> 
  custom:video-encoder-webm-vp8: eb34c28f22e8b96e1ab97ce403110664 -> 
  custom:framework-osx-AVFoundation: e770b220cccbd017edd2c1fefb359320 -> 
  custom:CustomObjectIndexerAttribute: bc11b3a6c3213fcdd17b65e7da85e133 -> 
  custom:audio-encoder-webm-vorbis: bf7c407c2cedff20999df2af8eb42d56 -> 
  custom:SearchIndexIgnoredProperties: e643bd26f0fe6173181afceb89e7c659 -> 
  custom:container-demuxer-ogg: 62fdf1f143b41e24485cea50d1cbac27 -> 
  custom:video-decoder-webm-vp8: 9c59270c3fd7afecdb556c50c9e8de78 -> 
  custom:audio-decoder-ogg-vorbis: bf7c407c2cedff20999df2af8eb42d56 -> 
========================================================================
Received Prepare
Registering precompiled user dll's ...
Registered in 0.003027 seconds.
Begin MonoManager ReloadAssembly
Thread 0x16bd27000 may have been prematurely finalized
Symbol file data-0x31a978000 doesn't match image /Users/manaralsatrawi/GameDev/Blackwoods-Curse/BlackwoodsCurse/Library/ScriptAssemblies/Unity.VisualScripting.Flow.Editor.dll
Symbol file LoadedFromMemory is not a mono symbol file
Symbol file data-0x167179600 doesn't match image /Users/manaralsatrawi/GameDev/Blackwoods-Curse/BlackwoodsCurse/Library/ScriptAssemblies/Unity.VSCode.Editor.dll
Symbol file LoadedFromMemory is not a mono symbol file
Symbol file data-0x167182c00 doesn't match image /Users/manaralsatrawi/GameDev/Blackwoods-Curse/BlackwoodsCurse/Library/ScriptAssemblies/Unity.VisualScripting.Shared.Editor.dll
Symbol file LoadedFromMemory is not a mono symbol file
Symbol file data-0x31a9d0000 doesn't match image /Users/manaralsatrawi/GameDev/Blackwoods-Curse/BlackwoodsCurse/Library/ScriptAssemblies/Unity.TextMeshPro.Editor.dll
Symbol file LoadedFromMemory is not a mono symbol file
Symbol file data-0x31a850000 doesn't match image /Users/manaralsatrawi/GameDev/Blackwoods-Curse/BlackwoodsCurse/Library/ScriptAssemblies/Unity.VisualStudio.Editor.dll
Symbol file LoadedFromMemory is not a mono symbol file
Symbol file data-0x31aa10000 doesn't match image /Users/manaralsatrawi/GameDev/Blackwoods-Curse/BlackwoodsCurse/Library/ScriptAssemblies/Unity.Performance.Profile-Analyzer.Editor.dll
Symbol file LoadedFromMemory is not a mono symbol file
Symbol file data-0x167156a00 doesn't match image /Users/manaralsatrawi/GameDev/Blackwoods-Curse/BlackwoodsCurse/Library/ScriptAssemblies/Unity.TestTools.CodeCoverage.Editor.OpenCover.Model.dll
Symbol file LoadedFromMemory is not a mono symbol file
Symbol file data-0x16715ca00 doesn't match image /Users/manaralsatrawi/GameDev/Blackwoods-Curse/BlackwoodsCurse/Library/ScriptAssemblies/Unity.Settings.Editor.dll
Symbol file LoadedFromMemory is not a mono symbol file
Symbol file data-0x31aae8000 doesn't match image /Users/manaralsatrawi/GameDev/Blackwoods-Curse/BlackwoodsCurse/Library/ScriptAssemblies/Unity.Timeline.Editor.dll
Symbol file LoadedFromMemory is not a mono symbol file
Symbol file data-0x31ab58000 doesn't match image /Users/manaralsatrawi/GameDev/Blackwoods-Curse/BlackwoodsCurse/Library/ScriptAssemblies/Unity.Timeline.dll
Symbol file LoadedFromMemory is not a mono symbol file
Symbol file data-0x31ac70000 doesn't match image /Users/manaralsatrawi/GameDev/Blackwoods-Curse/BlackwoodsCurse/Library/ScriptAssemblies/Unity.VisualScripting.Core.Editor.dll
Symbol file LoadedFromMemory is not a mono symbol file
Symbol file data-0x31aae8000 doesn't match image /Users/manaralsatrawi/GameDev/Blackwoods-Curse/BlackwoodsCurse/Library/ScriptAssemblies/Unity.TextMeshPro.dll
Symbol file LoadedFromMemory is not a mono symbol file
Symbol file data-0x31ab58000 doesn't match image /Users/manaralsatrawi/GameDev/Blackwoods-Curse/BlackwoodsCurse/Library/ScriptAssemblies/Unity.VisualScripting.State.Editor.dll
Symbol file LoadedFromMemory is not a mono symbol file
Symbol file data-0x31ab58000 doesn't match image /Users/manaralsatrawi/GameDev/Blackwoods-Curse/BlackwoodsCurse/Library/ScriptAssemblies/MerryYellow.CodeAssist.Editor.dll
Symbol file LoadedFromMemory is not a mono symbol file
Symbol file data-0x13683ae00 doesn't match image /Users/manaralsatrawi/GameDev/Blackwoods-Curse/BlackwoodsCurse/Library/ScriptAssemblies/Unity.CollabProxy.Editor.dll
Symbol file LoadedFromMemory is not a mono symbol file
Symbol file data-0x1368a2c00 doesn't match image /Users/manaralsatrawi/GameDev/Blackwoods-Curse/BlackwoodsCurse/Library/ScriptAssemblies/Unity.InputSystem.ForUI.dll
Symbol file LoadedFromMemory is not a mono symbol file
Symbol file data-0x136e34c00 doesn't match image /Users/manaralsatrawi/GameDev/Blackwoods-Curse/BlackwoodsCurse/Library/ScriptAssemblies/Unity.VisualScripting.SettingsProvider.Editor.dll
Symbol file LoadedFromMemory is not a mono symbol file
Symbol file data-0x136e34c00 doesn't match image /Users/manaralsatrawi/GameDev/Blackwoods-Curse/BlackwoodsCurse/Library/ScriptAssemblies/Unity.TestTools.CodeCoverage.Editor.OpenCover.Mono.Reflection.dll
Symbol file LoadedFromMemory is not a mono symbol file
Symbol file data-0x148048000 doesn't match image /Users/manaralsatrawi/GameDev/Blackwoods-Curse/BlackwoodsCurse/Library/ScriptAssemblies/Unity.VisualScripting.Flow.dll
Symbol file LoadedFromMemory is not a mono symbol file
Symbol file data-0x350008000 doesn't match image /Users/manaralsatrawi/GameDev/Blackwoods-Curse/BlackwoodsCurse/Library/ScriptAssemblies/UnityEditor.UI.dll
Symbol file LoadedFromMemory is not a mono symbol file
Symbol file data-0x348060000 doesn't match image /Users/manaralsatrawi/GameDev/Blackwoods-Curse/BlackwoodsCurse/Library/ScriptAssemblies/Unity.InputSystem.dll
Symbol file LoadedFromMemory is not a mono symbol file
Symbol file data-0x1506e8000 doesn't match image /Users/manaralsatrawi/GameDev/Blackwoods-Curse/BlackwoodsCurse/Library/ScriptAssemblies/Unity.Rider.Editor.dll
Symbol file LoadedFromMemory is not a mono symbol file
Symbol file data-0x150040000 doesn't match image /Users/manaralsatrawi/GameDev/Blackwoods-Curse/BlackwoodsCurse/Library/ScriptAssemblies/Unity.PlasticSCM.Editor.dll
Symbol file LoadedFromMemory is not a mono symbol file
Symbol file data-0x1500a0000 doesn't match image /Users/manaralsatrawi/GameDev/Blackwoods-Curse/BlackwoodsCurse/Library/ScriptAssemblies/Unity.TestTools.CodeCoverage.Editor.dll
Symbol file LoadedFromMemory is not a mono symbol file
Symbol file data-0x1500b0000 doesn't match image /Users/manaralsatrawi/GameDev/Blackwoods-Curse/BlackwoodsCurse/Library/ScriptAssemblies/UnityEngine.UI.dll
Symbol file LoadedFromMemory is not a mono symbol file
Symbol file data-0x135244800 doesn't match image /Users/manaralsatrawi/GameDev/Blackwoods-Curse/BlackwoodsCurse/Library/ScriptAssemblies/Unity.InputSystem.TestFramework.dll
Symbol file LoadedFromMemory is not a mono symbol file
Symbol file data-0x1351d0e00 doesn't match image /Users/manaralsatrawi/GameDev/Blackwoods-Curse/BlackwoodsCurse/Library/ScriptAssemblies/Unity.VisualScripting.State.dll
Symbol file LoadedFromMemory is not a mono symbol file
Symbol file data-0x150160000 doesn't match image /Users/manaralsatrawi/GameDev/Blackwoods-Curse/BlackwoodsCurse/Library/ScriptAssemblies/Unity.VisualScripting.Core.dll
Symbol file LoadedFromMemory is not a mono symbol file
Symbol file data-0x1355ef000 doesn't match image /Users/manaralsatrawi/GameDev/Blackwoods-Curse/BlackwoodsCurse/Library/ScriptAssemblies/Unity.EditorCoroutines.Editor.dll
Symbol file LoadedFromMemory is not a mono symbol file
Native extension for OSXStandalone target not found
Refreshing native plugins compatible for Editor in 0.42 ms, found 2 plugins.
Preloading 0 native plugins for Editor in 0.00 ms.
[Package Manager] Server::EnsureServerProcessIsRunning -- launch failed, reason: Unity was launched with the -noUpm command-line argument
[Package Manager] Cannot connect to Unity Package Manager local server
Mono: successfully reloaded assembly
- Completed reload, in  1.107 seconds
Domain Reload Profiling:
	ReloadAssembly (1108ms)
		BeginReloadAssembly (118ms)
			ExecutionOrderSort (0ms)
			DisableScriptedObjects (3ms)
			BackupInstance (0ms)
			ReleaseScriptingObjects (0ms)
			CreateAndSetChildDomain (50ms)
		EndReloadAssembly (929ms)
			LoadAssemblies (58ms)
			RebuildTransferFunctionScriptingTraits (0ms)
			SetupTypeCache (211ms)
			ReleaseScriptCaches (2ms)
			RebuildScriptCaches (34ms)
			SetupLoadedEditorAssemblies (592ms)
				LogAssemblyErrors (0ms)
				InitializePlatformSupportModulesInManaged (2ms)
				SetLoadedEditorAssemblies (0ms)
				RefreshPlugins (0ms)
				BeforeProcessingInitializeOnLoad (38ms)
				ProcessInitializeOnLoadAttributes (540ms)
				ProcessInitializeOnLoadMethodAttributes (10ms)
				AfterProcessingInitializeOnLoad (1ms)
				EditorAssembliesLoaded (0ms)
			ExecutionOrderSort2 (0ms)
			AwakeInstancesAfterBackupRestoration (2ms)
Platform modules already initialized, skipping
Refreshing native plugins compatible for Editor in 0.52 ms, found 2 plugins.
Preloading 0 native plugins for Editor in 0.00 ms.
Unloading 3509 Unused Serialized files (Serialized files now loaded: 0)
Unloading 34 unused Assets / (22.0 KB). Loaded Objects now: 4085.
Memory consumption went from 211.8 MB to 211.8 MB.
Total: 2.188791 ms (FindLiveObjects: 0.126625 ms CreateObjectMapping: 0.044041 ms MarkObjects: 1.994000 ms  DeleteObjects: 0.023209 ms)

AssetImportParameters requested are different than current active one (requested -> active):
  custom:video-decoder-ogg-theora: a1e56fd34408186e4bbccfd4996cb3dc -> 
  custom:container-muxer-webm: aa71ff27fc2769a1b78a27578f13a17b -> 
  custom:container-demuxer-webm: 4f35f7cbe854078d1ac9338744f61a02 -> 
  custom:video-encoder-webm-vp8: eb34c28f22e8b96e1ab97ce403110664 -> 
  custom:framework-osx-AVFoundation: e770b220cccbd017edd2c1fefb359320 -> 
  custom:CustomObjectIndexerAttribute: bc11b3a6c3213fcdd17b65e7da85e133 -> 
  custom:audio-encoder-webm-vorbis: bf7c407c2cedff20999df2af8eb42d56 -> 
  custom:SearchIndexIgnoredProperties: e643bd26f0fe6173181afceb89e7c659 -> 
  custom:container-demuxer-ogg: 62fdf1f143b41e24485cea50d1cbac27 -> 
  custom:video-decoder-webm-vp8: 9c59270c3fd7afecdb556c50c9e8de78 -> 
  custom:audio-decoder-ogg-vorbis: bf7c407c2cedff20999df2af8eb42d56 -> 
========================================================================
Received Import Request.
  Time since last request: 3721.458766 seconds.
  path: Assets/Horror_Mansion/VFX/Point.tga
  artifactKey: Guid(39e1fd1f01991544a9da068d23272f7d) Importer(815301076,1909f56bfc062723c751e8b465ee728b)
Number of updated assets reloaded before import = 0
Start importing Assets/Horror_Mansion/VFX/Point.tga using Guid(39e1fd1f01991544a9da068d23272f7d) Importer(815301076,1909f56bfc062723c751e8b465ee728b)  -> (artifact id: 'be74c8cac8d7b48515d3a0a1d5cc0f4e') in 0.369426 seconds 
Number of asset objects unloaded after import = 2
========================================================================
Received Import Request.
  Time since last request: 0.000078 seconds.
  path: Assets/Horror_Mansion/Textures/House/Roof/Roof_N.tga
  artifactKey: Guid(141ca8fc21ee76f4d85650e87824d84a) Importer(815301076,1909f56bfc062723c751e8b465ee728b)
Number of updated assets reloaded before import = 0
Start importing Assets/Horror_Mansion/Textures/House/Roof/Roof_N.tga using Guid(141ca8fc21ee76f4d85650e87824d84a) Importer(815301076,1909f56bfc062723c751e8b465ee728b)  -> (artifact id: '4bb1d9f6d7c02c8e1b50de5a9eb16d54') in 0.168509 seconds 
Number of asset objects unloaded after import = 2
========================================================================
Received Prepare
Registering precompiled user dll's ...
Registered in 0.002334 seconds.
Begin MonoManager ReloadAssembly
Thread 0x16bd27000 may have been prematurely finalized
Symbol file data-0x31ad10000 doesn't match image /Users/manaralsatrawi/GameDev/Blackwoods-Curse/BlackwoodsCurse/Library/ScriptAssemblies/Unity.VisualScripting.Flow.Editor.dll
Symbol file LoadedFromMemory is not a mono symbol file
Symbol file data-0x3246f5600 doesn't match image /Users/manaralsatrawi/GameDev/Blackwoods-Curse/BlackwoodsCurse/Library/ScriptAssemblies/Unity.VSCode.Editor.dll
Symbol file LoadedFromMemory is not a mono symbol file
Symbol file data-0x3246fec00 doesn't match image /Users/manaralsatrawi/GameDev/Blackwoods-Curse/BlackwoodsCurse/Library/ScriptAssemblies/Unity.VisualScripting.Shared.Editor.dll
Symbol file LoadedFromMemory is not a mono symbol file
Symbol file data-0x128f00000 doesn't match image /Users/manaralsatrawi/GameDev/Blackwoods-Curse/BlackwoodsCurse/Library/ScriptAssemblies/Unity.TextMeshPro.Editor.dll
Symbol file LoadedFromMemory is not a mono symbol file
Symbol file data-0x1500c0000 doesn't match image /Users/manaralsatrawi/GameDev/Blackwoods-Curse/BlackwoodsCurse/Library/ScriptAssemblies/Unity.VisualStudio.Editor.dll
Symbol file LoadedFromMemory is not a mono symbol file
Symbol file data-0x150248000 doesn't match image /Users/manaralsatrawi/GameDev/Blackwoods-Curse/BlackwoodsCurse/Library/ScriptAssemblies/Unity.Performance.Profile-Analyzer.Editor.dll
Symbol file LoadedFromMemory is not a mono symbol file
Symbol file data-0x13575ae00 doesn't match image /Users/manaralsatrawi/GameDev/Blackwoods-Curse/BlackwoodsCurse/Library/ScriptAssemblies/Unity.TestTools.CodeCoverage.Editor.OpenCover.Model.dll
Symbol file LoadedFromMemory is not a mono symbol file
Symbol file data-0x135760e00 doesn't match image /Users/manaralsatrawi/GameDev/Blackwoods-Curse/BlackwoodsCurse/Library/ScriptAssemblies/Unity.Settings.Editor.dll
Symbol file LoadedFromMemory is not a mono symbol file
Symbol file data-0x3481c8000 doesn't match image /Users/manaralsatrawi/GameDev/Blackwoods-Curse/BlackwoodsCurse/Library/ScriptAssemblies/Unity.Timeline.Editor.dll
Symbol file LoadedFromMemory is not a mono symbol file
Symbol file data-0x348210000 doesn't match image /Users/manaralsatrawi/GameDev/Blackwoods-Curse/BlackwoodsCurse/Library/ScriptAssemblies/Unity.Timeline.dll
Symbol file LoadedFromMemory is not a mono symbol file
Symbol file data-0x348328000 doesn't match image /Users/manaralsatrawi/GameDev/Blackwoods-Curse/BlackwoodsCurse/Library/ScriptAssemblies/Unity.VisualScripting.Core.Editor.dll
Symbol file LoadedFromMemory is not a mono symbol file
Symbol file data-0x348380000 doesn't match image /Users/manaralsatrawi/GameDev/Blackwoods-Curse/BlackwoodsCurse/Library/ScriptAssemblies/Unity.TextMeshPro.dll
Symbol file LoadedFromMemory is not a mono symbol file
Symbol file data-0x348340000 doesn't match image /Users/manaralsatrawi/GameDev/Blackwoods-Curse/BlackwoodsCurse/Library/ScriptAssemblies/Unity.VisualScripting.State.Editor.dll
Symbol file LoadedFromMemory is not a mono symbol file
Symbol file data-0x348340000 doesn't match image /Users/manaralsatrawi/GameDev/Blackwoods-Curse/BlackwoodsCurse/Library/ScriptAssemblies/MerryYellow.CodeAssist.Editor.dll
Symbol file LoadedFromMemory is not a mono symbol file
Symbol file data-0x323e90c00 doesn't match image /Users/manaralsatrawi/GameDev/Blackwoods-Curse/BlackwoodsCurse/Library/ScriptAssemblies/Unity.CollabProxy.Editor.dll
Symbol file LoadedFromMemory is not a mono symbol file
Symbol file data-0x323e8aa00 doesn't match image /Users/manaralsatrawi/GameDev/Blackwoods-Curse/BlackwoodsCurse/Library/ScriptAssemblies/Unity.InputSystem.ForUI.dll
Symbol file LoadedFromMemory is not a mono symbol file
Symbol file data-0x323e94800 doesn't match image /Users/manaralsatrawi/GameDev/Blackwoods-Curse/BlackwoodsCurse/Library/ScriptAssemblies/Unity.VisualScripting.SettingsProvider.Editor.dll
Symbol file LoadedFromMemory is not a mono symbol file
Symbol file data-0x323e94800 doesn't match image /Users/manaralsatrawi/GameDev/Blackwoods-Curse/BlackwoodsCurse/Library/ScriptAssemblies/Unity.TestTools.CodeCoverage.Editor.OpenCover.Mono.Reflection.dll
Symbol file LoadedFromMemory is not a mono symbol file
Symbol file data-0x348410000 doesn't match image /Users/manaralsatrawi/GameDev/Blackwoods-Curse/BlackwoodsCurse/Library/ScriptAssemblies/Unity.VisualScripting.Flow.dll
Symbol file LoadedFromMemory is not a mono symbol file
Symbol file data-0x348340000 doesn't match image /Users/manaralsatrawi/GameDev/Blackwoods-Curse/BlackwoodsCurse/Library/ScriptAssemblies/UnityEditor.UI.dll
Symbol file LoadedFromMemory is not a mono symbol file
Symbol file data-0x3485c8000 doesn't match image /Users/manaralsatrawi/GameDev/Blackwoods-Curse/BlackwoodsCurse/Library/ScriptAssemblies/Unity.InputSystem.dll
Symbol file LoadedFromMemory is not a mono symbol file
Symbol file data-0x348340000 doesn't match image /Users/manaralsatrawi/GameDev/Blackwoods-Curse/BlackwoodsCurse/Library/ScriptAssemblies/Unity.Rider.Editor.dll
Symbol file LoadedFromMemory is not a mono symbol file
Symbol file data-0x348650000 doesn't match image /Users/manaralsatrawi/GameDev/Blackwoods-Curse/BlackwoodsCurse/Library/ScriptAssemblies/Unity.PlasticSCM.Editor.dll
Symbol file LoadedFromMemory is not a mono symbol file
Symbol file data-0x348340000 doesn't match image /Users/manaralsatrawi/GameDev/Blackwoods-Curse/BlackwoodsCurse/Library/ScriptAssemblies/Unity.TestTools.CodeCoverage.Editor.dll
Symbol file LoadedFromMemory is not a mono symbol file
Symbol file data-0x3486b0000 doesn't match image /Users/manaralsatrawi/GameDev/Blackwoods-Curse/BlackwoodsCurse/Library/ScriptAssemblies/UnityEngine.UI.dll
Symbol file LoadedFromMemory is not a mono symbol file
Symbol file data-0x323e95800 doesn't match image /Users/manaralsatrawi/GameDev/Blackwoods-Curse/BlackwoodsCurse/Library/ScriptAssemblies/Unity.InputSystem.TestFramework.dll
Symbol file LoadedFromMemory is not a mono symbol file
Symbol file data-0x323ea2800 doesn't match image /Users/manaralsatrawi/GameDev/Blackwoods-Curse/BlackwoodsCurse/Library/ScriptAssemblies/Unity.VisualScripting.State.dll
Symbol file LoadedFromMemory is not a mono symbol file
Symbol file data-0x348760000 doesn't match image /Users/manaralsatrawi/GameDev/Blackwoods-Curse/BlackwoodsCurse/Library/ScriptAssemblies/Unity.VisualScripting.Core.dll
Symbol file LoadedFromMemory is not a mono symbol file
Symbol file data-0x323e95800 doesn't match image /Users/manaralsatrawi/GameDev/Blackwoods-Curse/BlackwoodsCurse/Library/ScriptAssemblies/Unity.EditorCoroutines.Editor.dll
Symbol file LoadedFromMemory is not a mono symbol file
Native extension for OSXStandalone target not found
Refreshing native plugins compatible for Editor in 4.06 ms, found 2 plugins.
Preloading 0 native plugins for Editor in 0.00 ms.
[Package Manager] Server::EnsureServerProcessIsRunning -- launch failed, reason: Unity was launched with the -noUpm command-line argument
[Package Manager] Cannot connect to Unity Package Manager local server
Mono: successfully reloaded assembly
- Completed reload, in  1.245 seconds
Domain Reload Profiling:
	ReloadAssembly (1245ms)
		BeginReloadAssembly (222ms)
			ExecutionOrderSort (0ms)
			DisableScriptedObjects (4ms)
			BackupInstance (0ms)
			ReleaseScriptingObjects (0ms)
			CreateAndSetChildDomain (119ms)
		EndReloadAssembly (948ms)
			LoadAssemblies (80ms)
			RebuildTransferFunctionScriptingTraits (0ms)
			SetupTypeCache (243ms)
			ReleaseScriptCaches (3ms)
			RebuildScriptCaches (32ms)
			SetupLoadedEditorAssemblies (589ms)
				LogAssemblyErrors (0ms)
				InitializePlatformSupportModulesInManaged (3ms)
				SetLoadedEditorAssemblies (2ms)
				RefreshPlugins (4ms)
				BeforeProcessingInitializeOnLoad (55ms)
				ProcessInitializeOnLoadAttributes (514ms)
				ProcessInitializeOnLoadMethodAttributes (11ms)
				AfterProcessingInitializeOnLoad (1ms)
				EditorAssembliesLoaded (0ms)
			ExecutionOrderSort2 (0ms)
			AwakeInstancesAfterBackupRestoration (2ms)
Platform modules already initialized, skipping
Refreshing native plugins compatible for Editor in 0.55 ms, found 2 plugins.
Preloading 0 native plugins for Editor in 0.00 ms.
Unloading 3509 Unused Serialized files (Serialized files now loaded: 0)
Unloading 34 unused Assets / (22.0 KB). Loaded Objects now: 4094.
Memory consumption went from 218.0 MB to 218.0 MB.
Total: 2.305750 ms (FindLiveObjects: 0.151084 ms CreateObjectMapping: 0.046291 ms MarkObjects: 2.074875 ms  DeleteObjects: 0.032833 ms)

AssetImportParameters requested are different than current active one (requested -> active):
  custom:video-decoder-ogg-theora: a1e56fd34408186e4bbccfd4996cb3dc -> 
  custom:container-muxer-webm: aa71ff27fc2769a1b78a27578f13a17b -> 
  custom:container-demuxer-webm: 4f35f7cbe854078d1ac9338744f61a02 -> 
  custom:video-encoder-webm-vp8: eb34c28f22e8b96e1ab97ce403110664 -> 
  custom:framework-osx-AVFoundation: e770b220cccbd017edd2c1fefb359320 -> 
  custom:CustomObjectIndexerAttribute: bc11b3a6c3213fcdd17b65e7da85e133 -> 
  custom:audio-encoder-webm-vorbis: bf7c407c2cedff20999df2af8eb42d56 -> 
  custom:SearchIndexIgnoredProperties: e643bd26f0fe6173181afceb89e7c659 -> 
  custom:container-demuxer-ogg: 62fdf1f143b41e24485cea50d1cbac27 -> 
  custom:video-decoder-webm-vp8: 9c59270c3fd7afecdb556c50c9e8de78 -> 
  custom:audio-decoder-ogg-vorbis: bf7c407c2cedff20999df2af8eb42d56 -> 
Editor requested this worker to shutdown with reason: Scaling down because of idle timeout
AssetImportWorker is now disconnected from the server
Process exiting
